//! Generated by tools/gen_regexp_unicode_tables.py from the
//! pinned test262 fixtures (Unicode v17). Do not edit by hand.
//!
//! The code point set of each `\p{...}` escape the fixtures test,
//! as encoded in `property-escapes/generated/*.js`.
#![allow(clippy::unreadable_literal)]

/// `\p{ASCII}` (from the test262 fixtures).
pub const ASCII: &[(u32, u32)] = &[
    (0x0000, 0x007F),
];

/// `\p{ASCII_Hex_Digit}` (from the test262 fixtures).
pub const ASCII_HEX_DIGIT: &[(u32, u32)] = &[
    (0x0030, 0x0039),
    (0x0041, 0x0046),
    (0x0061, 0x0066),
];

/// `\p{Alphabetic}` (from the test262 fixtures).
pub const ALPHABETIC: &[(u32, u32)] = &[
    (0x0041, 0x005A),
    (0x0061, 0x007A),
    (0x00AA, 0x00AA),
    (0x00B5, 0x00B5),
    (0x00BA, 0x00BA),
    (0x00C0, 0x00D6),
    (0x00D8, 0x00F6),
    (0x00F8, 0x02C1),
    (0x02C6, 0x02D1),
    (0x02E0, 0x02E4),
    (0x02EC, 0x02EC),
    (0x02EE, 0x02EE),
    (0x0345, 0x0345),
    (0x0363, 0x0374),
    (0x0376, 0x0377),
    (0x037A, 0x037D),
    (0x037F, 0x037F),
    (0x0386, 0x0386),
    (0x0388, 0x038A),
    (0x038C, 0x038C),
    (0x038E, 0x03A1),
    (0x03A3, 0x03F5),
    (0x03F7, 0x0481),
    (0x048A, 0x052F),
    (0x0531, 0x0556),
    (0x0559, 0x0559),
    (0x0560, 0x0588),
    (0x05B0, 0x05BD),
    (0x05BF, 0x05BF),
    (0x05C1, 0x05C2),
    (0x05C4, 0x05C5),
    (0x05C7, 0x05C7),
    (0x05D0, 0x05EA),
    (0x05EF, 0x05F2),
    (0x0610, 0x061A),
    (0x0620, 0x0657),
    (0x0659, 0x065F),
    (0x066E, 0x06D3),
    (0x06D5, 0x06DC),
    (0x06E1, 0x06E8),
    (0x06ED, 0x06EF),
    (0x06FA, 0x06FC),
    (0x06FF, 0x06FF),
    (0x0710, 0x073F),
    (0x074D, 0x07B1),
    (0x07CA, 0x07EA),
    (0x07F4, 0x07F5),
    (0x07FA, 0x07FA),
    (0x0800, 0x0817),
    (0x081A, 0x082C),
    (0x0840, 0x0858),
    (0x0860, 0x086A),
    (0x0870, 0x0887),
    (0x0889, 0x088F),
    (0x0897, 0x0897),
    (0x08A0, 0x08C9),
    (0x08D4, 0x08DF),
    (0x08E3, 0x08E9),
    (0x08F0, 0x093B),
    (0x093D, 0x094C),
    (0x094E, 0x0950),
    (0x0955, 0x0963),
    (0x0971, 0x0983),
    (0x0985, 0x098C),
    (0x098F, 0x0990),
    (0x0993, 0x09A8),
    (0x09AA, 0x09B0),
    (0x09B2, 0x09B2),
    (0x09B6, 0x09B9),
    (0x09BD, 0x09C4),
    (0x09C7, 0x09C8),
    (0x09CB, 0x09CC),
    (0x09CE, 0x09CE),
    (0x09D7, 0x09D7),
    (0x09DC, 0x09DD),
    (0x09DF, 0x09E3),
    (0x09F0, 0x09F1),
    (0x09FC, 0x09FC),
    (0x0A01, 0x0A03),
    (0x0A05, 0x0A0A),
    (0x0A0F, 0x0A10),
    (0x0A13, 0x0A28),
    (0x0A2A, 0x0A30),
    (0x0A32, 0x0A33),
    (0x0A35, 0x0A36),
    (0x0A38, 0x0A39),
    (0x0A3E, 0x0A42),
    (0x0A47, 0x0A48),
    (0x0A4B, 0x0A4C),
    (0x0A51, 0x0A51),
    (0x0A59, 0x0A5C),
    (0x0A5E, 0x0A5E),
    (0x0A70, 0x0A75),
    (0x0A81, 0x0A83),
    (0x0A85, 0x0A8D),
    (0x0A8F, 0x0A91),
    (0x0A93, 0x0AA8),
    (0x0AAA, 0x0AB0),
    (0x0AB2, 0x0AB3),
    (0x0AB5, 0x0AB9),
    (0x0ABD, 0x0AC5),
    (0x0AC7, 0x0AC9),
    (0x0ACB, 0x0ACC),
    (0x0AD0, 0x0AD0),
    (0x0AE0, 0x0AE3),
    (0x0AF9, 0x0AFC),
    (0x0B01, 0x0B03),
    (0x0B05, 0x0B0C),
    (0x0B0F, 0x0B10),
    (0x0B13, 0x0B28),
    (0x0B2A, 0x0B30),
    (0x0B32, 0x0B33),
    (0x0B35, 0x0B39),
    (0x0B3D, 0x0B44),
    (0x0B47, 0x0B48),
    (0x0B4B, 0x0B4C),
    (0x0B56, 0x0B57),
    (0x0B5C, 0x0B5D),
    (0x0B5F, 0x0B63),
    (0x0B71, 0x0B71),
    (0x0B82, 0x0B83),
    (0x0B85, 0x0B8A),
    (0x0B8E, 0x0B90),
    (0x0B92, 0x0B95),
    (0x0B99, 0x0B9A),
    (0x0B9C, 0x0B9C),
    (0x0B9E, 0x0B9F),
    (0x0BA3, 0x0BA4),
    (0x0BA8, 0x0BAA),
    (0x0BAE, 0x0BB9),
    (0x0BBE, 0x0BC2),
    (0x0BC6, 0x0BC8),
    (0x0BCA, 0x0BCC),
    (0x0BD0, 0x0BD0),
    (0x0BD7, 0x0BD7),
    (0x0C00, 0x0C0C),
    (0x0C0E, 0x0C10),
    (0x0C12, 0x0C28),
    (0x0C2A, 0x0C39),
    (0x0C3D, 0x0C44),
    (0x0C46, 0x0C48),
    (0x0C4A, 0x0C4C),
    (0x0C55, 0x0C56),
    (0x0C58, 0x0C5A),
    (0x0C5C, 0x0C5D),
    (0x0C60, 0x0C63),
    (0x0C80, 0x0C83),
    (0x0C85, 0x0C8C),
    (0x0C8E, 0x0C90),
    (0x0C92, 0x0CA8),
    (0x0CAA, 0x0CB3),
    (0x0CB5, 0x0CB9),
    (0x0CBD, 0x0CC4),
    (0x0CC6, 0x0CC8),
    (0x0CCA, 0x0CCC),
    (0x0CD5, 0x0CD6),
    (0x0CDC, 0x0CDE),
    (0x0CE0, 0x0CE3),
    (0x0CF1, 0x0CF3),
    (0x0D00, 0x0D0C),
    (0x0D0E, 0x0D10),
    (0x0D12, 0x0D3A),
    (0x0D3D, 0x0D44),
    (0x0D46, 0x0D48),
    (0x0D4A, 0x0D4C),
    (0x0D4E, 0x0D4E),
    (0x0D54, 0x0D57),
    (0x0D5F, 0x0D63),
    (0x0D7A, 0x0D7F),
    (0x0D81, 0x0D83),
    (0x0D85, 0x0D96),
    (0x0D9A, 0x0DB1),
    (0x0DB3, 0x0DBB),
    (0x0DBD, 0x0DBD),
    (0x0DC0, 0x0DC6),
    (0x0DCF, 0x0DD4),
    (0x0DD6, 0x0DD6),
    (0x0DD8, 0x0DDF),
    (0x0DF2, 0x0DF3),
    (0x0E01, 0x0E3A),
    (0x0E40, 0x0E46),
    (0x0E4D, 0x0E4D),
    (0x0E81, 0x0E82),
    (0x0E84, 0x0E84),
    (0x0E86, 0x0E8A),
    (0x0E8C, 0x0EA3),
    (0x0EA5, 0x0EA5),
    (0x0EA7, 0x0EB9),
    (0x0EBB, 0x0EBD),
    (0x0EC0, 0x0EC4),
    (0x0EC6, 0x0EC6),
    (0x0ECD, 0x0ECD),
    (0x0EDC, 0x0EDF),
    (0x0F00, 0x0F00),
    (0x0F40, 0x0F47),
    (0x0F49, 0x0F6C),
    (0x0F71, 0x0F83),
    (0x0F88, 0x0F97),
    (0x0F99, 0x0FBC),
    (0x1000, 0x1036),
    (0x1038, 0x1038),
    (0x103B, 0x103F),
    (0x1050, 0x108F),
    (0x109A, 0x109D),
    (0x10A0, 0x10C5),
    (0x10C7, 0x10C7),
    (0x10CD, 0x10CD),
    (0x10D0, 0x10FA),
    (0x10FC, 0x1248),
    (0x124A, 0x124D),
    (0x1250, 0x1256),
    (0x1258, 0x1258),
    (0x125A, 0x125D),
    (0x1260, 0x1288),
    (0x128A, 0x128D),
    (0x1290, 0x12B0),
    (0x12B2, 0x12B5),
    (0x12B8, 0x12BE),
    (0x12C0, 0x12C0),
    (0x12C2, 0x12C5),
    (0x12C8, 0x12D6),
    (0x12D8, 0x1310),
    (0x1312, 0x1315),
    (0x1318, 0x135A),
    (0x1380, 0x138F),
    (0x13A0, 0x13F5),
    (0x13F8, 0x13FD),
    (0x1401, 0x166C),
    (0x166F, 0x167F),
    (0x1681, 0x169A),
    (0x16A0, 0x16EA),
    (0x16EE, 0x16F8),
    (0x1700, 0x1713),
    (0x171F, 0x1733),
    (0x1740, 0x1753),
    (0x1760, 0x176C),
    (0x176E, 0x1770),
    (0x1772, 0x1773),
    (0x1780, 0x17B3),
    (0x17B6, 0x17C8),
    (0x17D7, 0x17D7),
    (0x17DC, 0x17DC),
    (0x1820, 0x1878),
    (0x1880, 0x18AA),
    (0x18B0, 0x18F5),
    (0x1900, 0x191E),
    (0x1920, 0x192B),
    (0x1930, 0x1938),
    (0x1950, 0x196D),
    (0x1970, 0x1974),
    (0x1980, 0x19AB),
    (0x19B0, 0x19C9),
    (0x1A00, 0x1A1B),
    (0x1A20, 0x1A5E),
    (0x1A61, 0x1A74),
    (0x1AA7, 0x1AA7),
    (0x1ABF, 0x1AC0),
    (0x1ACC, 0x1ACE),
    (0x1B00, 0x1B33),
    (0x1B35, 0x1B43),
    (0x1B45, 0x1B4C),
    (0x1B80, 0x1BA9),
    (0x1BAC, 0x1BAF),
    (0x1BBA, 0x1BE5),
    (0x1BE7, 0x1BF1),
    (0x1C00, 0x1C36),
    (0x1C4D, 0x1C4F),
    (0x1C5A, 0x1C7D),
    (0x1C80, 0x1C8A),
    (0x1C90, 0x1CBA),
    (0x1CBD, 0x1CBF),
    (0x1CE9, 0x1CEC),
    (0x1CEE, 0x1CF3),
    (0x1CF5, 0x1CF6),
    (0x1CFA, 0x1CFA),
    (0x1D00, 0x1DBF),
    (0x1DD3, 0x1DF4),
    (0x1E00, 0x1F15),
    (0x1F18, 0x1F1D),
    (0x1F20, 0x1F45),
    (0x1F48, 0x1F4D),
    (0x1F50, 0x1F57),
    (0x1F59, 0x1F59),
    (0x1F5B, 0x1F5B),
    (0x1F5D, 0x1F5D),
    (0x1F5F, 0x1F7D),
    (0x1F80, 0x1FB4),
    (0x1FB6, 0x1FBC),
    (0x1FBE, 0x1FBE),
    (0x1FC2, 0x1FC4),
    (0x1FC6, 0x1FCC),
    (0x1FD0, 0x1FD3),
    (0x1FD6, 0x1FDB),
    (0x1FE0, 0x1FEC),
    (0x1FF2, 0x1FF4),
    (0x1FF6, 0x1FFC),
    (0x2071, 0x2071),
    (0x207F, 0x207F),
    (0x2090, 0x209C),
    (0x2102, 0x2102),
    (0x2107, 0x2107),
    (0x210A, 0x2113),
    (0x2115, 0x2115),
    (0x2119, 0x211D),
    (0x2124, 0x2124),
    (0x2126, 0x2126),
    (0x2128, 0x2128),
    (0x212A, 0x212D),
    (0x212F, 0x2139),
    (0x213C, 0x213F),
    (0x2145, 0x2149),
    (0x214E, 0x214E),
    (0x2160, 0x2188),
    (0x24B6, 0x24E9),
    (0x2C00, 0x2CE4),
    (0x2CEB, 0x2CEE),
    (0x2CF2, 0x2CF3),
    (0x2D00, 0x2D25),
    (0x2D27, 0x2D27),
    (0x2D2D, 0x2D2D),
    (0x2D30, 0x2D67),
    (0x2D6F, 0x2D6F),
    (0x2D80, 0x2D96),
    (0x2DA0, 0x2DA6),
    (0x2DA8, 0x2DAE),
    (0x2DB0, 0x2DB6),
    (0x2DB8, 0x2DBE),
    (0x2DC0, 0x2DC6),
    (0x2DC8, 0x2DCE),
    (0x2DD0, 0x2DD6),
    (0x2DD8, 0x2DDE),
    (0x2DE0, 0x2DFF),
    (0x2E2F, 0x2E2F),
    (0x3005, 0x3007),
    (0x3021, 0x3029),
    (0x3031, 0x3035),
    (0x3038, 0x303C),
    (0x3041, 0x3096),
    (0x309D, 0x309F),
    (0x30A1, 0x30FA),
    (0x30FC, 0x30FF),
    (0x3105, 0x312F),
    (0x3131, 0x318E),
    (0x31A0, 0x31BF),
    (0x31F0, 0x31FF),
    (0x3400, 0x4DBF),
    (0x4E00, 0xA48C),
    (0xA4D0, 0xA4FD),
    (0xA500, 0xA60C),
    (0xA610, 0xA61F),
    (0xA62A, 0xA62B),
    (0xA640, 0xA66E),
    (0xA674, 0xA67B),
    (0xA67F, 0xA6EF),
    (0xA717, 0xA71F),
    (0xA722, 0xA788),
    (0xA78B, 0xA7DC),
    (0xA7F1, 0xA805),
    (0xA807, 0xA827),
    (0xA840, 0xA873),
    (0xA880, 0xA8C3),
    (0xA8C5, 0xA8C5),
    (0xA8F2, 0xA8F7),
    (0xA8FB, 0xA8FB),
    (0xA8FD, 0xA8FF),
    (0xA90A, 0xA92A),
    (0xA930, 0xA952),
    (0xA960, 0xA97C),
    (0xA980, 0xA9B2),
    (0xA9B4, 0xA9BF),
    (0xA9CF, 0xA9CF),
    (0xA9E0, 0xA9EF),
    (0xA9FA, 0xA9FE),
    (0xAA00, 0xAA36),
    (0xAA40, 0xAA4D),
    (0xAA60, 0xAA76),
    (0xAA7A, 0xAABE),
    (0xAAC0, 0xAAC0),
    (0xAAC2, 0xAAC2),
    (0xAADB, 0xAADD),
    (0xAAE0, 0xAAEF),
    (0xAAF2, 0xAAF5),
    (0xAB01, 0xAB06),
    (0xAB09, 0xAB0E),
    (0xAB11, 0xAB16),
    (0xAB20, 0xAB26),
    (0xAB28, 0xAB2E),
    (0xAB30, 0xAB5A),
    (0xAB5C, 0xAB69),
    (0xAB70, 0xABEA),
    (0xAC00, 0xD7A3),
    (0xD7B0, 0xD7C6),
    (0xD7CB, 0xD7FB),
    (0xF900, 0xFA6D),
    (0xFA70, 0xFAD9),
    (0xFB00, 0xFB06),
    (0xFB13, 0xFB17),
    (0xFB1D, 0xFB28),
    (0xFB2A, 0xFB36),
    (0xFB38, 0xFB3C),
    (0xFB3E, 0xFB3E),
    (0xFB40, 0xFB41),
    (0xFB43, 0xFB44),
    (0xFB46, 0xFBB1),
    (0xFBD3, 0xFD3D),
    (0xFD50, 0xFD8F),
    (0xFD92, 0xFDC7),
    (0xFDF0, 0xFDFB),
    (0xFE70, 0xFE74),
    (0xFE76, 0xFEFC),
    (0xFF21, 0xFF3A),
    (0xFF41, 0xFF5A),
    (0xFF66, 0xFFBE),
    (0xFFC2, 0xFFC7),
    (0xFFCA, 0xFFCF),
    (0xFFD2, 0xFFD7),
    (0xFFDA, 0xFFDC),
    (0x10000, 0x1000B),
    (0x1000D, 0x10026),
    (0x10028, 0x1003A),
    (0x1003C, 0x1003D),
    (0x1003F, 0x1004D),
    (0x10050, 0x1005D),
    (0x10080, 0x100FA),
    (0x10140, 0x10174),
    (0x10280, 0x1029C),
    (0x102A0, 0x102D0),
    (0x10300, 0x1031F),
    (0x1032D, 0x1034A),
    (0x10350, 0x1037A),
    (0x10380, 0x1039D),
    (0x103A0, 0x103C3),
    (0x103C8, 0x103CF),
    (0x103D1, 0x103D5),
    (0x10400, 0x1049D),
    (0x104B0, 0x104D3),
    (0x104D8, 0x104FB),
    (0x10500, 0x10527),
    (0x10530, 0x10563),
    (0x10570, 0x1057A),
    (0x1057C, 0x1058A),
    (0x1058C, 0x10592),
    (0x10594, 0x10595),
    (0x10597, 0x105A1),
    (0x105A3, 0x105B1),
    (0x105B3, 0x105B9),
    (0x105BB, 0x105BC),
    (0x105C0, 0x105F3),
    (0x10600, 0x10736),
    (0x10740, 0x10755),
    (0x10760, 0x10767),
    (0x10780, 0x10785),
    (0x10787, 0x107B0),
    (0x107B2, 0x107BA),
    (0x10800, 0x10805),
    (0x10808, 0x10808),
    (0x1080A, 0x10835),
    (0x10837, 0x10838),
    (0x1083C, 0x1083C),
    (0x1083F, 0x10855),
    (0x10860, 0x10876),
    (0x10880, 0x1089E),
    (0x108E0, 0x108F2),
    (0x108F4, 0x108F5),
    (0x10900, 0x10915),
    (0x10920, 0x10939),
    (0x10940, 0x10959),
    (0x10980, 0x109B7),
    (0x109BE, 0x109BF),
    (0x10A00, 0x10A03),
    (0x10A05, 0x10A06),
    (0x10A0C, 0x10A13),
    (0x10A15, 0x10A17),
    (0x10A19, 0x10A35),
    (0x10A60, 0x10A7C),
    (0x10A80, 0x10A9C),
    (0x10AC0, 0x10AC7),
    (0x10AC9, 0x10AE4),
    (0x10B00, 0x10B35),
    (0x10B40, 0x10B55),
    (0x10B60, 0x10B72),
    (0x10B80, 0x10B91),
    (0x10C00, 0x10C48),
    (0x10C80, 0x10CB2),
    (0x10CC0, 0x10CF2),
    (0x10D00, 0x10D27),
    (0x10D4A, 0x10D65),
    (0x10D69, 0x10D69),
    (0x10D6F, 0x10D85),
    (0x10E80, 0x10EA9),
    (0x10EAB, 0x10EAC),
    (0x10EB0, 0x10EB1),
    (0x10EC2, 0x10EC7),
    (0x10EFA, 0x10EFC),
    (0x10F00, 0x10F1C),
    (0x10F27, 0x10F27),
    (0x10F30, 0x10F45),
    (0x10F70, 0x10F81),
    (0x10FB0, 0x10FC4),
    (0x10FE0, 0x10FF6),
    (0x11000, 0x11045),
    (0x11071, 0x11075),
    (0x11080, 0x110B8),
    (0x110C2, 0x110C2),
    (0x110D0, 0x110E8),
    (0x11100, 0x11132),
    (0x11144, 0x11147),
    (0x11150, 0x11172),
    (0x11176, 0x11176),
    (0x11180, 0x111BF),
    (0x111C1, 0x111C4),
    (0x111CE, 0x111CF),
    (0x111DA, 0x111DA),
    (0x111DC, 0x111DC),
    (0x11200, 0x11211),
    (0x11213, 0x11234),
    (0x11237, 0x11237),
    (0x1123E, 0x11241),
    (0x11280, 0x11286),
    (0x11288, 0x11288),
    (0x1128A, 0x1128D),
    (0x1128F, 0x1129D),
    (0x1129F, 0x112A8),
    (0x112B0, 0x112E8),
    (0x11300, 0x11303),
    (0x11305, 0x1130C),
    (0x1130F, 0x11310),
    (0x11313, 0x11328),
    (0x1132A, 0x11330),
    (0x11332, 0x11333),
    (0x11335, 0x11339),
    (0x1133D, 0x11344),
    (0x11347, 0x11348),
    (0x1134B, 0x1134C),
    (0x11350, 0x11350),
    (0x11357, 0x11357),
    (0x1135D, 0x11363),
    (0x11380, 0x11389),
    (0x1138B, 0x1138B),
    (0x1138E, 0x1138E),
    (0x11390, 0x113B5),
    (0x113B7, 0x113C0),
    (0x113C2, 0x113C2),
    (0x113C5, 0x113C5),
    (0x113C7, 0x113CA),
    (0x113CC, 0x113CD),
    (0x113D1, 0x113D1),
    (0x113D3, 0x113D3),
    (0x11400, 0x11441),
    (0x11443, 0x11445),
    (0x11447, 0x1144A),
    (0x1145F, 0x11461),
    (0x11480, 0x114C1),
    (0x114C4, 0x114C5),
    (0x114C7, 0x114C7),
    (0x11580, 0x115B5),
    (0x115B8, 0x115BE),
    (0x115D8, 0x115DD),
    (0x11600, 0x1163E),
    (0x11640, 0x11640),
    (0x11644, 0x11644),
    (0x11680, 0x116B5),
    (0x116B8, 0x116B8),
    (0x11700, 0x1171A),
    (0x1171D, 0x1172A),
    (0x11740, 0x11746),
    (0x11800, 0x11838),
    (0x118A0, 0x118DF),
    (0x118FF, 0x11906),
    (0x11909, 0x11909),
    (0x1190C, 0x11913),
    (0x11915, 0x11916),
    (0x11918, 0x11935),
    (0x11937, 0x11938),
    (0x1193B, 0x1193C),
    (0x1193F, 0x11942),
    (0x119A0, 0x119A7),
    (0x119AA, 0x119D7),
    (0x119DA, 0x119DF),
    (0x119E1, 0x119E1),
    (0x119E3, 0x119E4),
    (0x11A00, 0x11A32),
    (0x11A35, 0x11A3E),
    (0x11A50, 0x11A97),
    (0x11A9D, 0x11A9D),
    (0x11AB0, 0x11AF8),
    (0x11B60, 0x11B67),
    (0x11BC0, 0x11BE0),
    (0x11C00, 0x11C08),
    (0x11C0A, 0x11C36),
    (0x11C38, 0x11C3E),
    (0x11C40, 0x11C40),
    (0x11C72, 0x11C8F),
    (0x11C92, 0x11CA7),
    (0x11CA9, 0x11CB6),
    (0x11D00, 0x11D06),
    (0x11D08, 0x11D09),
    (0x11D0B, 0x11D36),
    (0x11D3A, 0x11D3A),
    (0x11D3C, 0x11D3D),
    (0x11D3F, 0x11D41),
    (0x11D43, 0x11D43),
    (0x11D46, 0x11D47),
    (0x11D60, 0x11D65),
    (0x11D67, 0x11D68),
    (0x11D6A, 0x11D8E),
    (0x11D90, 0x11D91),
    (0x11D93, 0x11D96),
    (0x11D98, 0x11D98),
    (0x11DB0, 0x11DDB),
    (0x11EE0, 0x11EF6),
    (0x11F00, 0x11F10),
    (0x11F12, 0x11F3A),
    (0x11F3E, 0x11F40),
    (0x11FB0, 0x11FB0),
    (0x12000, 0x12399),
    (0x12400, 0x1246E),
    (0x12480, 0x12543),
    (0x12F90, 0x12FF0),
    (0x13000, 0x1342F),
    (0x13441, 0x13446),
    (0x13460, 0x143FA),
    (0x14400, 0x14646),
    (0x16100, 0x1612E),
    (0x16800, 0x16A38),
    (0x16A40, 0x16A5E),
    (0x16A70, 0x16ABE),
    (0x16AD0, 0x16AED),
    (0x16B00, 0x16B2F),
    (0x16B40, 0x16B43),
    (0x16B63, 0x16B77),
    (0x16B7D, 0x16B8F),
    (0x16D40, 0x16D6C),
    (0x16E40, 0x16E7F),
    (0x16EA0, 0x16EB8),
    (0x16EBB, 0x16ED3),
    (0x16F00, 0x16F4A),
    (0x16F4F, 0x16F87),
    (0x16F8F, 0x16F9F),
    (0x16FE0, 0x16FE1),
    (0x16FE3, 0x16FE3),
    (0x16FF0, 0x16FF6),
    (0x17000, 0x18CD5),
    (0x18CFF, 0x18D1E),
    (0x18D80, 0x18DF2),
    (0x1AFF0, 0x1AFF3),
    (0x1AFF5, 0x1AFFB),
    (0x1AFFD, 0x1AFFE),
    (0x1B000, 0x1B122),
    (0x1B132, 0x1B132),
    (0x1B150, 0x1B152),
    (0x1B155, 0x1B155),
    (0x1B164, 0x1B167),
    (0x1B170, 0x1B2FB),
    (0x1BC00, 0x1BC6A),
    (0x1BC70, 0x1BC7C),
    (0x1BC80, 0x1BC88),
    (0x1BC90, 0x1BC99),
    (0x1BC9E, 0x1BC9E),
    (0x1D400, 0x1D454),
    (0x1D456, 0x1D49C),
    (0x1D49E, 0x1D49F),
    (0x1D4A2, 0x1D4A2),
    (0x1D4A5, 0x1D4A6),
    (0x1D4A9, 0x1D4AC),
    (0x1D4AE, 0x1D4B9),
    (0x1D4BB, 0x1D4BB),
    (0x1D4BD, 0x1D4C3),
    (0x1D4C5, 0x1D505),
    (0x1D507, 0x1D50A),
    (0x1D50D, 0x1D514),
    (0x1D516, 0x1D51C),
    (0x1D51E, 0x1D539),
    (0x1D53B, 0x1D53E),
    (0x1D540, 0x1D544),
    (0x1D546, 0x1D546),
    (0x1D54A, 0x1D550),
    (0x1D552, 0x1D6A5),
    (0x1D6A8, 0x1D6C0),
    (0x1D6C2, 0x1D6DA),
    (0x1D6DC, 0x1D6FA),
    (0x1D6FC, 0x1D714),
    (0x1D716, 0x1D734),
    (0x1D736, 0x1D74E),
    (0x1D750, 0x1D76E),
    (0x1D770, 0x1D788),
    (0x1D78A, 0x1D7A8),
    (0x1D7AA, 0x1D7C2),
    (0x1D7C4, 0x1D7CB),
    (0x1DF00, 0x1DF1E),
    (0x1DF25, 0x1DF2A),
    (0x1E000, 0x1E006),
    (0x1E008, 0x1E018),
    (0x1E01B, 0x1E021),
    (0x1E023, 0x1E024),
    (0x1E026, 0x1E02A),
    (0x1E030, 0x1E06D),
    (0x1E08F, 0x1E08F),
    (0x1E100, 0x1E12C),
    (0x1E137, 0x1E13D),
    (0x1E14E, 0x1E14E),
    (0x1E290, 0x1E2AD),
    (0x1E2C0, 0x1E2EB),
    (0x1E4D0, 0x1E4EB),
    (0x1E5D0, 0x1E5ED),
    (0x1E5F0, 0x1E5F0),
    (0x1E6C0, 0x1E6DE),
    (0x1E6E0, 0x1E6F5),
    (0x1E6FE, 0x1E6FF),
    (0x1E7E0, 0x1E7E6),
    (0x1E7E8, 0x1E7EB),
    (0x1E7ED, 0x1E7EE),
    (0x1E7F0, 0x1E7FE),
    (0x1E800, 0x1E8C4),
    (0x1E900, 0x1E943),
    (0x1E947, 0x1E947),
    (0x1E94B, 0x1E94B),
    (0x1EE00, 0x1EE03),
    (0x1EE05, 0x1EE1F),
    (0x1EE21, 0x1EE22),
    (0x1EE24, 0x1EE24),
    (0x1EE27, 0x1EE27),
    (0x1EE29, 0x1EE32),
    (0x1EE34, 0x1EE37),
    (0x1EE39, 0x1EE39),
    (0x1EE3B, 0x1EE3B),
    (0x1EE42, 0x1EE42),
    (0x1EE47, 0x1EE47),
    (0x1EE49, 0x1EE49),
    (0x1EE4B, 0x1EE4B),
    (0x1EE4D, 0x1EE4F),
    (0x1EE51, 0x1EE52),
    (0x1EE54, 0x1EE54),
    (0x1EE57, 0x1EE57),
    (0x1EE59, 0x1EE59),
    (0x1EE5B, 0x1EE5B),
    (0x1EE5D, 0x1EE5D),
    (0x1EE5F, 0x1EE5F),
    (0x1EE61, 0x1EE62),
    (0x1EE64, 0x1EE64),
    (0x1EE67, 0x1EE6A),
    (0x1EE6C, 0x1EE72),
    (0x1EE74, 0x1EE77),
    (0x1EE79, 0x1EE7C),
    (0x1EE7E, 0x1EE7E),
    (0x1EE80, 0x1EE89),
    (0x1EE8B, 0x1EE9B),
    (0x1EEA1, 0x1EEA3),
    (0x1EEA5, 0x1EEA9),
    (0x1EEAB, 0x1EEBB),
    (0x1F130, 0x1F149),
    (0x1F150, 0x1F169),
    (0x1F170, 0x1F189),
    (0x20000, 0x2A6DF),
    (0x2A700, 0x2B81D),
    (0x2B820, 0x2CEAD),
    (0x2CEB0, 0x2EBE0),
    (0x2EBF0, 0x2EE5D),
    (0x2F800, 0x2FA1D),
    (0x30000, 0x3134A),
    (0x31350, 0x33479),
];

/// `\p{Any}` (from the test262 fixtures).
pub const ANY: &[(u32, u32)] = &[
    (0x0000, 0x10FFFF),
];

/// `\p{Assigned}` (from the test262 fixtures).
pub const ASSIGNED: &[(u32, u32)] = &[
    (0x0000, 0x0377),
    (0x037A, 0x037F),
    (0x0384, 0x038A),
    (0x038C, 0x038C),
    (0x038E, 0x03A1),
    (0x03A3, 0x052F),
    (0x0531, 0x0556),
    (0x0559, 0x058A),
    (0x058D, 0x058F),
    (0x0591, 0x05C7),
    (0x05D0, 0x05EA),
    (0x05EF, 0x05F4),
    (0x0600, 0x070D),
    (0x070F, 0x074A),
    (0x074D, 0x07B1),
    (0x07C0, 0x07FA),
    (0x07FD, 0x082D),
    (0x0830, 0x083E),
    (0x0840, 0x085B),
    (0x085E, 0x085E),
    (0x0860, 0x086A),
    (0x0870, 0x0891),
    (0x0897, 0x0983),
    (0x0985, 0x098C),
    (0x098F, 0x0990),
    (0x0993, 0x09A8),
    (0x09AA, 0x09B0),
    (0x09B2, 0x09B2),
    (0x09B6, 0x09B9),
    (0x09BC, 0x09C4),
    (0x09C7, 0x09C8),
    (0x09CB, 0x09CE),
    (0x09D7, 0x09D7),
    (0x09DC, 0x09DD),
    (0x09DF, 0x09E3),
    (0x09E6, 0x09FE),
    (0x0A01, 0x0A03),
    (0x0A05, 0x0A0A),
    (0x0A0F, 0x0A10),
    (0x0A13, 0x0A28),
    (0x0A2A, 0x0A30),
    (0x0A32, 0x0A33),
    (0x0A35, 0x0A36),
    (0x0A38, 0x0A39),
    (0x0A3C, 0x0A3C),
    (0x0A3E, 0x0A42),
    (0x0A47, 0x0A48),
    (0x0A4B, 0x0A4D),
    (0x0A51, 0x0A51),
    (0x0A59, 0x0A5C),
    (0x0A5E, 0x0A5E),
    (0x0A66, 0x0A76),
    (0x0A81, 0x0A83),
    (0x0A85, 0x0A8D),
    (0x0A8F, 0x0A91),
    (0x0A93, 0x0AA8),
    (0x0AAA, 0x0AB0),
    (0x0AB2, 0x0AB3),
    (0x0AB5, 0x0AB9),
    (0x0ABC, 0x0AC5),
    (0x0AC7, 0x0AC9),
    (0x0ACB, 0x0ACD),
    (0x0AD0, 0x0AD0),
    (0x0AE0, 0x0AE3),
    (0x0AE6, 0x0AF1),
    (0x0AF9, 0x0AFF),
    (0x0B01, 0x0B03),
    (0x0B05, 0x0B0C),
    (0x0B0F, 0x0B10),
    (0x0B13, 0x0B28),
    (0x0B2A, 0x0B30),
    (0x0B32, 0x0B33),
    (0x0B35, 0x0B39),
    (0x0B3C, 0x0B44),
    (0x0B47, 0x0B48),
    (0x0B4B, 0x0B4D),
    (0x0B55, 0x0B57),
    (0x0B5C, 0x0B5D),
    (0x0B5F, 0x0B63),
    (0x0B66, 0x0B77),
    (0x0B82, 0x0B83),
    (0x0B85, 0x0B8A),
    (0x0B8E, 0x0B90),
    (0x0B92, 0x0B95),
    (0x0B99, 0x0B9A),
    (0x0B9C, 0x0B9C),
    (0x0B9E, 0x0B9F),
    (0x0BA3, 0x0BA4),
    (0x0BA8, 0x0BAA),
    (0x0BAE, 0x0BB9),
    (0x0BBE, 0x0BC2),
    (0x0BC6, 0x0BC8),
    (0x0BCA, 0x0BCD),
    (0x0BD0, 0x0BD0),
    (0x0BD7, 0x0BD7),
    (0x0BE6, 0x0BFA),
    (0x0C00, 0x0C0C),
    (0x0C0E, 0x0C10),
    (0x0C12, 0x0C28),
    (0x0C2A, 0x0C39),
    (0x0C3C, 0x0C44),
    (0x0C46, 0x0C48),
    (0x0C4A, 0x0C4D),
    (0x0C55, 0x0C56),
    (0x0C58, 0x0C5A),
    (0x0C5C, 0x0C5D),
    (0x0C60, 0x0C63),
    (0x0C66, 0x0C6F),
    (0x0C77, 0x0C8C),
    (0x0C8E, 0x0C90),
    (0x0C92, 0x0CA8),
    (0x0CAA, 0x0CB3),
    (0x0CB5, 0x0CB9),
    (0x0CBC, 0x0CC4),
    (0x0CC6, 0x0CC8),
    (0x0CCA, 0x0CCD),
    (0x0CD5, 0x0CD6),
    (0x0CDC, 0x0CDE),
    (0x0CE0, 0x0CE3),
    (0x0CE6, 0x0CEF),
    (0x0CF1, 0x0CF3),
    (0x0D00, 0x0D0C),
    (0x0D0E, 0x0D10),
    (0x0D12, 0x0D44),
    (0x0D46, 0x0D48),
    (0x0D4A, 0x0D4F),
    (0x0D54, 0x0D63),
    (0x0D66, 0x0D7F),
    (0x0D81, 0x0D83),
    (0x0D85, 0x0D96),
    (0x0D9A, 0x0DB1),
    (0x0DB3, 0x0DBB),
    (0x0DBD, 0x0DBD),
    (0x0DC0, 0x0DC6),
    (0x0DCA, 0x0DCA),
    (0x0DCF, 0x0DD4),
    (0x0DD6, 0x0DD6),
    (0x0DD8, 0x0DDF),
    (0x0DE6, 0x0DEF),
    (0x0DF2, 0x0DF4),
    (0x0E01, 0x0E3A),
    (0x0E3F, 0x0E5B),
    (0x0E81, 0x0E82),
    (0x0E84, 0x0E84),
    (0x0E86, 0x0E8A),
    (0x0E8C, 0x0EA3),
    (0x0EA5, 0x0EA5),
    (0x0EA7, 0x0EBD),
    (0x0EC0, 0x0EC4),
    (0x0EC6, 0x0EC6),
    (0x0EC8, 0x0ECE),
    (0x0ED0, 0x0ED9),
    (0x0EDC, 0x0EDF),
    (0x0F00, 0x0F47),
    (0x0F49, 0x0F6C),
    (0x0F71, 0x0F97),
    (0x0F99, 0x0FBC),
    (0x0FBE, 0x0FCC),
    (0x0FCE, 0x0FDA),
    (0x1000, 0x10C5),
    (0x10C7, 0x10C7),
    (0x10CD, 0x10CD),
    (0x10D0, 0x1248),
    (0x124A, 0x124D),
    (0x1250, 0x1256),
    (0x1258, 0x1258),
    (0x125A, 0x125D),
    (0x1260, 0x1288),
    (0x128A, 0x128D),
    (0x1290, 0x12B0),
    (0x12B2, 0x12B5),
    (0x12B8, 0x12BE),
    (0x12C0, 0x12C0),
    (0x12C2, 0x12C5),
    (0x12C8, 0x12D6),
    (0x12D8, 0x1310),
    (0x1312, 0x1315),
    (0x1318, 0x135A),
    (0x135D, 0x137C),
    (0x1380, 0x1399),
    (0x13A0, 0x13F5),
    (0x13F8, 0x13FD),
    (0x1400, 0x169C),
    (0x16A0, 0x16F8),
    (0x1700, 0x1715),
    (0x171F, 0x1736),
    (0x1740, 0x1753),
    (0x1760, 0x176C),
    (0x176E, 0x1770),
    (0x1772, 0x1773),
    (0x1780, 0x17DD),
    (0x17E0, 0x17E9),
    (0x17F0, 0x17F9),
    (0x1800, 0x1819),
    (0x1820, 0x1878),
    (0x1880, 0x18AA),
    (0x18B0, 0x18F5),
    (0x1900, 0x191E),
    (0x1920, 0x192B),
    (0x1930, 0x193B),
    (0x1940, 0x1940),
    (0x1944, 0x196D),
    (0x1970, 0x1974),
    (0x1980, 0x19AB),
    (0x19B0, 0x19C9),
    (0x19D0, 0x19DA),
    (0x19DE, 0x1A1B),
    (0x1A1E, 0x1A5E),
    (0x1A60, 0x1A7C),
    (0x1A7F, 0x1A89),
    (0x1A90, 0x1A99),
    (0x1AA0, 0x1AAD),
    (0x1AB0, 0x1ADD),
    (0x1AE0, 0x1AEB),
    (0x1B00, 0x1B4C),
    (0x1B4E, 0x1BF3),
    (0x1BFC, 0x1C37),
    (0x1C3B, 0x1C49),
    (0x1C4D, 0x1C8A),
    (0x1C90, 0x1CBA),
    (0x1CBD, 0x1CC7),
    (0x1CD0, 0x1CFA),
    (0x1D00, 0x1F15),
    (0x1F18, 0x1F1D),
    (0x1F20, 0x1F45),
    (0x1F48, 0x1F4D),
    (0x1F50, 0x1F57),
    (0x1F59, 0x1F59),
    (0x1F5B, 0x1F5B),
    (0x1F5D, 0x1F5D),
    (0x1F5F, 0x1F7D),
    (0x1F80, 0x1FB4),
    (0x1FB6, 0x1FC4),
    (0x1FC6, 0x1FD3),
    (0x1FD6, 0x1FDB),
    (0x1FDD, 0x1FEF),
    (0x1FF2, 0x1FF4),
    (0x1FF6, 0x1FFE),
    (0x2000, 0x2064),
    (0x2066, 0x2071),
    (0x2074, 0x208E),
    (0x2090, 0x209C),
    (0x20A0, 0x20C1),
    (0x20D0, 0x20F0),
    (0x2100, 0x218B),
    (0x2190, 0x2429),
    (0x2440, 0x244A),
    (0x2460, 0x2B73),
    (0x2B76, 0x2CF3),
    (0x2CF9, 0x2D25),
    (0x2D27, 0x2D27),
    (0x2D2D, 0x2D2D),
    (0x2D30, 0x2D67),
    (0x2D6F, 0x2D70),
    (0x2D7F, 0x2D96),
    (0x2DA0, 0x2DA6),
    (0x2DA8, 0x2DAE),
    (0x2DB0, 0x2DB6),
    (0x2DB8, 0x2DBE),
    (0x2DC0, 0x2DC6),
    (0x2DC8, 0x2DCE),
    (0x2DD0, 0x2DD6),
    (0x2DD8, 0x2DDE),
    (0x2DE0, 0x2E5D),
    (0x2E80, 0x2E99),
    (0x2E9B, 0x2EF3),
    (0x2F00, 0x2FD5),
    (0x2FF0, 0x303F),
    (0x3041, 0x3096),
    (0x3099, 0x30FF),
    (0x3105, 0x312F),
    (0x3131, 0x318E),
    (0x3190, 0x31E5),
    (0x31EF, 0x321E),
    (0x3220, 0xA48C),
    (0xA490, 0xA4C6),
    (0xA4D0, 0xA62B),
    (0xA640, 0xA6F7),
    (0xA700, 0xA7DC),
    (0xA7F1, 0xA82C),
    (0xA830, 0xA839),
    (0xA840, 0xA877),
    (0xA880, 0xA8C5),
    (0xA8CE, 0xA8D9),
    (0xA8E0, 0xA953),
    (0xA95F, 0xA97C),
    (0xA980, 0xA9CD),
    (0xA9CF, 0xA9D9),
    (0xA9DE, 0xA9FE),
    (0xAA00, 0xAA36),
    (0xAA40, 0xAA4D),
    (0xAA50, 0xAA59),
    (0xAA5C, 0xAAC2),
    (0xAADB, 0xAAF6),
    (0xAB01, 0xAB06),
    (0xAB09, 0xAB0E),
    (0xAB11, 0xAB16),
    (0xAB20, 0xAB26),
    (0xAB28, 0xAB2E),
    (0xAB30, 0xAB6B),
    (0xAB70, 0xABED),
    (0xABF0, 0xABF9),
    (0xAC00, 0xD7A3),
    (0xD7B0, 0xD7C6),
    (0xD7CB, 0xD7FB),
    (0xD800, 0xFA6D),
    (0xFA70, 0xFAD9),
    (0xFB00, 0xFB06),
    (0xFB13, 0xFB17),
    (0xFB1D, 0xFB36),
    (0xFB38, 0xFB3C),
    (0xFB3E, 0xFB3E),
    (0xFB40, 0xFB41),
    (0xFB43, 0xFB44),
    (0xFB46, 0xFDCF),
    (0xFDF0, 0xFE19),
    (0xFE20, 0xFE52),
    (0xFE54, 0xFE66),
    (0xFE68, 0xFE6B),
    (0xFE70, 0xFE74),
    (0xFE76, 0xFEFC),
    (0xFEFF, 0xFEFF),
    (0xFF01, 0xFFBE),
    (0xFFC2, 0xFFC7),
    (0xFFCA, 0xFFCF),
    (0xFFD2, 0xFFD7),
    (0xFFDA, 0xFFDC),
    (0xFFE0, 0xFFE6),
    (0xFFE8, 0xFFEE),
    (0xFFF9, 0xFFFD),
    (0x10000, 0x1000B),
    (0x1000D, 0x10026),
    (0x10028, 0x1003A),
    (0x1003C, 0x1003D),
    (0x1003F, 0x1004D),
    (0x10050, 0x1005D),
    (0x10080, 0x100FA),
    (0x10100, 0x10102),
    (0x10107, 0x10133),
    (0x10137, 0x1018E),
    (0x10190, 0x1019C),
    (0x101A0, 0x101A0),
    (0x101D0, 0x101FD),
    (0x10280, 0x1029C),
    (0x102A0, 0x102D0),
    (0x102E0, 0x102FB),
    (0x10300, 0x10323),
    (0x1032D, 0x1034A),
    (0x10350, 0x1037A),
    (0x10380, 0x1039D),
    (0x1039F, 0x103C3),
    (0x103C8, 0x103D5),
    (0x10400, 0x1049D),
    (0x104A0, 0x104A9),
    (0x104B0, 0x104D3),
    (0x104D8, 0x104FB),
    (0x10500, 0x10527),
    (0x10530, 0x10563),
    (0x1056F, 0x1057A),
    (0x1057C, 0x1058A),
    (0x1058C, 0x10592),
    (0x10594, 0x10595),
    (0x10597, 0x105A1),
    (0x105A3, 0x105B1),
    (0x105B3, 0x105B9),
    (0x105BB, 0x105BC),
    (0x105C0, 0x105F3),
    (0x10600, 0x10736),
    (0x10740, 0x10755),
    (0x10760, 0x10767),
    (0x10780, 0x10785),
    (0x10787, 0x107B0),
    (0x107B2, 0x107BA),
    (0x10800, 0x10805),
    (0x10808, 0x10808),
    (0x1080A, 0x10835),
    (0x10837, 0x10838),
    (0x1083C, 0x1083C),
    (0x1083F, 0x10855),
    (0x10857, 0x1089E),
    (0x108A7, 0x108AF),
    (0x108E0, 0x108F2),
    (0x108F4, 0x108F5),
    (0x108FB, 0x1091B),
    (0x1091F, 0x10939),
    (0x1093F, 0x10959),
    (0x10980, 0x109B7),
    (0x109BC, 0x109CF),
    (0x109D2, 0x10A03),
    (0x10A05, 0x10A06),
    (0x10A0C, 0x10A13),
    (0x10A15, 0x10A17),
    (0x10A19, 0x10A35),
    (0x10A38, 0x10A3A),
    (0x10A3F, 0x10A48),
    (0x10A50, 0x10A58),
    (0x10A60, 0x10A9F),
    (0x10AC0, 0x10AE6),
    (0x10AEB, 0x10AF6),
    (0x10B00, 0x10B35),
    (0x10B39, 0x10B55),
    (0x10B58, 0x10B72),
    (0x10B78, 0x10B91),
    (0x10B99, 0x10B9C),
    (0x10BA9, 0x10BAF),
    (0x10C00, 0x10C48),
    (0x10C80, 0x10CB2),
    (0x10CC0, 0x10CF2),
    (0x10CFA, 0x10D27),
    (0x10D30, 0x10D39),
    (0x10D40, 0x10D65),
    (0x10D69, 0x10D85),
    (0x10D8E, 0x10D8F),
    (0x10E60, 0x10E7E),
    (0x10E80, 0x10EA9),
    (0x10EAB, 0x10EAD),
    (0x10EB0, 0x10EB1),
    (0x10EC2, 0x10EC7),
    (0x10ED0, 0x10ED8),
    (0x10EFA, 0x10F27),
    (0x10F30, 0x10F59),
    (0x10F70, 0x10F89),
    (0x10FB0, 0x10FCB),
    (0x10FE0, 0x10FF6),
    (0x11000, 0x1104D),
    (0x11052, 0x11075),
    (0x1107F, 0x110C2),
    (0x110CD, 0x110CD),
    (0x110D0, 0x110E8),
    (0x110F0, 0x110F9),
    (0x11100, 0x11134),
    (0x11136, 0x11147),
    (0x11150, 0x11176),
    (0x11180, 0x111DF),
    (0x111E1, 0x111F4),
    (0x11200, 0x11211),
    (0x11213, 0x11241),
    (0x11280, 0x11286),
    (0x11288, 0x11288),
    (0x1128A, 0x1128D),
    (0x1128F, 0x1129D),
    (0x1129F, 0x112A9),
    (0x112B0, 0x112EA),
    (0x112F0, 0x112F9),
    (0x11300, 0x11303),
    (0x11305, 0x1130C),
    (0x1130F, 0x11310),
    (0x11313, 0x11328),
    (0x1132A, 0x11330),
    (0x11332, 0x11333),
    (0x11335, 0x11339),
    (0x1133B, 0x11344),
    (0x11347, 0x11348),
    (0x1134B, 0x1134D),
    (0x11350, 0x11350),
    (0x11357, 0x11357),
    (0x1135D, 0x11363),
    (0x11366, 0x1136C),
    (0x11370, 0x11374),
    (0x11380, 0x11389),
    (0x1138B, 0x1138B),
    (0x1138E, 0x1138E),
    (0x11390, 0x113B5),
    (0x113B7, 0x113C0),
    (0x113C2, 0x113C2),
    (0x113C5, 0x113C5),
    (0x113C7, 0x113CA),
    (0x113CC, 0x113D5),
    (0x113D7, 0x113D8),
    (0x113E1, 0x113E2),
    (0x11400, 0x1145B),
    (0x1145D, 0x11461),
    (0x11480, 0x114C7),
    (0x114D0, 0x114D9),
    (0x11580, 0x115B5),
    (0x115B8, 0x115DD),
    (0x11600, 0x11644),
    (0x11650, 0x11659),
    (0x11660, 0x1166C),
    (0x11680, 0x116B9),
    (0x116C0, 0x116C9),
    (0x116D0, 0x116E3),
    (0x11700, 0x1171A),
    (0x1171D, 0x1172B),
    (0x11730, 0x11746),
    (0x11800, 0x1183B),
    (0x118A0, 0x118F2),
    (0x118FF, 0x11906),
    (0x11909, 0x11909),
    (0x1190C, 0x11913),
    (0x11915, 0x11916),
    (0x11918, 0x11935),
    (0x11937, 0x11938),
    (0x1193B, 0x11946),
    (0x11950, 0x11959),
    (0x119A0, 0x119A7),
    (0x119AA, 0x119D7),
    (0x119DA, 0x119E4),
    (0x11A00, 0x11A47),
    (0x11A50, 0x11AA2),
    (0x11AB0, 0x11AF8),
    (0x11B00, 0x11B09),
    (0x11B60, 0x11B67),
    (0x11BC0, 0x11BE1),
    (0x11BF0, 0x11BF9),
    (0x11C00, 0x11C08),
    (0x11C0A, 0x11C36),
    (0x11C38, 0x11C45),
    (0x11C50, 0x11C6C),
    (0x11C70, 0x11C8F),
    (0x11C92, 0x11CA7),
    (0x11CA9, 0x11CB6),
    (0x11D00, 0x11D06),
    (0x11D08, 0x11D09),
    (0x11D0B, 0x11D36),
    (0x11D3A, 0x11D3A),
    (0x11D3C, 0x11D3D),
    (0x11D3F, 0x11D47),
    (0x11D50, 0x11D59),
    (0x11D60, 0x11D65),
    (0x11D67, 0x11D68),
    (0x11D6A, 0x11D8E),
    (0x11D90, 0x11D91),
    (0x11D93, 0x11D98),
    (0x11DA0, 0x11DA9),
    (0x11DB0, 0x11DDB),
    (0x11DE0, 0x11DE9),
    (0x11EE0, 0x11EF8),
    (0x11F00, 0x11F10),
    (0x11F12, 0x11F3A),
    (0x11F3E, 0x11F5A),
    (0x11FB0, 0x11FB0),
    (0x11FC0, 0x11FF1),
    (0x11FFF, 0x12399),
    (0x12400, 0x1246E),
    (0x12470, 0x12474),
    (0x12480, 0x12543),
    (0x12F90, 0x12FF2),
    (0x13000, 0x13455),
    (0x13460, 0x143FA),
    (0x14400, 0x14646),
    (0x16100, 0x16139),
    (0x16800, 0x16A38),
    (0x16A40, 0x16A5E),
    (0x16A60, 0x16A69),
    (0x16A6E, 0x16ABE),
    (0x16AC0, 0x16AC9),
    (0x16AD0, 0x16AED),
    (0x16AF0, 0x16AF5),
    (0x16B00, 0x16B45),
    (0x16B50, 0x16B59),
    (0x16B5B, 0x16B61),
    (0x16B63, 0x16B77),
    (0x16B7D, 0x16B8F),
    (0x16D40, 0x16D79),
    (0x16E40, 0x16E9A),
    (0x16EA0, 0x16EB8),
    (0x16EBB, 0x16ED3),
    (0x16F00, 0x16F4A),
    (0x16F4F, 0x16F87),
    (0x16F8F, 0x16F9F),
    (0x16FE0, 0x16FE4),
    (0x16FF0, 0x16FF6),
    (0x17000, 0x18CD5),
    (0x18CFF, 0x18D1E),
    (0x18D80, 0x18DF2),
    (0x1AFF0, 0x1AFF3),
    (0x1AFF5, 0x1AFFB),
    (0x1AFFD, 0x1AFFE),
    (0x1B000, 0x1B122),
    (0x1B132, 0x1B132),
    (0x1B150, 0x1B152),
    (0x1B155, 0x1B155),
    (0x1B164, 0x1B167),
    (0x1B170, 0x1B2FB),
    (0x1BC00, 0x1BC6A),
    (0x1BC70, 0x1BC7C),
    (0x1BC80, 0x1BC88),
    (0x1BC90, 0x1BC99),
    (0x1BC9C, 0x1BCA3),
    (0x1CC00, 0x1CCFC),
    (0x1CD00, 0x1CEB3),
    (0x1CEBA, 0x1CED0),
    (0x1CEE0, 0x1CEF0),
    (0x1CF00, 0x1CF2D),
    (0x1CF30, 0x1CF46),
    (0x1CF50, 0x1CFC3),
    (0x1D000, 0x1D0F5),
    (0x1D100, 0x1D126),
    (0x1D129, 0x1D1EA),
    (0x1D200, 0x1D245),
    (0x1D2C0, 0x1D2D3),
    (0x1D2E0, 0x1D2F3),
    (0x1D300, 0x1D356),
    (0x1D360, 0x1D378),
    (0x1D400, 0x1D454),
    (0x1D456, 0x1D49C),
    (0x1D49E, 0x1D49F),
    (0x1D4A2, 0x1D4A2),
    (0x1D4A5, 0x1D4A6),
    (0x1D4A9, 0x1D4AC),
    (0x1D4AE, 0x1D4B9),
    (0x1D4BB, 0x1D4BB),
    (0x1D4BD, 0x1D4C3),
    (0x1D4C5, 0x1D505),
    (0x1D507, 0x1D50A),
    (0x1D50D, 0x1D514),
    (0x1D516, 0x1D51C),
    (0x1D51E, 0x1D539),
    (0x1D53B, 0x1D53E),
    (0x1D540, 0x1D544),
    (0x1D546, 0x1D546),
    (0x1D54A, 0x1D550),
    (0x1D552, 0x1D6A5),
    (0x1D6A8, 0x1D7CB),
    (0x1D7CE, 0x1DA8B),
    (0x1DA9B, 0x1DA9F),
    (0x1DAA1, 0x1DAAF),
    (0x1DF00, 0x1DF1E),
    (0x1DF25, 0x1DF2A),
    (0x1E000, 0x1E006),
    (0x1E008, 0x1E018),
    (0x1E01B, 0x1E021),
    (0x1E023, 0x1E024),
    (0x1E026, 0x1E02A),
    (0x1E030, 0x1E06D),
    (0x1E08F, 0x1E08F),
    (0x1E100, 0x1E12C),
    (0x1E130, 0x1E13D),
    (0x1E140, 0x1E149),
    (0x1E14E, 0x1E14F),
    (0x1E290, 0x1E2AE),
    (0x1E2C0, 0x1E2F9),
    (0x1E2FF, 0x1E2FF),
    (0x1E4D0, 0x1E4F9),
    (0x1E5D0, 0x1E5FA),
    (0x1E5FF, 0x1E5FF),
    (0x1E6C0, 0x1E6DE),
    (0x1E6E0, 0x1E6F5),
    (0x1E6FE, 0x1E6FF),
    (0x1E7E0, 0x1E7E6),
    (0x1E7E8, 0x1E7EB),
    (0x1E7ED, 0x1E7EE),
    (0x1E7F0, 0x1E7FE),
    (0x1E800, 0x1E8C4),
    (0x1E8C7, 0x1E8D6),
    (0x1E900, 0x1E94B),
    (0x1E950, 0x1E959),
    (0x1E95E, 0x1E95F),
    (0x1EC71, 0x1ECB4),
    (0x1ED01, 0x1ED3D),
    (0x1EE00, 0x1EE03),
    (0x1EE05, 0x1EE1F),
    (0x1EE21, 0x1EE22),
    (0x1EE24, 0x1EE24),
    (0x1EE27, 0x1EE27),
    (0x1EE29, 0x1EE32),
    (0x1EE34, 0x1EE37),
    (0x1EE39, 0x1EE39),
    (0x1EE3B, 0x1EE3B),
    (0x1EE42, 0x1EE42),
    (0x1EE47, 0x1EE47),
    (0x1EE49, 0x1EE49),
    (0x1EE4B, 0x1EE4B),
    (0x1EE4D, 0x1EE4F),
    (0x1EE51, 0x1EE52),
    (0x1EE54, 0x1EE54),
    (0x1EE57, 0x1EE57),
    (0x1EE59, 0x1EE59),
    (0x1EE5B, 0x1EE5B),
    (0x1EE5D, 0x1EE5D),
    (0x1EE5F, 0x1EE5F),
    (0x1EE61, 0x1EE62),
    (0x1EE64, 0x1EE64),
    (0x1EE67, 0x1EE6A),
    (0x1EE6C, 0x1EE72),
    (0x1EE74, 0x1EE77),
    (0x1EE79, 0x1EE7C),
    (0x1EE7E, 0x1EE7E),
    (0x1EE80, 0x1EE89),
    (0x1EE8B, 0x1EE9B),
    (0x1EEA1, 0x1EEA3),
    (0x1EEA5, 0x1EEA9),
    (0x1EEAB, 0x1EEBB),
    (0x1EEF0, 0x1EEF1),
    (0x1F000, 0x1F02B),
    (0x1F030, 0x1F093),
    (0x1F0A0, 0x1F0AE),
    (0x1F0B1, 0x1F0BF),
    (0x1F0C1, 0x1F0CF),
    (0x1F0D1, 0x1F0F5),
    (0x1F100, 0x1F1AD),
    (0x1F1E6, 0x1F202),
    (0x1F210, 0x1F23B),
    (0x1F240, 0x1F248),
    (0x1F250, 0x1F251),
    (0x1F260, 0x1F265),
    (0x1F300, 0x1F6D8),
    (0x1F6DC, 0x1F6EC),
    (0x1F6F0, 0x1F6FC),
    (0x1F700, 0x1F7D9),
    (0x1F7E0, 0x1F7EB),
    (0x1F7F0, 0x1F7F0),
    (0x1F800, 0x1F80B),
    (0x1F810, 0x1F847),
    (0x1F850, 0x1F859),
    (0x1F860, 0x1F887),
    (0x1F890, 0x1F8AD),
    (0x1F8B0, 0x1F8BB),
    (0x1F8C0, 0x1F8C1),
    (0x1F8D0, 0x1F8D8),
    (0x1F900, 0x1FA57),
    (0x1FA60, 0x1FA6D),
    (0x1FA70, 0x1FA7C),
    (0x1FA80, 0x1FA8A),
    (0x1FA8E, 0x1FAC6),
    (0x1FAC8, 0x1FAC8),
    (0x1FACD, 0x1FADC),
    (0x1FADF, 0x1FAEA),
    (0x1FAEF, 0x1FAF8),
    (0x1FB00, 0x1FB92),
    (0x1FB94, 0x1FBFA),
    (0x20000, 0x2A6DF),
    (0x2A700, 0x2B81D),
    (0x2B820, 0x2CEAD),
    (0x2CEB0, 0x2EBE0),
    (0x2EBF0, 0x2EE5D),
    (0x2F800, 0x2FA1D),
    (0x30000, 0x3134A),
    (0x31350, 0x33479),
    (0xE0001, 0xE0001),
    (0xE0020, 0xE007F),
    (0xE0100, 0xE01EF),
    (0xF0000, 0xFFFFD),
    (0x100000, 0x10FFFD),
];

/// `\p{Bidi_Control}` (from the test262 fixtures).
pub const BIDI_CONTROL: &[(u32, u32)] = &[
    (0x061C, 0x061C),
    (0x200E, 0x200F),
    (0x202A, 0x202E),
    (0x2066, 0x2069),
];

/// `\p{Bidi_Mirrored}` (from the test262 fixtures).
pub const BIDI_MIRRORED: &[(u32, u32)] = &[
    (0x0028, 0x0029),
    (0x003C, 0x003C),
    (0x003E, 0x003E),
    (0x005B, 0x005B),
    (0x005D, 0x005D),
    (0x007B, 0x007B),
    (0x007D, 0x007D),
    (0x00AB, 0x00AB),
    (0x00BB, 0x00BB),
    (0x0F3A, 0x0F3D),
    (0x169B, 0x169C),
    (0x2039, 0x203A),
    (0x2045, 0x2046),
    (0x207D, 0x207E),
    (0x208D, 0x208E),
    (0x2140, 0x2140),
    (0x2201, 0x2204),
    (0x2208, 0x220D),
    (0x2211, 0x2211),
    (0x2215, 0x2216),
    (0x221A, 0x221D),
    (0x221F, 0x2222),
    (0x2224, 0x2224),
    (0x2226, 0x2226),
    (0x222B, 0x2233),
    (0x2239, 0x2239),
    (0x223B, 0x224C),
    (0x2252, 0x2255),
    (0x225F, 0x2260),
    (0x2262, 0x2262),
    (0x2264, 0x226B),
    (0x226D, 0x228C),
    (0x228F, 0x2292),
    (0x2298, 0x2298),
    (0x22A2, 0x22A3),
    (0x22A6, 0x22B8),
    (0x22BE, 0x22BF),
    (0x22C9, 0x22CD),
    (0x22D0, 0x22D1),
    (0x22D6, 0x22ED),
    (0x22F0, 0x22FF),
    (0x2308, 0x230B),
    (0x2320, 0x2321),
    (0x2329, 0x232A),
    (0x2768, 0x2775),
    (0x27C0, 0x27C0),
    (0x27C3, 0x27C6),
    (0x27C8, 0x27C9),
    (0x27CB, 0x27CD),
    (0x27D3, 0x27D6),
    (0x27DC, 0x27DE),
    (0x27E2, 0x27EF),
    (0x2983, 0x2998),
    (0x299B, 0x29A0),
    (0x29A2, 0x29AF),
    (0x29B8, 0x29B8),
    (0x29C0, 0x29C5),
    (0x29C9, 0x29C9),
    (0x29CE, 0x29D2),
    (0x29D4, 0x29D5),
    (0x29D8, 0x29DC),
    (0x29E1, 0x29E1),
    (0x29E3, 0x29E5),
    (0x29E8, 0x29E9),
    (0x29F4, 0x29F9),
    (0x29FC, 0x29FD),
    (0x2A0A, 0x2A1C),
    (0x2A1E, 0x2A21),
    (0x2A24, 0x2A24),
    (0x2A26, 0x2A26),
    (0x2A29, 0x2A29),
    (0x2A2B, 0x2A2E),
    (0x2A34, 0x2A35),
    (0x2A3C, 0x2A3E),
    (0x2A57, 0x2A58),
    (0x2A64, 0x2A65),
    (0x2A6A, 0x2A6D),
    (0x2A6F, 0x2A70),
    (0x2A73, 0x2A74),
    (0x2A79, 0x2AA3),
    (0x2AA6, 0x2AAD),
    (0x2AAF, 0x2AD6),
    (0x2ADC, 0x2ADC),
    (0x2ADE, 0x2ADE),
    (0x2AE2, 0x2AE6),
    (0x2AEC, 0x2AEE),
    (0x2AF3, 0x2AF3),
    (0x2AF7, 0x2AFB),
    (0x2AFD, 0x2AFD),
    (0x2BFE, 0x2BFE),
    (0x2E02, 0x2E05),
    (0x2E09, 0x2E0A),
    (0x2E0C, 0x2E0D),
    (0x2E1C, 0x2E1D),
    (0x2E20, 0x2E29),
    (0x2E55, 0x2E5C),
    (0x3008, 0x3011),
    (0x3014, 0x301B),
    (0xFE59, 0xFE5E),
    (0xFE64, 0xFE65),
    (0xFF08, 0xFF09),
    (0xFF1C, 0xFF1C),
    (0xFF1E, 0xFF1E),
    (0xFF3B, 0xFF3B),
    (0xFF3D, 0xFF3D),
    (0xFF5B, 0xFF5B),
    (0xFF5D, 0xFF5D),
    (0xFF5F, 0xFF60),
    (0xFF62, 0xFF63),
    (0x1D6DB, 0x1D6DB),
    (0x1D715, 0x1D715),
    (0x1D74F, 0x1D74F),
    (0x1D789, 0x1D789),
    (0x1D7C3, 0x1D7C3),
];

/// `\p{Case_Ignorable}` (from the test262 fixtures).
pub const CASE_IGNORABLE: &[(u32, u32)] = &[
    (0x0027, 0x0027),
    (0x002E, 0x002E),
    (0x003A, 0x003A),
    (0x005E, 0x005E),
    (0x0060, 0x0060),
    (0x00A8, 0x00A8),
    (0x00AD, 0x00AD),
    (0x00AF, 0x00AF),
    (0x00B4, 0x00B4),
    (0x00B7, 0x00B8),
    (0x02B0, 0x036F),
    (0x0374, 0x0375),
    (0x037A, 0x037A),
    (0x0384, 0x0385),
    (0x0387, 0x0387),
    (0x0483, 0x0489),
    (0x0559, 0x0559),
    (0x055F, 0x055F),
    (0x0591, 0x05BD),
    (0x05BF, 0x05BF),
    (0x05C1, 0x05C2),
    (0x05C4, 0x05C5),
    (0x05C7, 0x05C7),
    (0x05F4, 0x05F4),
    (0x0600, 0x0605),
    (0x0610, 0x061A),
    (0x061C, 0x061C),
    (0x0640, 0x0640),
    (0x064B, 0x065F),
    (0x0670, 0x0670),
    (0x06D6, 0x06DD),
    (0x06DF, 0x06E8),
    (0x06EA, 0x06ED),
    (0x070F, 0x070F),
    (0x0711, 0x0711),
    (0x0730, 0x074A),
    (0x07A6, 0x07B0),
    (0x07EB, 0x07F5),
    (0x07FA, 0x07FA),
    (0x07FD, 0x07FD),
    (0x0816, 0x082D),
    (0x0859, 0x085B),
    (0x0888, 0x0888),
    (0x0890, 0x0891),
    (0x0897, 0x089F),
    (0x08C9, 0x0902),
    (0x093A, 0x093A),
    (0x093C, 0x093C),
    (0x0941, 0x0948),
    (0x094D, 0x094D),
    (0x0951, 0x0957),
    (0x0962, 0x0963),
    (0x0971, 0x0971),
    (0x0981, 0x0981),
    (0x09BC, 0x09BC),
    (0x09C1, 0x09C4),
    (0x09CD, 0x09CD),
    (0x09E2, 0x09E3),
    (0x09FE, 0x09FE),
    (0x0A01, 0x0A02),
    (0x0A3C, 0x0A3C),
    (0x0A41, 0x0A42),
    (0x0A47, 0x0A48),
    (0x0A4B, 0x0A4D),
    (0x0A51, 0x0A51),
    (0x0A70, 0x0A71),
    (0x0A75, 0x0A75),
    (0x0A81, 0x0A82),
    (0x0ABC, 0x0ABC),
    (0x0AC1, 0x0AC5),
    (0x0AC7, 0x0AC8),
    (0x0ACD, 0x0ACD),
    (0x0AE2, 0x0AE3),
    (0x0AFA, 0x0AFF),
    (0x0B01, 0x0B01),
    (0x0B3C, 0x0B3C),
    (0x0B3F, 0x0B3F),
    (0x0B41, 0x0B44),
    (0x0B4D, 0x0B4D),
    (0x0B55, 0x0B56),
    (0x0B62, 0x0B63),
    (0x0B82, 0x0B82),
    (0x0BC0, 0x0BC0),
    (0x0BCD, 0x0BCD),
    (0x0C00, 0x0C00),
    (0x0C04, 0x0C04),
    (0x0C3C, 0x0C3C),
    (0x0C3E, 0x0C40),
    (0x0C46, 0x0C48),
    (0x0C4A, 0x0C4D),
    (0x0C55, 0x0C56),
    (0x0C62, 0x0C63),
    (0x0C81, 0x0C81),
    (0x0CBC, 0x0CBC),
    (0x0CBF, 0x0CBF),
    (0x0CC6, 0x0CC6),
    (0x0CCC, 0x0CCD),
    (0x0CE2, 0x0CE3),
    (0x0D00, 0x0D01),
    (0x0D3B, 0x0D3C),
    (0x0D41, 0x0D44),
    (0x0D4D, 0x0D4D),
    (0x0D62, 0x0D63),
    (0x0D81, 0x0D81),
    (0x0DCA, 0x0DCA),
    (0x0DD2, 0x0DD4),
    (0x0DD6, 0x0DD6),
    (0x0E31, 0x0E31),
    (0x0E34, 0x0E3A),
    (0x0E46, 0x0E4E),
    (0x0EB1, 0x0EB1),
    (0x0EB4, 0x0EBC),
    (0x0EC6, 0x0EC6),
    (0x0EC8, 0x0ECE),
    (0x0F18, 0x0F19),
    (0x0F35, 0x0F35),
    (0x0F37, 0x0F37),
    (0x0F39, 0x0F39),
    (0x0F71, 0x0F7E),
    (0x0F80, 0x0F84),
    (0x0F86, 0x0F87),
    (0x0F8D, 0x0F97),
    (0x0F99, 0x0FBC),
    (0x0FC6, 0x0FC6),
    (0x102D, 0x1030),
    (0x1032, 0x1037),
    (0x1039, 0x103A),
    (0x103D, 0x103E),
    (0x1058, 0x1059),
    (0x105E, 0x1060),
    (0x1071, 0x1074),
    (0x1082, 0x1082),
    (0x1085, 0x1086),
    (0x108D, 0x108D),
    (0x109D, 0x109D),
    (0x10FC, 0x10FC),
    (0x135D, 0x135F),
    (0x1712, 0x1714),
    (0x1732, 0x1733),
    (0x1752, 0x1753),
    (0x1772, 0x1773),
    (0x17B4, 0x17B5),
    (0x17B7, 0x17BD),
    (0x17C6, 0x17C6),
    (0x17C9, 0x17D3),
    (0x17D7, 0x17D7),
    (0x17DD, 0x17DD),
    (0x180B, 0x180F),
    (0x1843, 0x1843),
    (0x1885, 0x1886),
    (0x18A9, 0x18A9),
    (0x1920, 0x1922),
    (0x1927, 0x1928),
    (0x1932, 0x1932),
    (0x1939, 0x193B),
    (0x1A17, 0x1A18),
    (0x1A1B, 0x1A1B),
    (0x1A56, 0x1A56),
    (0x1A58, 0x1A5E),
    (0x1A60, 0x1A60),
    (0x1A62, 0x1A62),
    (0x1A65, 0x1A6C),
    (0x1A73, 0x1A7C),
    (0x1A7F, 0x1A7F),
    (0x1AA7, 0x1AA7),
    (0x1AB0, 0x1ADD),
    (0x1AE0, 0x1AEB),
    (0x1B00, 0x1B03),
    (0x1B34, 0x1B34),
    (0x1B36, 0x1B3A),
    (0x1B3C, 0x1B3C),
    (0x1B42, 0x1B42),
    (0x1B6B, 0x1B73),
    (0x1B80, 0x1B81),
    (0x1BA2, 0x1BA5),
    (0x1BA8, 0x1BA9),
    (0x1BAB, 0x1BAD),
    (0x1BE6, 0x1BE6),
    (0x1BE8, 0x1BE9),
    (0x1BED, 0x1BED),
    (0x1BEF, 0x1BF1),
    (0x1C2C, 0x1C33),
    (0x1C36, 0x1C37),
    (0x1C78, 0x1C7D),
    (0x1CD0, 0x1CD2),
    (0x1CD4, 0x1CE0),
    (0x1CE2, 0x1CE8),
    (0x1CED, 0x1CED),
    (0x1CF4, 0x1CF4),
    (0x1CF8, 0x1CF9),
    (0x1D2C, 0x1D6A),
    (0x1D78, 0x1D78),
    (0x1D9B, 0x1DFF),
    (0x1FBD, 0x1FBD),
    (0x1FBF, 0x1FC1),
    (0x1FCD, 0x1FCF),
    (0x1FDD, 0x1FDF),
    (0x1FED, 0x1FEF),
    (0x1FFD, 0x1FFE),
    (0x200B, 0x200F),
    (0x2018, 0x2019),
    (0x2024, 0x2024),
    (0x2027, 0x2027),
    (0x202A, 0x202E),
    (0x2060, 0x2064),
    (0x2066, 0x206F),
    (0x2071, 0x2071),
    (0x207F, 0x207F),
    (0x2090, 0x209C),
    (0x20D0, 0x20F0),
    (0x2C7C, 0x2C7D),
    (0x2CEF, 0x2CF1),
    (0x2D6F, 0x2D6F),
    (0x2D7F, 0x2D7F),
    (0x2DE0, 0x2DFF),
    (0x2E2F, 0x2E2F),
    (0x3005, 0x3005),
    (0x302A, 0x302D),
    (0x3031, 0x3035),
    (0x303B, 0x303B),
    (0x3099, 0x309E),
    (0x30FC, 0x30FE),
    (0xA015, 0xA015),
    (0xA4F8, 0xA4FD),
    (0xA60C, 0xA60C),
    (0xA66F, 0xA672),
    (0xA674, 0xA67D),
    (0xA67F, 0xA67F),
    (0xA69C, 0xA69F),
    (0xA6F0, 0xA6F1),
    (0xA700, 0xA721),
    (0xA770, 0xA770),
    (0xA788, 0xA78A),
    (0xA7F1, 0xA7F4),
    (0xA7F8, 0xA7F9),
    (0xA802, 0xA802),
    (0xA806, 0xA806),
    (0xA80B, 0xA80B),
    (0xA825, 0xA826),
    (0xA82C, 0xA82C),
    (0xA8C4, 0xA8C5),
    (0xA8E0, 0xA8F1),
    (0xA8FF, 0xA8FF),
    (0xA926, 0xA92D),
    (0xA947, 0xA951),
    (0xA980, 0xA982),
    (0xA9B3, 0xA9B3),
    (0xA9B6, 0xA9B9),
    (0xA9BC, 0xA9BD),
    (0xA9CF, 0xA9CF),
    (0xA9E5, 0xA9E6),
    (0xAA29, 0xAA2E),
    (0xAA31, 0xAA32),
    (0xAA35, 0xAA36),
    (0xAA43, 0xAA43),
    (0xAA4C, 0xAA4C),
    (0xAA70, 0xAA70),
    (0xAA7C, 0xAA7C),
    (0xAAB0, 0xAAB0),
    (0xAAB2, 0xAAB4),
    (0xAAB7, 0xAAB8),
    (0xAABE, 0xAABF),
    (0xAAC1, 0xAAC1),
    (0xAADD, 0xAADD),
    (0xAAEC, 0xAAED),
    (0xAAF3, 0xAAF4),
    (0xAAF6, 0xAAF6),
    (0xAB5B, 0xAB5F),
    (0xAB69, 0xAB6B),
    (0xABE5, 0xABE5),
    (0xABE8, 0xABE8),
    (0xABED, 0xABED),
    (0xFB1E, 0xFB1E),
    (0xFBB2, 0xFBC2),
    (0xFE00, 0xFE0F),
    (0xFE13, 0xFE13),
    (0xFE20, 0xFE2F),
    (0xFE52, 0xFE52),
    (0xFE55, 0xFE55),
    (0xFEFF, 0xFEFF),
    (0xFF07, 0xFF07),
    (0xFF0E, 0xFF0E),
    (0xFF1A, 0xFF1A),
    (0xFF3E, 0xFF3E),
    (0xFF40, 0xFF40),
    (0xFF70, 0xFF70),
    (0xFF9E, 0xFF9F),
    (0xFFE3, 0xFFE3),
    (0xFFF9, 0xFFFB),
    (0x101FD, 0x101FD),
    (0x102E0, 0x102E0),
    (0x10376, 0x1037A),
    (0x10780, 0x10785),
    (0x10787, 0x107B0),
    (0x107B2, 0x107BA),
    (0x10A01, 0x10A03),
    (0x10A05, 0x10A06),
    (0x10A0C, 0x10A0F),
    (0x10A38, 0x10A3A),
    (0x10A3F, 0x10A3F),
    (0x10AE5, 0x10AE6),
    (0x10D24, 0x10D27),
    (0x10D4E, 0x10D4E),
    (0x10D69, 0x10D6D),
    (0x10D6F, 0x10D6F),
    (0x10EAB, 0x10EAC),
    (0x10EC5, 0x10EC5),
    (0x10EFA, 0x10EFF),
    (0x10F46, 0x10F50),
    (0x10F82, 0x10F85),
    (0x11001, 0x11001),
    (0x11038, 0x11046),
    (0x11070, 0x11070),
    (0x11073, 0x11074),
    (0x1107F, 0x11081),
    (0x110B3, 0x110B6),
    (0x110B9, 0x110BA),
    (0x110BD, 0x110BD),
    (0x110C2, 0x110C2),
    (0x110CD, 0x110CD),
    (0x11100, 0x11102),
    (0x11127, 0x1112B),
    (0x1112D, 0x11134),
    (0x11173, 0x11173),
    (0x11180, 0x11181),
    (0x111B6, 0x111BE),
    (0x111C9, 0x111CC),
    (0x111CF, 0x111CF),
    (0x1122F, 0x11231),
    (0x11234, 0x11234),
    (0x11236, 0x11237),
    (0x1123E, 0x1123E),
    (0x11241, 0x11241),
    (0x112DF, 0x112DF),
    (0x112E3, 0x112EA),
    (0x11300, 0x11301),
    (0x1133B, 0x1133C),
    (0x11340, 0x11340),
    (0x11366, 0x1136C),
    (0x11370, 0x11374),
    (0x113BB, 0x113C0),
    (0x113CE, 0x113CE),
    (0x113D0, 0x113D0),
    (0x113D2, 0x113D2),
    (0x113E1, 0x113E2),
    (0x11438, 0x1143F),
    (0x11442, 0x11444),
    (0x11446, 0x11446),
    (0x1145E, 0x1145E),
    (0x114B3, 0x114B8),
    (0x114BA, 0x114BA),
    (0x114BF, 0x114C0),
    (0x114C2, 0x114C3),
    (0x115B2, 0x115B5),
    (0x115BC, 0x115BD),
    (0x115BF, 0x115C0),
    (0x115DC, 0x115DD),
    (0x11633, 0x1163A),
    (0x1163D, 0x1163D),
    (0x1163F, 0x11640),
    (0x116AB, 0x116AB),
    (0x116AD, 0x116AD),
    (0x116B0, 0x116B5),
    (0x116B7, 0x116B7),
    (0x1171D, 0x1171D),
    (0x1171F, 0x1171F),
    (0x11722, 0x11725),
    (0x11727, 0x1172B),
    (0x1182F, 0x11837),
    (0x11839, 0x1183A),
    (0x1193B, 0x1193C),
    (0x1193E, 0x1193E),
    (0x11943, 0x11943),
    (0x119D4, 0x119D7),
    (0x119DA, 0x119DB),
    (0x119E0, 0x119E0),
    (0x11A01, 0x11A0A),
    (0x11A33, 0x11A38),
    (0x11A3B, 0x11A3E),
    (0x11A47, 0x11A47),
    (0x11A51, 0x11A56),
    (0x11A59, 0x11A5B),
    (0x11A8A, 0x11A96),
    (0x11A98, 0x11A99),
    (0x11B60, 0x11B60),
    (0x11B62, 0x11B64),
    (0x11B66, 0x11B66),
    (0x11C30, 0x11C36),
    (0x11C38, 0x11C3D),
    (0x11C3F, 0x11C3F),
    (0x11C92, 0x11CA7),
    (0x11CAA, 0x11CB0),
    (0x11CB2, 0x11CB3),
    (0x11CB5, 0x11CB6),
    (0x11D31, 0x11D36),
    (0x11D3A, 0x11D3A),
    (0x11D3C, 0x11D3D),
    (0x11D3F, 0x11D45),
    (0x11D47, 0x11D47),
    (0x11D90, 0x11D91),
    (0x11D95, 0x11D95),
    (0x11D97, 0x11D97),
    (0x11DD9, 0x11DD9),
    (0x11EF3, 0x11EF4),
    (0x11F00, 0x11F01),
    (0x11F36, 0x11F3A),
    (0x11F40, 0x11F40),
    (0x11F42, 0x11F42),
    (0x11F5A, 0x11F5A),
    (0x13430, 0x13440),
    (0x13447, 0x13455),
    (0x1611E, 0x16129),
    (0x1612D, 0x1612F),
    (0x16AF0, 0x16AF4),
    (0x16B30, 0x16B36),
    (0x16B40, 0x16B43),
    (0x16D40, 0x16D42),
    (0x16D6B, 0x16D6C),
    (0x16F4F, 0x16F4F),
    (0x16F8F, 0x16F9F),
    (0x16FE0, 0x16FE1),
    (0x16FE3, 0x16FE4),
    (0x16FF2, 0x16FF3),
    (0x1AFF0, 0x1AFF3),
    (0x1AFF5, 0x1AFFB),
    (0x1AFFD, 0x1AFFE),
    (0x1BC9D, 0x1BC9E),
    (0x1BCA0, 0x1BCA3),
    (0x1CF00, 0x1CF2D),
    (0x1CF30, 0x1CF46),
    (0x1D167, 0x1D169),
    (0x1D173, 0x1D182),
    (0x1D185, 0x1D18B),
    (0x1D1AA, 0x1D1AD),
    (0x1D242, 0x1D244),
    (0x1DA00, 0x1DA36),
    (0x1DA3B, 0x1DA6C),
    (0x1DA75, 0x1DA75),
    (0x1DA84, 0x1DA84),
    (0x1DA9B, 0x1DA9F),
    (0x1DAA1, 0x1DAAF),
    (0x1E000, 0x1E006),
    (0x1E008, 0x1E018),
    (0x1E01B, 0x1E021),
    (0x1E023, 0x1E024),
    (0x1E026, 0x1E02A),
    (0x1E030, 0x1E06D),
    (0x1E08F, 0x1E08F),
    (0x1E130, 0x1E13D),
    (0x1E2AE, 0x1E2AE),
    (0x1E2EC, 0x1E2EF),
    (0x1E4EB, 0x1E4EF),
    (0x1E5EE, 0x1E5EF),
    (0x1E6E3, 0x1E6E3),
    (0x1E6E6, 0x1E6E6),
    (0x1E6EE, 0x1E6EF),
    (0x1E6F5, 0x1E6F5),
    (0x1E6FF, 0x1E6FF),
    (0x1E8D0, 0x1E8D6),
    (0x1E944, 0x1E94B),
    (0x1F3FB, 0x1F3FF),
    (0xE0001, 0xE0001),
    (0xE0020, 0xE007F),
    (0xE0100, 0xE01EF),
];

/// `\p{Cased}` (from the test262 fixtures).
pub const CASED: &[(u32, u32)] = &[
    (0x0041, 0x005A),
    (0x0061, 0x007A),
    (0x00AA, 0x00AA),
    (0x00B5, 0x00B5),
    (0x00BA, 0x00BA),
    (0x00C0, 0x00D6),
    (0x00D8, 0x00F6),
    (0x00F8, 0x01BA),
    (0x01BC, 0x01BF),
    (0x01C4, 0x0293),
    (0x0296, 0x02B8),
    (0x02C0, 0x02C1),
    (0x02E0, 0x02E4),
    (0x0345, 0x0345),
    (0x0370, 0x0373),
    (0x0376, 0x0377),
    (0x037A, 0x037D),
    (0x037F, 0x037F),
    (0x0386, 0x0386),
    (0x0388, 0x038A),
    (0x038C, 0x038C),
    (0x038E, 0x03A1),
    (0x03A3, 0x03F5),
    (0x03F7, 0x0481),
    (0x048A, 0x052F),
    (0x0531, 0x0556),
    (0x0560, 0x0588),
    (0x10A0, 0x10C5),
    (0x10C7, 0x10C7),
    (0x10CD, 0x10CD),
    (0x10D0, 0x10FA),
    (0x10FC, 0x10FF),
    (0x13A0, 0x13F5),
    (0x13F8, 0x13FD),
    (0x1C80, 0x1C8A),
    (0x1C90, 0x1CBA),
    (0x1CBD, 0x1CBF),
    (0x1D00, 0x1DBF),
    (0x1E00, 0x1F15),
    (0x1F18, 0x1F1D),
    (0x1F20, 0x1F45),
    (0x1F48, 0x1F4D),
    (0x1F50, 0x1F57),
    (0x1F59, 0x1F59),
    (0x1F5B, 0x1F5B),
    (0x1F5D, 0x1F5D),
    (0x1F5F, 0x1F7D),
    (0x1F80, 0x1FB4),
    (0x1FB6, 0x1FBC),
    (0x1FBE, 0x1FBE),
    (0x1FC2, 0x1FC4),
    (0x1FC6, 0x1FCC),
    (0x1FD0, 0x1FD3),
    (0x1FD6, 0x1FDB),
    (0x1FE0, 0x1FEC),
    (0x1FF2, 0x1FF4),
    (0x1FF6, 0x1FFC),
    (0x2071, 0x2071),
    (0x207F, 0x207F),
    (0x2090, 0x209C),
    (0x2102, 0x2102),
    (0x2107, 0x2107),
    (0x210A, 0x2113),
    (0x2115, 0x2115),
    (0x2119, 0x211D),
    (0x2124, 0x2124),
    (0x2126, 0x2126),
    (0x2128, 0x2128),
    (0x212A, 0x212D),
    (0x212F, 0x2134),
    (0x2139, 0x2139),
    (0x213C, 0x213F),
    (0x2145, 0x2149),
    (0x214E, 0x214E),
    (0x2160, 0x217F),
    (0x2183, 0x2184),
    (0x24B6, 0x24E9),
    (0x2C00, 0x2CE4),
    (0x2CEB, 0x2CEE),
    (0x2CF2, 0x2CF3),
    (0x2D00, 0x2D25),
    (0x2D27, 0x2D27),
    (0x2D2D, 0x2D2D),
    (0xA640, 0xA66D),
    (0xA680, 0xA69D),
    (0xA722, 0xA787),
    (0xA78B, 0xA78E),
    (0xA790, 0xA7DC),
    (0xA7F1, 0xA7F6),
    (0xA7F8, 0xA7FA),
    (0xAB30, 0xAB5A),
    (0xAB5C, 0xAB69),
    (0xAB70, 0xABBF),
    (0xFB00, 0xFB06),
    (0xFB13, 0xFB17),
    (0xFF21, 0xFF3A),
    (0xFF41, 0xFF5A),
    (0x10400, 0x1044F),
    (0x104B0, 0x104D3),
    (0x104D8, 0x104FB),
    (0x10570, 0x1057A),
    (0x1057C, 0x1058A),
    (0x1058C, 0x10592),
    (0x10594, 0x10595),
    (0x10597, 0x105A1),
    (0x105A3, 0x105B1),
    (0x105B3, 0x105B9),
    (0x105BB, 0x105BC),
    (0x10780, 0x10780),
    (0x10783, 0x10785),
    (0x10787, 0x107B0),
    (0x107B2, 0x107BA),
    (0x10C80, 0x10CB2),
    (0x10CC0, 0x10CF2),
    (0x10D50, 0x10D65),
    (0x10D70, 0x10D85),
    (0x118A0, 0x118DF),
    (0x16E40, 0x16E7F),
    (0x16EA0, 0x16EB8),
    (0x16EBB, 0x16ED3),
    (0x1D400, 0x1D454),
    (0x1D456, 0x1D49C),
    (0x1D49E, 0x1D49F),
    (0x1D4A2, 0x1D4A2),
    (0x1D4A5, 0x1D4A6),
    (0x1D4A9, 0x1D4AC),
    (0x1D4AE, 0x1D4B9),
    (0x1D4BB, 0x1D4BB),
    (0x1D4BD, 0x1D4C3),
    (0x1D4C5, 0x1D505),
    (0x1D507, 0x1D50A),
    (0x1D50D, 0x1D514),
    (0x1D516, 0x1D51C),
    (0x1D51E, 0x1D539),
    (0x1D53B, 0x1D53E),
    (0x1D540, 0x1D544),
    (0x1D546, 0x1D546),
    (0x1D54A, 0x1D550),
    (0x1D552, 0x1D6A5),
    (0x1D6A8, 0x1D6C0),
    (0x1D6C2, 0x1D6DA),
    (0x1D6DC, 0x1D6FA),
    (0x1D6FC, 0x1D714),
    (0x1D716, 0x1D734),
    (0x1D736, 0x1D74E),
    (0x1D750, 0x1D76E),
    (0x1D770, 0x1D788),
    (0x1D78A, 0x1D7A8),
    (0x1D7AA, 0x1D7C2),
    (0x1D7C4, 0x1D7CB),
    (0x1DF00, 0x1DF09),
    (0x1DF0B, 0x1DF1E),
    (0x1DF25, 0x1DF2A),
    (0x1E030, 0x1E06D),
    (0x1E900, 0x1E943),
    (0x1F130, 0x1F149),
    (0x1F150, 0x1F169),
    (0x1F170, 0x1F189),
];

/// `\p{Changes_When_Casefolded}` (from the test262 fixtures).
pub const CHANGES_WHEN_CASEFOLDED: &[(u32, u32)] = &[
    (0x0041, 0x005A),
    (0x00B5, 0x00B5),
    (0x00C0, 0x00D6),
    (0x00D8, 0x00DF),
    (0x0100, 0x0100),
    (0x0102, 0x0102),
    (0x0104, 0x0104),
    (0x0106, 0x0106),
    (0x0108, 0x0108),
    (0x010A, 0x010A),
    (0x010C, 0x010C),
    (0x010E, 0x010E),
    (0x0110, 0x0110),
    (0x0112, 0x0112),
    (0x0114, 0x0114),
    (0x0116, 0x0116),
    (0x0118, 0x0118),
    (0x011A, 0x011A),
    (0x011C, 0x011C),
    (0x011E, 0x011E),
    (0x0120, 0x0120),
    (0x0122, 0x0122),
    (0x0124, 0x0124),
    (0x0126, 0x0126),
    (0x0128, 0x0128),
    (0x012A, 0x012A),
    (0x012C, 0x012C),
    (0x012E, 0x012E),
    (0x0130, 0x0130),
    (0x0132, 0x0132),
    (0x0134, 0x0134),
    (0x0136, 0x0136),
    (0x0139, 0x0139),
    (0x013B, 0x013B),
    (0x013D, 0x013D),
    (0x013F, 0x013F),
    (0x0141, 0x0141),
    (0x0143, 0x0143),
    (0x0145, 0x0145),
    (0x0147, 0x0147),
    (0x0149, 0x014A),
    (0x014C, 0x014C),
    (0x014E, 0x014E),
    (0x0150, 0x0150),
    (0x0152, 0x0152),
    (0x0154, 0x0154),
    (0x0156, 0x0156),
    (0x0158, 0x0158),
    (0x015A, 0x015A),
    (0x015C, 0x015C),
    (0x015E, 0x015E),
    (0x0160, 0x0160),
    (0x0162, 0x0162),
    (0x0164, 0x0164),
    (0x0166, 0x0166),
    (0x0168, 0x0168),
    (0x016A, 0x016A),
    (0x016C, 0x016C),
    (0x016E, 0x016E),
    (0x0170, 0x0170),
    (0x0172, 0x0172),
    (0x0174, 0x0174),
    (0x0176, 0x0176),
    (0x0178, 0x0179),
    (0x017B, 0x017B),
    (0x017D, 0x017D),
    (0x017F, 0x017F),
    (0x0181, 0x0182),
    (0x0184, 0x0184),
    (0x0186, 0x0187),
    (0x0189, 0x018B),
    (0x018E, 0x0191),
    (0x0193, 0x0194),
    (0x0196, 0x0198),
    (0x019C, 0x019D),
    (0x019F, 0x01A0),
    (0x01A2, 0x01A2),
    (0x01A4, 0x01A4),
    (0x01A6, 0x01A7),
    (0x01A9, 0x01A9),
    (0x01AC, 0x01AC),
    (0x01AE, 0x01AF),
    (0x01B1, 0x01B3),
    (0x01B5, 0x01B5),
    (0x01B7, 0x01B8),
    (0x01BC, 0x01BC),
    (0x01C4, 0x01C5),
    (0x01C7, 0x01C8),
    (0x01CA, 0x01CB),
    (0x01CD, 0x01CD),
    (0x01CF, 0x01CF),
    (0x01D1, 0x01D1),
    (0x01D3, 0x01D3),
    (0x01D5, 0x01D5),
    (0x01D7, 0x01D7),
    (0x01D9, 0x01D9),
    (0x01DB, 0x01DB),
    (0x01DE, 0x01DE),
    (0x01E0, 0x01E0),
    (0x01E2, 0x01E2),
    (0x01E4, 0x01E4),
    (0x01E6, 0x01E6),
    (0x01E8, 0x01E8),
    (0x01EA, 0x01EA),
    (0x01EC, 0x01EC),
    (0x01EE, 0x01EE),
    (0x01F1, 0x01F2),
    (0x01F4, 0x01F4),
    (0x01F6, 0x01F8),
    (0x01FA, 0x01FA),
    (0x01FC, 0x01FC),
    (0x01FE, 0x01FE),
    (0x0200, 0x0200),
    (0x0202, 0x0202),
    (0x0204, 0x0204),
    (0x0206, 0x0206),
    (0x0208, 0x0208),
    (0x020A, 0x020A),
    (0x020C, 0x020C),
    (0x020E, 0x020E),
    (0x0210, 0x0210),
    (0x0212, 0x0212),
    (0x0214, 0x0214),
    (0x0216, 0x0216),
    (0x0218, 0x0218),
    (0x021A, 0x021A),
    (0x021C, 0x021C),
    (0x021E, 0x021E),
    (0x0220, 0x0220),
    (0x0222, 0x0222),
    (0x0224, 0x0224),
    (0x0226, 0x0226),
    (0x0228, 0x0228),
    (0x022A, 0x022A),
    (0x022C, 0x022C),
    (0x022E, 0x022E),
    (0x0230, 0x0230),
    (0x0232, 0x0232),
    (0x023A, 0x023B),
    (0x023D, 0x023E),
    (0x0241, 0x0241),
    (0x0243, 0x0246),
    (0x0248, 0x0248),
    (0x024A, 0x024A),
    (0x024C, 0x024C),
    (0x024E, 0x024E),
    (0x0345, 0x0345),
    (0x0370, 0x0370),
    (0x0372, 0x0372),
    (0x0376, 0x0376),
    (0x037F, 0x037F),
    (0x0386, 0x0386),
    (0x0388, 0x038A),
    (0x038C, 0x038C),
    (0x038E, 0x038F),
    (0x0391, 0x03A1),
    (0x03A3, 0x03AB),
    (0x03C2, 0x03C2),
    (0x03CF, 0x03D1),
    (0x03D5, 0x03D6),
    (0x03D8, 0x03D8),
    (0x03DA, 0x03DA),
    (0x03DC, 0x03DC),
    (0x03DE, 0x03DE),
    (0x03E0, 0x03E0),
    (0x03E2, 0x03E2),
    (0x03E4, 0x03E4),
    (0x03E6, 0x03E6),
    (0x03E8, 0x03E8),
    (0x03EA, 0x03EA),
    (0x03EC, 0x03EC),
    (0x03EE, 0x03EE),
    (0x03F0, 0x03F1),
    (0x03F4, 0x03F5),
    (0x03F7, 0x03F7),
    (0x03F9, 0x03FA),
    (0x03FD, 0x042F),
    (0x0460, 0x0460),
    (0x0462, 0x0462),
    (0x0464, 0x0464),
    (0x0466, 0x0466),
    (0x0468, 0x0468),
    (0x046A, 0x046A),
    (0x046C, 0x046C),
    (0x046E, 0x046E),
    (0x0470, 0x0470),
    (0x0472, 0x0472),
    (0x0474, 0x0474),
    (0x0476, 0x0476),
    (0x0478, 0x0478),
    (0x047A, 0x047A),
    (0x047C, 0x047C),
    (0x047E, 0x047E),
    (0x0480, 0x0480),
    (0x048A, 0x048A),
    (0x048C, 0x048C),
    (0x048E, 0x048E),
    (0x0490, 0x0490),
    (0x0492, 0x0492),
    (0x0494, 0x0494),
    (0x0496, 0x0496),
    (0x0498, 0x0498),
    (0x049A, 0x049A),
    (0x049C, 0x049C),
    (0x049E, 0x049E),
    (0x04A0, 0x04A0),
    (0x04A2, 0x04A2),
    (0x04A4, 0x04A4),
    (0x04A6, 0x04A6),
    (0x04A8, 0x04A8),
    (0x04AA, 0x04AA),
    (0x04AC, 0x04AC),
    (0x04AE, 0x04AE),
    (0x04B0, 0x04B0),
    (0x04B2, 0x04B2),
    (0x04B4, 0x04B4),
    (0x04B6, 0x04B6),
    (0x04B8, 0x04B8),
    (0x04BA, 0x04BA),
    (0x04BC, 0x04BC),
    (0x04BE, 0x04BE),
    (0x04C0, 0x04C1),
    (0x04C3, 0x04C3),
    (0x04C5, 0x04C5),
    (0x04C7, 0x04C7),
    (0x04C9, 0x04C9),
    (0x04CB, 0x04CB),
    (0x04CD, 0x04CD),
    (0x04D0, 0x04D0),
    (0x04D2, 0x04D2),
    (0x04D4, 0x04D4),
    (0x04D6, 0x04D6),
    (0x04D8, 0x04D8),
    (0x04DA, 0x04DA),
    (0x04DC, 0x04DC),
    (0x04DE, 0x04DE),
    (0x04E0, 0x04E0),
    (0x04E2, 0x04E2),
    (0x04E4, 0x04E4),
    (0x04E6, 0x04E6),
    (0x04E8, 0x04E8),
    (0x04EA, 0x04EA),
    (0x04EC, 0x04EC),
    (0x04EE, 0x04EE),
    (0x04F0, 0x04F0),
    (0x04F2, 0x04F2),
    (0x04F4, 0x04F4),
    (0x04F6, 0x04F6),
    (0x04F8, 0x04F8),
    (0x04FA, 0x04FA),
    (0x04FC, 0x04FC),
    (0x04FE, 0x04FE),
    (0x0500, 0x0500),
    (0x0502, 0x0502),
    (0x0504, 0x0504),
    (0x0506, 0x0506),
    (0x0508, 0x0508),
    (0x050A, 0x050A),
    (0x050C, 0x050C),
    (0x050E, 0x050E),
    (0x0510, 0x0510),
    (0x0512, 0x0512),
    (0x0514, 0x0514),
    (0x0516, 0x0516),
    (0x0518, 0x0518),
    (0x051A, 0x051A),
    (0x051C, 0x051C),
    (0x051E, 0x051E),
    (0x0520, 0x0520),
    (0x0522, 0x0522),
    (0x0524, 0x0524),
    (0x0526, 0x0526),
    (0x0528, 0x0528),
    (0x052A, 0x052A),
    (0x052C, 0x052C),
    (0x052E, 0x052E),
    (0x0531, 0x0556),
    (0x0587, 0x0587),
    (0x10A0, 0x10C5),
    (0x10C7, 0x10C7),
    (0x10CD, 0x10CD),
    (0x13F8, 0x13FD),
    (0x1C80, 0x1C89),
    (0x1C90, 0x1CBA),
    (0x1CBD, 0x1CBF),
    (0x1E00, 0x1E00),
    (0x1E02, 0x1E02),
    (0x1E04, 0x1E04),
    (0x1E06, 0x1E06),
    (0x1E08, 0x1E08),
    (0x1E0A, 0x1E0A),
    (0x1E0C, 0x1E0C),
    (0x1E0E, 0x1E0E),
    (0x1E10, 0x1E10),
    (0x1E12, 0x1E12),
    (0x1E14, 0x1E14),
    (0x1E16, 0x1E16),
    (0x1E18, 0x1E18),
    (0x1E1A, 0x1E1A),
    (0x1E1C, 0x1E1C),
    (0x1E1E, 0x1E1E),
    (0x1E20, 0x1E20),
    (0x1E22, 0x1E22),
    (0x1E24, 0x1E24),
    (0x1E26, 0x1E26),
    (0x1E28, 0x1E28),
    (0x1E2A, 0x1E2A),
    (0x1E2C, 0x1E2C),
    (0x1E2E, 0x1E2E),
    (0x1E30, 0x1E30),
    (0x1E32, 0x1E32),
    (0x1E34, 0x1E34),
    (0x1E36, 0x1E36),
    (0x1E38, 0x1E38),
    (0x1E3A, 0x1E3A),
    (0x1E3C, 0x1E3C),
    (0x1E3E, 0x1E3E),
    (0x1E40, 0x1E40),
    (0x1E42, 0x1E42),
    (0x1E44, 0x1E44),
    (0x1E46, 0x1E46),
    (0x1E48, 0x1E48),
    (0x1E4A, 0x1E4A),
    (0x1E4C, 0x1E4C),
    (0x1E4E, 0x1E4E),
    (0x1E50, 0x1E50),
    (0x1E52, 0x1E52),
    (0x1E54, 0x1E54),
    (0x1E56, 0x1E56),
    (0x1E58, 0x1E58),
    (0x1E5A, 0x1E5A),
    (0x1E5C, 0x1E5C),
    (0x1E5E, 0x1E5E),
    (0x1E60, 0x1E60),
    (0x1E62, 0x1E62),
    (0x1E64, 0x1E64),
    (0x1E66, 0x1E66),
    (0x1E68, 0x1E68),
    (0x1E6A, 0x1E6A),
    (0x1E6C, 0x1E6C),
    (0x1E6E, 0x1E6E),
    (0x1E70, 0x1E70),
    (0x1E72, 0x1E72),
    (0x1E74, 0x1E74),
    (0x1E76, 0x1E76),
    (0x1E78, 0x1E78),
    (0x1E7A, 0x1E7A),
    (0x1E7C, 0x1E7C),
    (0x1E7E, 0x1E7E),
    (0x1E80, 0x1E80),
    (0x1E82, 0x1E82),
    (0x1E84, 0x1E84),
    (0x1E86, 0x1E86),
    (0x1E88, 0x1E88),
    (0x1E8A, 0x1E8A),
    (0x1E8C, 0x1E8C),
    (0x1E8E, 0x1E8E),
    (0x1E90, 0x1E90),
    (0x1E92, 0x1E92),
    (0x1E94, 0x1E94),
    (0x1E9A, 0x1E9B),
    (0x1E9E, 0x1E9E),
    (0x1EA0, 0x1EA0),
    (0x1EA2, 0x1EA2),
    (0x1EA4, 0x1EA4),
    (0x1EA6, 0x1EA6),
    (0x1EA8, 0x1EA8),
    (0x1EAA, 0x1EAA),
    (0x1EAC, 0x1EAC),
    (0x1EAE, 0x1EAE),
    (0x1EB0, 0x1EB0),
    (0x1EB2, 0x1EB2),
    (0x1EB4, 0x1EB4),
    (0x1EB6, 0x1EB6),
    (0x1EB8, 0x1EB8),
    (0x1EBA, 0x1EBA),
    (0x1EBC, 0x1EBC),
    (0x1EBE, 0x1EBE),
    (0x1EC0, 0x1EC0),
    (0x1EC2, 0x1EC2),
    (0x1EC4, 0x1EC4),
    (0x1EC6, 0x1EC6),
    (0x1EC8, 0x1EC8),
    (0x1ECA, 0x1ECA),
    (0x1ECC, 0x1ECC),
    (0x1ECE, 0x1ECE),
    (0x1ED0, 0x1ED0),
    (0x1ED2, 0x1ED2),
    (0x1ED4, 0x1ED4),
    (0x1ED6, 0x1ED6),
    (0x1ED8, 0x1ED8),
    (0x1EDA, 0x1EDA),
    (0x1EDC, 0x1EDC),
    (0x1EDE, 0x1EDE),
    (0x1EE0, 0x1EE0),
    (0x1EE2, 0x1EE2),
    (0x1EE4, 0x1EE4),
    (0x1EE6, 0x1EE6),
    (0x1EE8, 0x1EE8),
    (0x1EEA, 0x1EEA),
    (0x1EEC, 0x1EEC),
    (0x1EEE, 0x1EEE),
    (0x1EF0, 0x1EF0),
    (0x1EF2, 0x1EF2),
    (0x1EF4, 0x1EF4),
    (0x1EF6, 0x1EF6),
    (0x1EF8, 0x1EF8),
    (0x1EFA, 0x1EFA),
    (0x1EFC, 0x1EFC),
    (0x1EFE, 0x1EFE),
    (0x1F08, 0x1F0F),
    (0x1F18, 0x1F1D),
    (0x1F28, 0x1F2F),
    (0x1F38, 0x1F3F),
    (0x1F48, 0x1F4D),
    (0x1F59, 0x1F59),
    (0x1F5B, 0x1F5B),
    (0x1F5D, 0x1F5D),
    (0x1F5F, 0x1F5F),
    (0x1F68, 0x1F6F),
    (0x1F80, 0x1FAF),
    (0x1FB2, 0x1FB4),
    (0x1FB7, 0x1FBC),
    (0x1FC2, 0x1FC4),
    (0x1FC7, 0x1FCC),
    (0x1FD8, 0x1FDB),
    (0x1FE8, 0x1FEC),
    (0x1FF2, 0x1FF4),
    (0x1FF7, 0x1FFC),
    (0x2126, 0x2126),
    (0x212A, 0x212B),
    (0x2132, 0x2132),
    (0x2160, 0x216F),
    (0x2183, 0x2183),
    (0x24B6, 0x24CF),
    (0x2C00, 0x2C2F),
    (0x2C60, 0x2C60),
    (0x2C62, 0x2C64),
    (0x2C67, 0x2C67),
    (0x2C69, 0x2C69),
    (0x2C6B, 0x2C6B),
    (0x2C6D, 0x2C70),
    (0x2C72, 0x2C72),
    (0x2C75, 0x2C75),
    (0x2C7E, 0x2C80),
    (0x2C82, 0x2C82),
    (0x2C84, 0x2C84),
    (0x2C86, 0x2C86),
    (0x2C88, 0x2C88),
    (0x2C8A, 0x2C8A),
    (0x2C8C, 0x2C8C),
    (0x2C8E, 0x2C8E),
    (0x2C90, 0x2C90),
    (0x2C92, 0x2C92),
    (0x2C94, 0x2C94),
    (0x2C96, 0x2C96),
    (0x2C98, 0x2C98),
    (0x2C9A, 0x2C9A),
    (0x2C9C, 0x2C9C),
    (0x2C9E, 0x2C9E),
    (0x2CA0, 0x2CA0),
    (0x2CA2, 0x2CA2),
    (0x2CA4, 0x2CA4),
    (0x2CA6, 0x2CA6),
    (0x2CA8, 0x2CA8),
    (0x2CAA, 0x2CAA),
    (0x2CAC, 0x2CAC),
    (0x2CAE, 0x2CAE),
    (0x2CB0, 0x2CB0),
    (0x2CB2, 0x2CB2),
    (0x2CB4, 0x2CB4),
    (0x2CB6, 0x2CB6),
    (0x2CB8, 0x2CB8),
    (0x2CBA, 0x2CBA),
    (0x2CBC, 0x2CBC),
    (0x2CBE, 0x2CBE),
    (0x2CC0, 0x2CC0),
    (0x2CC2, 0x2CC2),
    (0x2CC4, 0x2CC4),
    (0x2CC6, 0x2CC6),
    (0x2CC8, 0x2CC8),
    (0x2CCA, 0x2CCA),
    (0x2CCC, 0x2CCC),
    (0x2CCE, 0x2CCE),
    (0x2CD0, 0x2CD0),
    (0x2CD2, 0x2CD2),
    (0x2CD4, 0x2CD4),
    (0x2CD6, 0x2CD6),
    (0x2CD8, 0x2CD8),
    (0x2CDA, 0x2CDA),
    (0x2CDC, 0x2CDC),
    (0x2CDE, 0x2CDE),
    (0x2CE0, 0x2CE0),
    (0x2CE2, 0x2CE2),
    (0x2CEB, 0x2CEB),
    (0x2CED, 0x2CED),
    (0x2CF2, 0x2CF2),
    (0xA640, 0xA640),
    (0xA642, 0xA642),
    (0xA644, 0xA644),
    (0xA646, 0xA646),
    (0xA648, 0xA648),
    (0xA64A, 0xA64A),
    (0xA64C, 0xA64C),
    (0xA64E, 0xA64E),
    (0xA650, 0xA650),
    (0xA652, 0xA652),
    (0xA654, 0xA654),
    (0xA656, 0xA656),
    (0xA658, 0xA658),
    (0xA65A, 0xA65A),
    (0xA65C, 0xA65C),
    (0xA65E, 0xA65E),
    (0xA660, 0xA660),
    (0xA662, 0xA662),
    (0xA664, 0xA664),
    (0xA666, 0xA666),
    (0xA668, 0xA668),
    (0xA66A, 0xA66A),
    (0xA66C, 0xA66C),
    (0xA680, 0xA680),
    (0xA682, 0xA682),
    (0xA684, 0xA684),
    (0xA686, 0xA686),
    (0xA688, 0xA688),
    (0xA68A, 0xA68A),
    (0xA68C, 0xA68C),
    (0xA68E, 0xA68E),
    (0xA690, 0xA690),
    (0xA692, 0xA692),
    (0xA694, 0xA694),
    (0xA696, 0xA696),
    (0xA698, 0xA698),
    (0xA69A, 0xA69A),
    (0xA722, 0xA722),
    (0xA724, 0xA724),
    (0xA726, 0xA726),
    (0xA728, 0xA728),
    (0xA72A, 0xA72A),
    (0xA72C, 0xA72C),
    (0xA72E, 0xA72E),
    (0xA732, 0xA732),
    (0xA734, 0xA734),
    (0xA736, 0xA736),
    (0xA738, 0xA738),
    (0xA73A, 0xA73A),
    (0xA73C, 0xA73C),
    (0xA73E, 0xA73E),
    (0xA740, 0xA740),
    (0xA742, 0xA742),
    (0xA744, 0xA744),
    (0xA746, 0xA746),
    (0xA748, 0xA748),
    (0xA74A, 0xA74A),
    (0xA74C, 0xA74C),
    (0xA74E, 0xA74E),
    (0xA750, 0xA750),
    (0xA752, 0xA752),
    (0xA754, 0xA754),
    (0xA756, 0xA756),
    (0xA758, 0xA758),
    (0xA75A, 0xA75A),
    (0xA75C, 0xA75C),
    (0xA75E, 0xA75E),
    (0xA760, 0xA760),
    (0xA762, 0xA762),
    (0xA764, 0xA764),
    (0xA766, 0xA766),
    (0xA768, 0xA768),
    (0xA76A, 0xA76A),
    (0xA76C, 0xA76C),
    (0xA76E, 0xA76E),
    (0xA779, 0xA779),
    (0xA77B, 0xA77B),
    (0xA77D, 0xA77E),
    (0xA780, 0xA780),
    (0xA782, 0xA782),
    (0xA784, 0xA784),
    (0xA786, 0xA786),
    (0xA78B, 0xA78B),
    (0xA78D, 0xA78D),
    (0xA790, 0xA790),
    (0xA792, 0xA792),
    (0xA796, 0xA796),
    (0xA798, 0xA798),
    (0xA79A, 0xA79A),
    (0xA79C, 0xA79C),
    (0xA79E, 0xA79E),
    (0xA7A0, 0xA7A0),
    (0xA7A2, 0xA7A2),
    (0xA7A4, 0xA7A4),
    (0xA7A6, 0xA7A6),
    (0xA7A8, 0xA7A8),
    (0xA7AA, 0xA7AE),
    (0xA7B0, 0xA7B4),
    (0xA7B6, 0xA7B6),
    (0xA7B8, 0xA7B8),
    (0xA7BA, 0xA7BA),
    (0xA7BC, 0xA7BC),
    (0xA7BE, 0xA7BE),
    (0xA7C0, 0xA7C0),
    (0xA7C2, 0xA7C2),
    (0xA7C4, 0xA7C7),
    (0xA7C9, 0xA7C9),
    (0xA7CB, 0xA7CC),
    (0xA7CE, 0xA7CE),
    (0xA7D0, 0xA7D0),
    (0xA7D2, 0xA7D2),
    (0xA7D4, 0xA7D4),
    (0xA7D6, 0xA7D6),
    (0xA7D8, 0xA7D8),
    (0xA7DA, 0xA7DA),
    (0xA7DC, 0xA7DC),
    (0xA7F5, 0xA7F5),
    (0xAB70, 0xABBF),
    (0xFB00, 0xFB06),
    (0xFB13, 0xFB17),
    (0xFF21, 0xFF3A),
    (0x10400, 0x10427),
    (0x104B0, 0x104D3),
    (0x10570, 0x1057A),
    (0x1057C, 0x1058A),
    (0x1058C, 0x10592),
    (0x10594, 0x10595),
    (0x10C80, 0x10CB2),
    (0x10D50, 0x10D65),
    (0x118A0, 0x118BF),
    (0x16E40, 0x16E5F),
    (0x16EA0, 0x16EB8),
    (0x1E900, 0x1E921),
];

/// `\p{Changes_When_Casemapped}` (from the test262 fixtures).
pub const CHANGES_WHEN_CASEMAPPED: &[(u32, u32)] = &[
    (0x0041, 0x005A),
    (0x0061, 0x007A),
    (0x00B5, 0x00B5),
    (0x00C0, 0x00D6),
    (0x00D8, 0x00F6),
    (0x00F8, 0x0137),
    (0x0139, 0x018C),
    (0x018E, 0x01A9),
    (0x01AC, 0x01B9),
    (0x01BC, 0x01BD),
    (0x01BF, 0x01BF),
    (0x01C4, 0x0220),
    (0x0222, 0x0233),
    (0x023A, 0x0254),
    (0x0256, 0x0257),
    (0x0259, 0x0259),
    (0x025B, 0x025C),
    (0x0260, 0x0261),
    (0x0263, 0x0266),
    (0x0268, 0x026C),
    (0x026F, 0x026F),
    (0x0271, 0x0272),
    (0x0275, 0x0275),
    (0x027D, 0x027D),
    (0x0280, 0x0280),
    (0x0282, 0x0283),
    (0x0287, 0x028C),
    (0x0292, 0x0292),
    (0x029D, 0x029E),
    (0x0345, 0x0345),
    (0x0370, 0x0373),
    (0x0376, 0x0377),
    (0x037B, 0x037D),
    (0x037F, 0x037F),
    (0x0386, 0x0386),
    (0x0388, 0x038A),
    (0x038C, 0x038C),
    (0x038E, 0x03A1),
    (0x03A3, 0x03D1),
    (0x03D5, 0x03F5),
    (0x03F7, 0x03FB),
    (0x03FD, 0x0481),
    (0x048A, 0x052F),
    (0x0531, 0x0556),
    (0x0561, 0x0587),
    (0x10A0, 0x10C5),
    (0x10C7, 0x10C7),
    (0x10CD, 0x10CD),
    (0x10D0, 0x10FA),
    (0x10FD, 0x10FF),
    (0x13A0, 0x13F5),
    (0x13F8, 0x13FD),
    (0x1C80, 0x1C8A),
    (0x1C90, 0x1CBA),
    (0x1CBD, 0x1CBF),
    (0x1D79, 0x1D79),
    (0x1D7D, 0x1D7D),
    (0x1D8E, 0x1D8E),
    (0x1E00, 0x1E9B),
    (0x1E9E, 0x1E9E),
    (0x1EA0, 0x1F15),
    (0x1F18, 0x1F1D),
    (0x1F20, 0x1F45),
    (0x1F48, 0x1F4D),
    (0x1F50, 0x1F57),
    (0x1F59, 0x1F59),
    (0x1F5B, 0x1F5B),
    (0x1F5D, 0x1F5D),
    (0x1F5F, 0x1F7D),
    (0x1F80, 0x1FB4),
    (0x1FB6, 0x1FBC),
    (0x1FBE, 0x1FBE),
    (0x1FC2, 0x1FC4),
    (0x1FC6, 0x1FCC),
    (0x1FD0, 0x1FD3),
    (0x1FD6, 0x1FDB),
    (0x1FE0, 0x1FEC),
    (0x1FF2, 0x1FF4),
    (0x1FF6, 0x1FFC),
    (0x2126, 0x2126),
    (0x212A, 0x212B),
    (0x2132, 0x2132),
    (0x214E, 0x214E),
    (0x2160, 0x217F),
    (0x2183, 0x2184),
    (0x24B6, 0x24E9),
    (0x2C00, 0x2C70),
    (0x2C72, 0x2C73),
    (0x2C75, 0x2C76),
    (0x2C7E, 0x2CE3),
    (0x2CEB, 0x2CEE),
    (0x2CF2, 0x2CF3),
    (0x2D00, 0x2D25),
    (0x2D27, 0x2D27),
    (0x2D2D, 0x2D2D),
    (0xA640, 0xA66D),
    (0xA680, 0xA69B),
    (0xA722, 0xA72F),
    (0xA732, 0xA76F),
    (0xA779, 0xA787),
    (0xA78B, 0xA78D),
    (0xA790, 0xA794),
    (0xA796, 0xA7AE),
    (0xA7B0, 0xA7DC),
    (0xA7F5, 0xA7F6),
    (0xAB53, 0xAB53),
    (0xAB70, 0xABBF),
    (0xFB00, 0xFB06),
    (0xFB13, 0xFB17),
    (0xFF21, 0xFF3A),
    (0xFF41, 0xFF5A),
    (0x10400, 0x1044F),
    (0x104B0, 0x104D3),
    (0x104D8, 0x104FB),
    (0x10570, 0x1057A),
    (0x1057C, 0x1058A),
    (0x1058C, 0x10592),
    (0x10594, 0x10595),
    (0x10597, 0x105A1),
    (0x105A3, 0x105B1),
    (0x105B3, 0x105B9),
    (0x105BB, 0x105BC),
    (0x10C80, 0x10CB2),
    (0x10CC0, 0x10CF2),
    (0x10D50, 0x10D65),
    (0x10D70, 0x10D85),
    (0x118A0, 0x118DF),
    (0x16E40, 0x16E7F),
    (0x16EA0, 0x16EB8),
    (0x16EBB, 0x16ED3),
    (0x1E900, 0x1E943),
];

/// `\p{Changes_When_Lowercased}` (from the test262 fixtures).
pub const CHANGES_WHEN_LOWERCASED: &[(u32, u32)] = &[
    (0x0041, 0x005A),
    (0x00C0, 0x00D6),
    (0x00D8, 0x00DE),
    (0x0100, 0x0100),
    (0x0102, 0x0102),
    (0x0104, 0x0104),
    (0x0106, 0x0106),
    (0x0108, 0x0108),
    (0x010A, 0x010A),
    (0x010C, 0x010C),
    (0x010E, 0x010E),
    (0x0110, 0x0110),
    (0x0112, 0x0112),
    (0x0114, 0x0114),
    (0x0116, 0x0116),
    (0x0118, 0x0118),
    (0x011A, 0x011A),
    (0x011C, 0x011C),
    (0x011E, 0x011E),
    (0x0120, 0x0120),
    (0x0122, 0x0122),
    (0x0124, 0x0124),
    (0x0126, 0x0126),
    (0x0128, 0x0128),
    (0x012A, 0x012A),
    (0x012C, 0x012C),
    (0x012E, 0x012E),
    (0x0130, 0x0130),
    (0x0132, 0x0132),
    (0x0134, 0x0134),
    (0x0136, 0x0136),
    (0x0139, 0x0139),
    (0x013B, 0x013B),
    (0x013D, 0x013D),
    (0x013F, 0x013F),
    (0x0141, 0x0141),
    (0x0143, 0x0143),
    (0x0145, 0x0145),
    (0x0147, 0x0147),
    (0x014A, 0x014A),
    (0x014C, 0x014C),
    (0x014E, 0x014E),
    (0x0150, 0x0150),
    (0x0152, 0x0152),
    (0x0154, 0x0154),
    (0x0156, 0x0156),
    (0x0158, 0x0158),
    (0x015A, 0x015A),
    (0x015C, 0x015C),
    (0x015E, 0x015E),
    (0x0160, 0x0160),
    (0x0162, 0x0162),
    (0x0164, 0x0164),
    (0x0166, 0x0166),
    (0x0168, 0x0168),
    (0x016A, 0x016A),
    (0x016C, 0x016C),
    (0x016E, 0x016E),
    (0x0170, 0x0170),
    (0x0172, 0x0172),
    (0x0174, 0x0174),
    (0x0176, 0x0176),
    (0x0178, 0x0179),
    (0x017B, 0x017B),
    (0x017D, 0x017D),
    (0x0181, 0x0182),
    (0x0184, 0x0184),
    (0x0186, 0x0187),
    (0x0189, 0x018B),
    (0x018E, 0x0191),
    (0x0193, 0x0194),
    (0x0196, 0x0198),
    (0x019C, 0x019D),
    (0x019F, 0x01A0),
    (0x01A2, 0x01A2),
    (0x01A4, 0x01A4),
    (0x01A6, 0x01A7),
    (0x01A9, 0x01A9),
    (0x01AC, 0x01AC),
    (0x01AE, 0x01AF),
    (0x01B1, 0x01B3),
    (0x01B5, 0x01B5),
    (0x01B7, 0x01B8),
    (0x01BC, 0x01BC),
    (0x01C4, 0x01C5),
    (0x01C7, 0x01C8),
    (0x01CA, 0x01CB),
    (0x01CD, 0x01CD),
    (0x01CF, 0x01CF),
    (0x01D1, 0x01D1),
    (0x01D3, 0x01D3),
    (0x01D5, 0x01D5),
    (0x01D7, 0x01D7),
    (0x01D9, 0x01D9),
    (0x01DB, 0x01DB),
    (0x01DE, 0x01DE),
    (0x01E0, 0x01E0),
    (0x01E2, 0x01E2),
    (0x01E4, 0x01E4),
    (0x01E6, 0x01E6),
    (0x01E8, 0x01E8),
    (0x01EA, 0x01EA),
    (0x01EC, 0x01EC),
    (0x01EE, 0x01EE),
    (0x01F1, 0x01F2),
    (0x01F4, 0x01F4),
    (0x01F6, 0x01F8),
    (0x01FA, 0x01FA),
    (0x01FC, 0x01FC),
    (0x01FE, 0x01FE),
    (0x0200, 0x0200),
    (0x0202, 0x0202),
    (0x0204, 0x0204),
    (0x0206, 0x0206),
    (0x0208, 0x0208),
    (0x020A, 0x020A),
    (0x020C, 0x020C),
    (0x020E, 0x020E),
    (0x0210, 0x0210),
    (0x0212, 0x0212),
    (0x0214, 0x0214),
    (0x0216, 0x0216),
    (0x0218, 0x0218),
    (0x021A, 0x021A),
    (0x021C, 0x021C),
    (0x021E, 0x021E),
    (0x0220, 0x0220),
    (0x0222, 0x0222),
    (0x0224, 0x0224),
    (0x0226, 0x0226),
    (0x0228, 0x0228),
    (0x022A, 0x022A),
    (0x022C, 0x022C),
    (0x022E, 0x022E),
    (0x0230, 0x0230),
    (0x0232, 0x0232),
    (0x023A, 0x023B),
    (0x023D, 0x023E),
    (0x0241, 0x0241),
    (0x0243, 0x0246),
    (0x0248, 0x0248),
    (0x024A, 0x024A),
    (0x024C, 0x024C),
    (0x024E, 0x024E),
    (0x0370, 0x0370),
    (0x0372, 0x0372),
    (0x0376, 0x0376),
    (0x037F, 0x037F),
    (0x0386, 0x0386),
    (0x0388, 0x038A),
    (0x038C, 0x038C),
    (0x038E, 0x038F),
    (0x0391, 0x03A1),
    (0x03A3, 0x03AB),
    (0x03CF, 0x03CF),
    (0x03D8, 0x03D8),
    (0x03DA, 0x03DA),
    (0x03DC, 0x03DC),
    (0x03DE, 0x03DE),
    (0x03E0, 0x03E0),
    (0x03E2, 0x03E2),
    (0x03E4, 0x03E4),
    (0x03E6, 0x03E6),
    (0x03E8, 0x03E8),
    (0x03EA, 0x03EA),
    (0x03EC, 0x03EC),
    (0x03EE, 0x03EE),
    (0x03F4, 0x03F4),
    (0x03F7, 0x03F7),
    (0x03F9, 0x03FA),
    (0x03FD, 0x042F),
    (0x0460, 0x0460),
    (0x0462, 0x0462),
    (0x0464, 0x0464),
    (0x0466, 0x0466),
    (0x0468, 0x0468),
    (0x046A, 0x046A),
    (0x046C, 0x046C),
    (0x046E, 0x046E),
    (0x0470, 0x0470),
    (0x0472, 0x0472),
    (0x0474, 0x0474),
    (0x0476, 0x0476),
    (0x0478, 0x0478),
    (0x047A, 0x047A),
    (0x047C, 0x047C),
    (0x047E, 0x047E),
    (0x0480, 0x0480),
    (0x048A, 0x048A),
    (0x048C, 0x048C),
    (0x048E, 0x048E),
    (0x0490, 0x0490),
    (0x0492, 0x0492),
    (0x0494, 0x0494),
    (0x0496, 0x0496),
    (0x0498, 0x0498),
    (0x049A, 0x049A),
    (0x049C, 0x049C),
    (0x049E, 0x049E),
    (0x04A0, 0x04A0),
    (0x04A2, 0x04A2),
    (0x04A4, 0x04A4),
    (0x04A6, 0x04A6),
    (0x04A8, 0x04A8),
    (0x04AA, 0x04AA),
    (0x04AC, 0x04AC),
    (0x04AE, 0x04AE),
    (0x04B0, 0x04B0),
    (0x04B2, 0x04B2),
    (0x04B4, 0x04B4),
    (0x04B6, 0x04B6),
    (0x04B8, 0x04B8),
    (0x04BA, 0x04BA),
    (0x04BC, 0x04BC),
    (0x04BE, 0x04BE),
    (0x04C0, 0x04C1),
    (0x04C3, 0x04C3),
    (0x04C5, 0x04C5),
    (0x04C7, 0x04C7),
    (0x04C9, 0x04C9),
    (0x04CB, 0x04CB),
    (0x04CD, 0x04CD),
    (0x04D0, 0x04D0),
    (0x04D2, 0x04D2),
    (0x04D4, 0x04D4),
    (0x04D6, 0x04D6),
    (0x04D8, 0x04D8),
    (0x04DA, 0x04DA),
    (0x04DC, 0x04DC),
    (0x04DE, 0x04DE),
    (0x04E0, 0x04E0),
    (0x04E2, 0x04E2),
    (0x04E4, 0x04E4),
    (0x04E6, 0x04E6),
    (0x04E8, 0x04E8),
    (0x04EA, 0x04EA),
    (0x04EC, 0x04EC),
    (0x04EE, 0x04EE),
    (0x04F0, 0x04F0),
    (0x04F2, 0x04F2),
    (0x04F4, 0x04F4),
    (0x04F6, 0x04F6),
    (0x04F8, 0x04F8),
    (0x04FA, 0x04FA),
    (0x04FC, 0x04FC),
    (0x04FE, 0x04FE),
    (0x0500, 0x0500),
    (0x0502, 0x0502),
    (0x0504, 0x0504),
    (0x0506, 0x0506),
    (0x0508, 0x0508),
    (0x050A, 0x050A),
    (0x050C, 0x050C),
    (0x050E, 0x050E),
    (0x0510, 0x0510),
    (0x0512, 0x0512),
    (0x0514, 0x0514),
    (0x0516, 0x0516),
    (0x0518, 0x0518),
    (0x051A, 0x051A),
    (0x051C, 0x051C),
    (0x051E, 0x051E),
    (0x0520, 0x0520),
    (0x0522, 0x0522),
    (0x0524, 0x0524),
    (0x0526, 0x0526),
    (0x0528, 0x0528),
    (0x052A, 0x052A),
    (0x052C, 0x052C),
    (0x052E, 0x052E),
    (0x0531, 0x0556),
    (0x10A0, 0x10C5),
    (0x10C7, 0x10C7),
    (0x10CD, 0x10CD),
    (0x13A0, 0x13F5),
    (0x1C89, 0x1C89),
    (0x1C90, 0x1CBA),
    (0x1CBD, 0x1CBF),
    (0x1E00, 0x1E00),
    (0x1E02, 0x1E02),
    (0x1E04, 0x1E04),
    (0x1E06, 0x1E06),
    (0x1E08, 0x1E08),
    (0x1E0A, 0x1E0A),
    (0x1E0C, 0x1E0C),
    (0x1E0E, 0x1E0E),
    (0x1E10, 0x1E10),
    (0x1E12, 0x1E12),
    (0x1E14, 0x1E14),
    (0x1E16, 0x1E16),
    (0x1E18, 0x1E18),
    (0x1E1A, 0x1E1A),
    (0x1E1C, 0x1E1C),
    (0x1E1E, 0x1E1E),
    (0x1E20, 0x1E20),
    (0x1E22, 0x1E22),
    (0x1E24, 0x1E24),
    (0x1E26, 0x1E26),
    (0x1E28, 0x1E28),
    (0x1E2A, 0x1E2A),
    (0x1E2C, 0x1E2C),
    (0x1E2E, 0x1E2E),
    (0x1E30, 0x1E30),
    (0x1E32, 0x1E32),
    (0x1E34, 0x1E34),
    (0x1E36, 0x1E36),
    (0x1E38, 0x1E38),
    (0x1E3A, 0x1E3A),
    (0x1E3C, 0x1E3C),
    (0x1E3E, 0x1E3E),
    (0x1E40, 0x1E40),
    (0x1E42, 0x1E42),
    (0x1E44, 0x1E44),
    (0x1E46, 0x1E46),
    (0x1E48, 0x1E48),
    (0x1E4A, 0x1E4A),
    (0x1E4C, 0x1E4C),
    (0x1E4E, 0x1E4E),
    (0x1E50, 0x1E50),
    (0x1E52, 0x1E52),
    (0x1E54, 0x1E54),
    (0x1E56, 0x1E56),
    (0x1E58, 0x1E58),
    (0x1E5A, 0x1E5A),
    (0x1E5C, 0x1E5C),
    (0x1E5E, 0x1E5E),
    (0x1E60, 0x1E60),
    (0x1E62, 0x1E62),
    (0x1E64, 0x1E64),
    (0x1E66, 0x1E66),
    (0x1E68, 0x1E68),
    (0x1E6A, 0x1E6A),
    (0x1E6C, 0x1E6C),
    (0x1E6E, 0x1E6E),
    (0x1E70, 0x1E70),
    (0x1E72, 0x1E72),
    (0x1E74, 0x1E74),
    (0x1E76, 0x1E76),
    (0x1E78, 0x1E78),
    (0x1E7A, 0x1E7A),
    (0x1E7C, 0x1E7C),
    (0x1E7E, 0x1E7E),
    (0x1E80, 0x1E80),
    (0x1E82, 0x1E82),
    (0x1E84, 0x1E84),
    (0x1E86, 0x1E86),
    (0x1E88, 0x1E88),
    (0x1E8A, 0x1E8A),
    (0x1E8C, 0x1E8C),
    (0x1E8E, 0x1E8E),
    (0x1E90, 0x1E90),
    (0x1E92, 0x1E92),
    (0x1E94, 0x1E94),
    (0x1E9E, 0x1E9E),
    (0x1EA0, 0x1EA0),
    (0x1EA2, 0x1EA2),
    (0x1EA4, 0x1EA4),
    (0x1EA6, 0x1EA6),
    (0x1EA8, 0x1EA8),
    (0x1EAA, 0x1EAA),
    (0x1EAC, 0x1EAC),
    (0x1EAE, 0x1EAE),
    (0x1EB0, 0x1EB0),
    (0x1EB2, 0x1EB2),
    (0x1EB4, 0x1EB4),
    (0x1EB6, 0x1EB6),
    (0x1EB8, 0x1EB8),
    (0x1EBA, 0x1EBA),
    (0x1EBC, 0x1EBC),
    (0x1EBE, 0x1EBE),
    (0x1EC0, 0x1EC0),
    (0x1EC2, 0x1EC2),
    (0x1EC4, 0x1EC4),
    (0x1EC6, 0x1EC6),
    (0x1EC8, 0x1EC8),
    (0x1ECA, 0x1ECA),
    (0x1ECC, 0x1ECC),
    (0x1ECE, 0x1ECE),
    (0x1ED0, 0x1ED0),
    (0x1ED2, 0x1ED2),
    (0x1ED4, 0x1ED4),
    (0x1ED6, 0x1ED6),
    (0x1ED8, 0x1ED8),
    (0x1EDA, 0x1EDA),
    (0x1EDC, 0x1EDC),
    (0x1EDE, 0x1EDE),
    (0x1EE0, 0x1EE0),
    (0x1EE2, 0x1EE2),
    (0x1EE4, 0x1EE4),
    (0x1EE6, 0x1EE6),
    (0x1EE8, 0x1EE8),
    (0x1EEA, 0x1EEA),
    (0x1EEC, 0x1EEC),
    (0x1EEE, 0x1EEE),
    (0x1EF0, 0x1EF0),
    (0x1EF2, 0x1EF2),
    (0x1EF4, 0x1EF4),
    (0x1EF6, 0x1EF6),
    (0x1EF8, 0x1EF8),
    (0x1EFA, 0x1EFA),
    (0x1EFC, 0x1EFC),
    (0x1EFE, 0x1EFE),
    (0x1F08, 0x1F0F),
    (0x1F18, 0x1F1D),
    (0x1F28, 0x1F2F),
    (0x1F38, 0x1F3F),
    (0x1F48, 0x1F4D),
    (0x1F59, 0x1F59),
    (0x1F5B, 0x1F5B),
    (0x1F5D, 0x1F5D),
    (0x1F5F, 0x1F5F),
    (0x1F68, 0x1F6F),
    (0x1F88, 0x1F8F),
    (0x1F98, 0x1F9F),
    (0x1FA8, 0x1FAF),
    (0x1FB8, 0x1FBC),
    (0x1FC8, 0x1FCC),
    (0x1FD8, 0x1FDB),
    (0x1FE8, 0x1FEC),
    (0x1FF8, 0x1FFC),
    (0x2126, 0x2126),
    (0x212A, 0x212B),
    (0x2132, 0x2132),
    (0x2160, 0x216F),
    (0x2183, 0x2183),
    (0x24B6, 0x24CF),
    (0x2C00, 0x2C2F),
    (0x2C60, 0x2C60),
    (0x2C62, 0x2C64),
    (0x2C67, 0x2C67),
    (0x2C69, 0x2C69),
    (0x2C6B, 0x2C6B),
    (0x2C6D, 0x2C70),
    (0x2C72, 0x2C72),
    (0x2C75, 0x2C75),
    (0x2C7E, 0x2C80),
    (0x2C82, 0x2C82),
    (0x2C84, 0x2C84),
    (0x2C86, 0x2C86),
    (0x2C88, 0x2C88),
    (0x2C8A, 0x2C8A),
    (0x2C8C, 0x2C8C),
    (0x2C8E, 0x2C8E),
    (0x2C90, 0x2C90),
    (0x2C92, 0x2C92),
    (0x2C94, 0x2C94),
    (0x2C96, 0x2C96),
    (0x2C98, 0x2C98),
    (0x2C9A, 0x2C9A),
    (0x2C9C, 0x2C9C),
    (0x2C9E, 0x2C9E),
    (0x2CA0, 0x2CA0),
    (0x2CA2, 0x2CA2),
    (0x2CA4, 0x2CA4),
    (0x2CA6, 0x2CA6),
    (0x2CA8, 0x2CA8),
    (0x2CAA, 0x2CAA),
    (0x2CAC, 0x2CAC),
    (0x2CAE, 0x2CAE),
    (0x2CB0, 0x2CB0),
    (0x2CB2, 0x2CB2),
    (0x2CB4, 0x2CB4),
    (0x2CB6, 0x2CB6),
    (0x2CB8, 0x2CB8),
    (0x2CBA, 0x2CBA),
    (0x2CBC, 0x2CBC),
    (0x2CBE, 0x2CBE),
    (0x2CC0, 0x2CC0),
    (0x2CC2, 0x2CC2),
    (0x2CC4, 0x2CC4),
    (0x2CC6, 0x2CC6),
    (0x2CC8, 0x2CC8),
    (0x2CCA, 0x2CCA),
    (0x2CCC, 0x2CCC),
    (0x2CCE, 0x2CCE),
    (0x2CD0, 0x2CD0),
    (0x2CD2, 0x2CD2),
    (0x2CD4, 0x2CD4),
    (0x2CD6, 0x2CD6),
    (0x2CD8, 0x2CD8),
    (0x2CDA, 0x2CDA),
    (0x2CDC, 0x2CDC),
    (0x2CDE, 0x2CDE),
    (0x2CE0, 0x2CE0),
    (0x2CE2, 0x2CE2),
    (0x2CEB, 0x2CEB),
    (0x2CED, 0x2CED),
    (0x2CF2, 0x2CF2),
    (0xA640, 0xA640),
    (0xA642, 0xA642),
    (0xA644, 0xA644),
    (0xA646, 0xA646),
    (0xA648, 0xA648),
    (0xA64A, 0xA64A),
    (0xA64C, 0xA64C),
    (0xA64E, 0xA64E),
    (0xA650, 0xA650),
    (0xA652, 0xA652),
    (0xA654, 0xA654),
    (0xA656, 0xA656),
    (0xA658, 0xA658),
    (0xA65A, 0xA65A),
    (0xA65C, 0xA65C),
    (0xA65E, 0xA65E),
    (0xA660, 0xA660),
    (0xA662, 0xA662),
    (0xA664, 0xA664),
    (0xA666, 0xA666),
    (0xA668, 0xA668),
    (0xA66A, 0xA66A),
    (0xA66C, 0xA66C),
    (0xA680, 0xA680),
    (0xA682, 0xA682),
    (0xA684, 0xA684),
    (0xA686, 0xA686),
    (0xA688, 0xA688),
    (0xA68A, 0xA68A),
    (0xA68C, 0xA68C),
    (0xA68E, 0xA68E),
    (0xA690, 0xA690),
    (0xA692, 0xA692),
    (0xA694, 0xA694),
    (0xA696, 0xA696),
    (0xA698, 0xA698),
    (0xA69A, 0xA69A),
    (0xA722, 0xA722),
    (0xA724, 0xA724),
    (0xA726, 0xA726),
    (0xA728, 0xA728),
    (0xA72A, 0xA72A),
    (0xA72C, 0xA72C),
    (0xA72E, 0xA72E),
    (0xA732, 0xA732),
    (0xA734, 0xA734),
    (0xA736, 0xA736),
    (0xA738, 0xA738),
    (0xA73A, 0xA73A),
    (0xA73C, 0xA73C),
    (0xA73E, 0xA73E),
    (0xA740, 0xA740),
    (0xA742, 0xA742),
    (0xA744, 0xA744),
    (0xA746, 0xA746),
    (0xA748, 0xA748),
    (0xA74A, 0xA74A),
    (0xA74C, 0xA74C),
    (0xA74E, 0xA74E),
    (0xA750, 0xA750),
    (0xA752, 0xA752),
    (0xA754, 0xA754),
    (0xA756, 0xA756),
    (0xA758, 0xA758),
    (0xA75A, 0xA75A),
    (0xA75C, 0xA75C),
    (0xA75E, 0xA75E),
    (0xA760, 0xA760),
    (0xA762, 0xA762),
    (0xA764, 0xA764),
    (0xA766, 0xA766),
    (0xA768, 0xA768),
    (0xA76A, 0xA76A),
    (0xA76C, 0xA76C),
    (0xA76E, 0xA76E),
    (0xA779, 0xA779),
    (0xA77B, 0xA77B),
    (0xA77D, 0xA77E),
    (0xA780, 0xA780),
    (0xA782, 0xA782),
    (0xA784, 0xA784),
    (0xA786, 0xA786),
    (0xA78B, 0xA78B),
    (0xA78D, 0xA78D),
    (0xA790, 0xA790),
    (0xA792, 0xA792),
    (0xA796, 0xA796),
    (0xA798, 0xA798),
    (0xA79A, 0xA79A),
    (0xA79C, 0xA79C),
    (0xA79E, 0xA79E),
    (0xA7A0, 0xA7A0),
    (0xA7A2, 0xA7A2),
    (0xA7A4, 0xA7A4),
    (0xA7A6, 0xA7A6),
    (0xA7A8, 0xA7A8),
    (0xA7AA, 0xA7AE),
    (0xA7B0, 0xA7B4),
    (0xA7B6, 0xA7B6),
    (0xA7B8, 0xA7B8),
    (0xA7BA, 0xA7BA),
    (0xA7BC, 0xA7BC),
    (0xA7BE, 0xA7BE),
    (0xA7C0, 0xA7C0),
    (0xA7C2, 0xA7C2),
    (0xA7C4, 0xA7C7),
    (0xA7C9, 0xA7C9),
    (0xA7CB, 0xA7CC),
    (0xA7CE, 0xA7CE),
    (0xA7D0, 0xA7D0),
    (0xA7D2, 0xA7D2),
    (0xA7D4, 0xA7D4),
    (0xA7D6, 0xA7D6),
    (0xA7D8, 0xA7D8),
    (0xA7DA, 0xA7DA),
    (0xA7DC, 0xA7DC),
    (0xA7F5, 0xA7F5),
    (0xFF21, 0xFF3A),
    (0x10400, 0x10427),
    (0x104B0, 0x104D3),
    (0x10570, 0x1057A),
    (0x1057C, 0x1058A),
    (0x1058C, 0x10592),
    (0x10594, 0x10595),
    (0x10C80, 0x10CB2),
    (0x10D50, 0x10D65),
    (0x118A0, 0x118BF),
    (0x16E40, 0x16E5F),
    (0x16EA0, 0x16EB8),
    (0x1E900, 0x1E921),
];

/// `\p{Changes_When_NFKC_Casefolded}` (from the test262 fixtures).
pub const CHANGES_WHEN_NFKC_CASEFOLDED: &[(u32, u32)] = &[
    (0x0041, 0x005A),
    (0x00A0, 0x00A0),
    (0x00A8, 0x00A8),
    (0x00AA, 0x00AA),
    (0x00AD, 0x00AD),
    (0x00AF, 0x00AF),
    (0x00B2, 0x00B5),
    (0x00B8, 0x00BA),
    (0x00BC, 0x00BE),
    (0x00C0, 0x00D6),
    (0x00D8, 0x00DF),
    (0x0100, 0x0100),
    (0x0102, 0x0102),
    (0x0104, 0x0104),
    (0x0106, 0x0106),
    (0x0108, 0x0108),
    (0x010A, 0x010A),
    (0x010C, 0x010C),
    (0x010E, 0x010E),
    (0x0110, 0x0110),
    (0x0112, 0x0112),
    (0x0114, 0x0114),
    (0x0116, 0x0116),
    (0x0118, 0x0118),
    (0x011A, 0x011A),
    (0x011C, 0x011C),
    (0x011E, 0x011E),
    (0x0120, 0x0120),
    (0x0122, 0x0122),
    (0x0124, 0x0124),
    (0x0126, 0x0126),
    (0x0128, 0x0128),
    (0x012A, 0x012A),
    (0x012C, 0x012C),
    (0x012E, 0x012E),
    (0x0130, 0x0130),
    (0x0132, 0x0134),
    (0x0136, 0x0136),
    (0x0139, 0x0139),
    (0x013B, 0x013B),
    (0x013D, 0x013D),
    (0x013F, 0x0141),
    (0x0143, 0x0143),
    (0x0145, 0x0145),
    (0x0147, 0x0147),
    (0x0149, 0x014A),
    (0x014C, 0x014C),
    (0x014E, 0x014E),
    (0x0150, 0x0150),
    (0x0152, 0x0152),
    (0x0154, 0x0154),
    (0x0156, 0x0156),
    (0x0158, 0x0158),
    (0x015A, 0x015A),
    (0x015C, 0x015C),
    (0x015E, 0x015E),
    (0x0160, 0x0160),
    (0x0162, 0x0162),
    (0x0164, 0x0164),
    (0x0166, 0x0166),
    (0x0168, 0x0168),
    (0x016A, 0x016A),
    (0x016C, 0x016C),
    (0x016E, 0x016E),
    (0x0170, 0x0170),
    (0x0172, 0x0172),
    (0x0174, 0x0174),
    (0x0176, 0x0176),
    (0x0178, 0x0179),
    (0x017B, 0x017B),
    (0x017D, 0x017D),
    (0x017F, 0x017F),
    (0x0181, 0x0182),
    (0x0184, 0x0184),
    (0x0186, 0x0187),
    (0x0189, 0x018B),
    (0x018E, 0x0191),
    (0x0193, 0x0194),
    (0x0196, 0x0198),
    (0x019C, 0x019D),
    (0x019F, 0x01A0),
    (0x01A2, 0x01A2),
    (0x01A4, 0x01A4),
    (0x01A6, 0x01A7),
    (0x01A9, 0x01A9),
    (0x01AC, 0x01AC),
    (0x01AE, 0x01AF),
    (0x01B1, 0x01B3),
    (0x01B5, 0x01B5),
    (0x01B7, 0x01B8),
    (0x01BC, 0x01BC),
    (0x01C4, 0x01CD),
    (0x01CF, 0x01CF),
    (0x01D1, 0x01D1),
    (0x01D3, 0x01D3),
    (0x01D5, 0x01D5),
    (0x01D7, 0x01D7),
    (0x01D9, 0x01D9),
    (0x01DB, 0x01DB),
    (0x01DE, 0x01DE),
    (0x01E0, 0x01E0),
    (0x01E2, 0x01E2),
    (0x01E4, 0x01E4),
    (0x01E6, 0x01E6),
    (0x01E8, 0x01E8),
    (0x01EA, 0x01EA),
    (0x01EC, 0x01EC),
    (0x01EE, 0x01EE),
    (0x01F1, 0x01F4),
    (0x01F6, 0x01F8),
    (0x01FA, 0x01FA),
    (0x01FC, 0x01FC),
    (0x01FE, 0x01FE),
    (0x0200, 0x0200),
    (0x0202, 0x0202),
    (0x0204, 0x0204),
    (0x0206, 0x0206),
    (0x0208, 0x0208),
    (0x020A, 0x020A),
    (0x020C, 0x020C),
    (0x020E, 0x020E),
    (0x0210, 0x0210),
    (0x0212, 0x0212),
    (0x0214, 0x0214),
    (0x0216, 0x0216),
    (0x0218, 0x0218),
    (0x021A, 0x021A),
    (0x021C, 0x021C),
    (0x021E, 0x021E),
    (0x0220, 0x0220),
    (0x0222, 0x0222),
    (0x0224, 0x0224),
    (0x0226, 0x0226),
    (0x0228, 0x0228),
    (0x022A, 0x022A),
    (0x022C, 0x022C),
    (0x022E, 0x022E),
    (0x0230, 0x0230),
    (0x0232, 0x0232),
    (0x023A, 0x023B),
    (0x023D, 0x023E),
    (0x0241, 0x0241),
    (0x0243, 0x0246),
    (0x0248, 0x0248),
    (0x024A, 0x024A),
    (0x024C, 0x024C),
    (0x024E, 0x024E),
    (0x02B0, 0x02B8),
    (0x02D8, 0x02DD),
    (0x02E0, 0x02E4),
    (0x0340, 0x0341),
    (0x0343, 0x0345),
    (0x034F, 0x034F),
    (0x0370, 0x0370),
    (0x0372, 0x0372),
    (0x0374, 0x0374),
    (0x0376, 0x0376),
    (0x037A, 0x037A),
    (0x037E, 0x037F),
    (0x0384, 0x038A),
    (0x038C, 0x038C),
    (0x038E, 0x038F),
    (0x0391, 0x03A1),
    (0x03A3, 0x03AB),
    (0x03C2, 0x03C2),
    (0x03CF, 0x03D6),
    (0x03D8, 0x03D8),
    (0x03DA, 0x03DA),
    (0x03DC, 0x03DC),
    (0x03DE, 0x03DE),
    (0x03E0, 0x03E0),
    (0x03E2, 0x03E2),
    (0x03E4, 0x03E4),
    (0x03E6, 0x03E6),
    (0x03E8, 0x03E8),
    (0x03EA, 0x03EA),
    (0x03EC, 0x03EC),
    (0x03EE, 0x03EE),
    (0x03F0, 0x03F2),
    (0x03F4, 0x03F5),
    (0x03F7, 0x03F7),
    (0x03F9, 0x03FA),
    (0x03FD, 0x042F),
    (0x0460, 0x0460),
    (0x0462, 0x0462),
    (0x0464, 0x0464),
    (0x0466, 0x0466),
    (0x0468, 0x0468),
    (0x046A, 0x046A),
    (0x046C, 0x046C),
    (0x046E, 0x046E),
    (0x0470, 0x0470),
    (0x0472, 0x0472),
    (0x0474, 0x0474),
    (0x0476, 0x0476),
    (0x0478, 0x0478),
    (0x047A, 0x047A),
    (0x047C, 0x047C),
    (0x047E, 0x047E),
    (0x0480, 0x0480),
    (0x048A, 0x048A),
    (0x048C, 0x048C),
    (0x048E, 0x048E),
    (0x0490, 0x0490),
    (0x0492, 0x0492),
    (0x0494, 0x0494),
    (0x0496, 0x0496),
    (0x0498, 0x0498),
    (0x049A, 0x049A),
    (0x049C, 0x049C),
    (0x049E, 0x049E),
    (0x04A0, 0x04A0),
    (0x04A2, 0x04A2),
    (0x04A4, 0x04A4),
    (0x04A6, 0x04A6),
    (0x04A8, 0x04A8),
    (0x04AA, 0x04AA),
    (0x04AC, 0x04AC),
    (0x04AE, 0x04AE),
    (0x04B0, 0x04B0),
    (0x04B2, 0x04B2),
    (0x04B4, 0x04B4),
    (0x04B6, 0x04B6),
    (0x04B8, 0x04B8),
    (0x04BA, 0x04BA),
    (0x04BC, 0x04BC),
    (0x04BE, 0x04BE),
    (0x04C0, 0x04C1),
    (0x04C3, 0x04C3),
    (0x04C5, 0x04C5),
    (0x04C7, 0x04C7),
    (0x04C9, 0x04C9),
    (0x04CB, 0x04CB),
    (0x04CD, 0x04CD),
    (0x04D0, 0x04D0),
    (0x04D2, 0x04D2),
    (0x04D4, 0x04D4),
    (0x04D6, 0x04D6),
    (0x04D8, 0x04D8),
    (0x04DA, 0x04DA),
    (0x04DC, 0x04DC),
    (0x04DE, 0x04DE),
    (0x04E0, 0x04E0),
    (0x04E2, 0x04E2),
    (0x04E4, 0x04E4),
    (0x04E6, 0x04E6),
    (0x04E8, 0x04E8),
    (0x04EA, 0x04EA),
    (0x04EC, 0x04EC),
    (0x04EE, 0x04EE),
    (0x04F0, 0x04F0),
    (0x04F2, 0x04F2),
    (0x04F4, 0x04F4),
    (0x04F6, 0x04F6),
    (0x04F8, 0x04F8),
    (0x04FA, 0x04FA),
    (0x04FC, 0x04FC),
    (0x04FE, 0x04FE),
    (0x0500, 0x0500),
    (0x0502, 0x0502),
    (0x0504, 0x0504),
    (0x0506, 0x0506),
    (0x0508, 0x0508),
    (0x050A, 0x050A),
    (0x050C, 0x050C),
    (0x050E, 0x050E),
    (0x0510, 0x0510),
    (0x0512, 0x0512),
    (0x0514, 0x0514),
    (0x0516, 0x0516),
    (0x0518, 0x0518),
    (0x051A, 0x051A),
    (0x051C, 0x051C),
    (0x051E, 0x051E),
    (0x0520, 0x0520),
    (0x0522, 0x0522),
    (0x0524, 0x0524),
    (0x0526, 0x0526),
    (0x0528, 0x0528),
    (0x052A, 0x052A),
    (0x052C, 0x052C),
    (0x052E, 0x052E),
    (0x0531, 0x0556),
    (0x0587, 0x0587),
    (0x061C, 0x061C),
    (0x0675, 0x0678),
    (0x0958, 0x095F),
    (0x09DC, 0x09DD),
    (0x09DF, 0x09DF),
    (0x0A33, 0x0A33),
    (0x0A36, 0x0A36),
    (0x0A59, 0x0A5B),
    (0x0A5E, 0x0A5E),
    (0x0B5C, 0x0B5D),
    (0x0E33, 0x0E33),
    (0x0EB3, 0x0EB3),
    (0x0EDC, 0x0EDD),
    (0x0F0C, 0x0F0C),
    (0x0F43, 0x0F43),
    (0x0F4D, 0x0F4D),
    (0x0F52, 0x0F52),
    (0x0F57, 0x0F57),
    (0x0F5C, 0x0F5C),
    (0x0F69, 0x0F69),
    (0x0F73, 0x0F73),
    (0x0F75, 0x0F79),
    (0x0F81, 0x0F81),
    (0x0F93, 0x0F93),
    (0x0F9D, 0x0F9D),
    (0x0FA2, 0x0FA2),
    (0x0FA7, 0x0FA7),
    (0x0FAC, 0x0FAC),
    (0x0FB9, 0x0FB9),
    (0x10A0, 0x10C5),
    (0x10C7, 0x10C7),
    (0x10CD, 0x10CD),
    (0x10FC, 0x10FC),
    (0x115F, 0x1160),
    (0x13F8, 0x13FD),
    (0x17B4, 0x17B5),
    (0x180B, 0x180F),
    (0x1C80, 0x1C89),
    (0x1C90, 0x1CBA),
    (0x1CBD, 0x1CBF),
    (0x1D2C, 0x1D2E),
    (0x1D30, 0x1D3A),
    (0x1D3C, 0x1D4D),
    (0x1D4F, 0x1D6A),
    (0x1D78, 0x1D78),
    (0x1D9B, 0x1DBF),
    (0x1E00, 0x1E00),
    (0x1E02, 0x1E02),
    (0x1E04, 0x1E04),
    (0x1E06, 0x1E06),
    (0x1E08, 0x1E08),
    (0x1E0A, 0x1E0A),
    (0x1E0C, 0x1E0C),
    (0x1E0E, 0x1E0E),
    (0x1E10, 0x1E10),
    (0x1E12, 0x1E12),
    (0x1E14, 0x1E14),
    (0x1E16, 0x1E16),
    (0x1E18, 0x1E18),
    (0x1E1A, 0x1E1A),
    (0x1E1C, 0x1E1C),
    (0x1E1E, 0x1E1E),
    (0x1E20, 0x1E20),
    (0x1E22, 0x1E22),
    (0x1E24, 0x1E24),
    (0x1E26, 0x1E26),
    (0x1E28, 0x1E28),
    (0x1E2A, 0x1E2A),
    (0x1E2C, 0x1E2C),
    (0x1E2E, 0x1E2E),
    (0x1E30, 0x1E30),
    (0x1E32, 0x1E32),
    (0x1E34, 0x1E34),
    (0x1E36, 0x1E36),
    (0x1E38, 0x1E38),
    (0x1E3A, 0x1E3A),
    (0x1E3C, 0x1E3C),
    (0x1E3E, 0x1E3E),
    (0x1E40, 0x1E40),
    (0x1E42, 0x1E42),
    (0x1E44, 0x1E44),
    (0x1E46, 0x1E46),
    (0x1E48, 0x1E48),
    (0x1E4A, 0x1E4A),
    (0x1E4C, 0x1E4C),
    (0x1E4E, 0x1E4E),
    (0x1E50, 0x1E50),
    (0x1E52, 0x1E52),
    (0x1E54, 0x1E54),
    (0x1E56, 0x1E56),
    (0x1E58, 0x1E58),
    (0x1E5A, 0x1E5A),
    (0x1E5C, 0x1E5C),
    (0x1E5E, 0x1E5E),
    (0x1E60, 0x1E60),
    (0x1E62, 0x1E62),
    (0x1E64, 0x1E64),
    (0x1E66, 0x1E66),
    (0x1E68, 0x1E68),
    (0x1E6A, 0x1E6A),
    (0x1E6C, 0x1E6C),
    (0x1E6E, 0x1E6E),
    (0x1E70, 0x1E70),
    (0x1E72, 0x1E72),
    (0x1E74, 0x1E74),
    (0x1E76, 0x1E76),
    (0x1E78, 0x1E78),
    (0x1E7A, 0x1E7A),
    (0x1E7C, 0x1E7C),
    (0x1E7E, 0x1E7E),
    (0x1E80, 0x1E80),
    (0x1E82, 0x1E82),
    (0x1E84, 0x1E84),
    (0x1E86, 0x1E86),
    (0x1E88, 0x1E88),
    (0x1E8A, 0x1E8A),
    (0x1E8C, 0x1E8C),
    (0x1E8E, 0x1E8E),
    (0x1E90, 0x1E90),
    (0x1E92, 0x1E92),
    (0x1E94, 0x1E94),
    (0x1E9A, 0x1E9B),
    (0x1E9E, 0x1E9E),
    (0x1EA0, 0x1EA0),
    (0x1EA2, 0x1EA2),
    (0x1EA4, 0x1EA4),
    (0x1EA6, 0x1EA6),
    (0x1EA8, 0x1EA8),
    (0x1EAA, 0x1EAA),
    (0x1EAC, 0x1EAC),
    (0x1EAE, 0x1EAE),
    (0x1EB0, 0x1EB0),
    (0x1EB2, 0x1EB2),
    (0x1EB4, 0x1EB4),
    (0x1EB6, 0x1EB6),
    (0x1EB8, 0x1EB8),
    (0x1EBA, 0x1EBA),
    (0x1EBC, 0x1EBC),
    (0x1EBE, 0x1EBE),
    (0x1EC0, 0x1EC0),
    (0x1EC2, 0x1EC2),
    (0x1EC4, 0x1EC4),
    (0x1EC6, 0x1EC6),
    (0x1EC8, 0x1EC8),
    (0x1ECA, 0x1ECA),
    (0x1ECC, 0x1ECC),
    (0x1ECE, 0x1ECE),
    (0x1ED0, 0x1ED0),
    (0x1ED2, 0x1ED2),
    (0x1ED4, 0x1ED4),
    (0x1ED6, 0x1ED6),
    (0x1ED8, 0x1ED8),
    (0x1EDA, 0x1EDA),
    (0x1EDC, 0x1EDC),
    (0x1EDE, 0x1EDE),
    (0x1EE0, 0x1EE0),
    (0x1EE2, 0x1EE2),
    (0x1EE4, 0x1EE4),
    (0x1EE6, 0x1EE6),
    (0x1EE8, 0x1EE8),
    (0x1EEA, 0x1EEA),
    (0x1EEC, 0x1EEC),
    (0x1EEE, 0x1EEE),
    (0x1EF0, 0x1EF0),
    (0x1EF2, 0x1EF2),
    (0x1EF4, 0x1EF4),
    (0x1EF6, 0x1EF6),
    (0x1EF8, 0x1EF8),
    (0x1EFA, 0x1EFA),
    (0x1EFC, 0x1EFC),
    (0x1EFE, 0x1EFE),
    (0x1F08, 0x1F0F),
    (0x1F18, 0x1F1D),
    (0x1F28, 0x1F2F),
    (0x1F38, 0x1F3F),
    (0x1F48, 0x1F4D),
    (0x1F59, 0x1F59),
    (0x1F5B, 0x1F5B),
    (0x1F5D, 0x1F5D),
    (0x1F5F, 0x1F5F),
    (0x1F68, 0x1F6F),
    (0x1F71, 0x1F71),
    (0x1F73, 0x1F73),
    (0x1F75, 0x1F75),
    (0x1F77, 0x1F77),
    (0x1F79, 0x1F79),
    (0x1F7B, 0x1F7B),
    (0x1F7D, 0x1F7D),
    (0x1F80, 0x1FAF),
    (0x1FB2, 0x1FB4),
    (0x1FB7, 0x1FC4),
    (0x1FC7, 0x1FCF),
    (0x1FD3, 0x1FD3),
    (0x1FD8, 0x1FDB),
    (0x1FDD, 0x1FDF),
    (0x1FE3, 0x1FE3),
    (0x1FE8, 0x1FEF),
    (0x1FF2, 0x1FF4),
    (0x1FF7, 0x1FFE),
    (0x2000, 0x200F),
    (0x2011, 0x2011),
    (0x2017, 0x2017),
    (0x2024, 0x2026),
    (0x202A, 0x202F),
    (0x2033, 0x2034),
    (0x2036, 0x2037),
    (0x203C, 0x203C),
    (0x203E, 0x203E),
    (0x2047, 0x2049),
    (0x2057, 0x2057),
    (0x205F, 0x2071),
    (0x2074, 0x208E),
    (0x2090, 0x209C),
    (0x20A8, 0x20A8),
    (0x2100, 0x2103),
    (0x2105, 0x2107),
    (0x2109, 0x2113),
    (0x2115, 0x2116),
    (0x2119, 0x211D),
    (0x2120, 0x2122),
    (0x2124, 0x2124),
    (0x2126, 0x2126),
    (0x2128, 0x2128),
    (0x212A, 0x212D),
    (0x212F, 0x2139),
    (0x213B, 0x2140),
    (0x2145, 0x2149),
    (0x2150, 0x217F),
    (0x2183, 0x2183),
    (0x2189, 0x2189),
    (0x222C, 0x222D),
    (0x222F, 0x2230),
    (0x2329, 0x232A),
    (0x2460, 0x24EA),
    (0x2A0C, 0x2A0C),
    (0x2A74, 0x2A76),
    (0x2ADC, 0x2ADC),
    (0x2C00, 0x2C2F),
    (0x2C60, 0x2C60),
    (0x2C62, 0x2C64),
    (0x2C67, 0x2C67),
    (0x2C69, 0x2C69),
    (0x2C6B, 0x2C6B),
    (0x2C6D, 0x2C70),
    (0x2C72, 0x2C72),
    (0x2C75, 0x2C75),
    (0x2C7C, 0x2C80),
    (0x2C82, 0x2C82),
    (0x2C84, 0x2C84),
    (0x2C86, 0x2C86),
    (0x2C88, 0x2C88),
    (0x2C8A, 0x2C8A),
    (0x2C8C, 0x2C8C),
    (0x2C8E, 0x2C8E),
    (0x2C90, 0x2C90),
    (0x2C92, 0x2C92),
    (0x2C94, 0x2C94),
    (0x2C96, 0x2C96),
    (0x2C98, 0x2C98),
    (0x2C9A, 0x2C9A),
    (0x2C9C, 0x2C9C),
    (0x2C9E, 0x2C9E),
    (0x2CA0, 0x2CA0),
    (0x2CA2, 0x2CA2),
    (0x2CA4, 0x2CA4),
    (0x2CA6, 0x2CA6),
    (0x2CA8, 0x2CA8),
    (0x2CAA, 0x2CAA),
    (0x2CAC, 0x2CAC),
    (0x2CAE, 0x2CAE),
    (0x2CB0, 0x2CB0),
    (0x2CB2, 0x2CB2),
    (0x2CB4, 0x2CB4),
    (0x2CB6, 0x2CB6),
    (0x2CB8, 0x2CB8),
    (0x2CBA, 0x2CBA),
    (0x2CBC, 0x2CBC),
    (0x2CBE, 0x2CBE),
    (0x2CC0, 0x2CC0),
    (0x2CC2, 0x2CC2),
    (0x2CC4, 0x2CC4),
    (0x2CC6, 0x2CC6),
    (0x2CC8, 0x2CC8),
    (0x2CCA, 0x2CCA),
    (0x2CCC, 0x2CCC),
    (0x2CCE, 0x2CCE),
    (0x2CD0, 0x2CD0),
    (0x2CD2, 0x2CD2),
    (0x2CD4, 0x2CD4),
    (0x2CD6, 0x2CD6),
    (0x2CD8, 0x2CD8),
    (0x2CDA, 0x2CDA),
    (0x2CDC, 0x2CDC),
    (0x2CDE, 0x2CDE),
    (0x2CE0, 0x2CE0),
    (0x2CE2, 0x2CE2),
    (0x2CEB, 0x2CEB),
    (0x2CED, 0x2CED),
    (0x2CF2, 0x2CF2),
    (0x2D6F, 0x2D6F),
    (0x2E9F, 0x2E9F),
    (0x2EF3, 0x2EF3),
    (0x2F00, 0x2FD5),
    (0x3000, 0x3000),
    (0x3036, 0x3036),
    (0x3038, 0x303A),
    (0x309B, 0x309C),
    (0x309F, 0x309F),
    (0x30FF, 0x30FF),
    (0x3131, 0x318E),
    (0x3192, 0x319F),
    (0x3200, 0x321E),
    (0x3220, 0x3247),
    (0x3250, 0x327E),
    (0x3280, 0x33FF),
    (0xA640, 0xA640),
    (0xA642, 0xA642),
    (0xA644, 0xA644),
    (0xA646, 0xA646),
    (0xA648, 0xA648),
    (0xA64A, 0xA64A),
    (0xA64C, 0xA64C),
    (0xA64E, 0xA64E),
    (0xA650, 0xA650),
    (0xA652, 0xA652),
    (0xA654, 0xA654),
    (0xA656, 0xA656),
    (0xA658, 0xA658),
    (0xA65A, 0xA65A),
    (0xA65C, 0xA65C),
    (0xA65E, 0xA65E),
    (0xA660, 0xA660),
    (0xA662, 0xA662),
    (0xA664, 0xA664),
    (0xA666, 0xA666),
    (0xA668, 0xA668),
    (0xA66A, 0xA66A),
    (0xA66C, 0xA66C),
    (0xA680, 0xA680),
    (0xA682, 0xA682),
    (0xA684, 0xA684),
    (0xA686, 0xA686),
    (0xA688, 0xA688),
    (0xA68A, 0xA68A),
    (0xA68C, 0xA68C),
    (0xA68E, 0xA68E),
    (0xA690, 0xA690),
    (0xA692, 0xA692),
    (0xA694, 0xA694),
    (0xA696, 0xA696),
    (0xA698, 0xA698),
    (0xA69A, 0xA69A),
    (0xA69C, 0xA69D),
    (0xA722, 0xA722),
    (0xA724, 0xA724),
    (0xA726, 0xA726),
    (0xA728, 0xA728),
    (0xA72A, 0xA72A),
    (0xA72C, 0xA72C),
    (0xA72E, 0xA72E),
    (0xA732, 0xA732),
    (0xA734, 0xA734),
    (0xA736, 0xA736),
    (0xA738, 0xA738),
    (0xA73A, 0xA73A),
    (0xA73C, 0xA73C),
    (0xA73E, 0xA73E),
    (0xA740, 0xA740),
    (0xA742, 0xA742),
    (0xA744, 0xA744),
    (0xA746, 0xA746),
    (0xA748, 0xA748),
    (0xA74A, 0xA74A),
    (0xA74C, 0xA74C),
    (0xA74E, 0xA74E),
    (0xA750, 0xA750),
    (0xA752, 0xA752),
    (0xA754, 0xA754),
    (0xA756, 0xA756),
    (0xA758, 0xA758),
    (0xA75A, 0xA75A),
    (0xA75C, 0xA75C),
    (0xA75E, 0xA75E),
    (0xA760, 0xA760),
    (0xA762, 0xA762),
    (0xA764, 0xA764),
    (0xA766, 0xA766),
    (0xA768, 0xA768),
    (0xA76A, 0xA76A),
    (0xA76C, 0xA76C),
    (0xA76E, 0xA76E),
    (0xA770, 0xA770),
    (0xA779, 0xA779),
    (0xA77B, 0xA77B),
    (0xA77D, 0xA77E),
    (0xA780, 0xA780),
    (0xA782, 0xA782),
    (0xA784, 0xA784),
    (0xA786, 0xA786),
    (0xA78B, 0xA78B),
    (0xA78D, 0xA78D),
    (0xA790, 0xA790),
    (0xA792, 0xA792),
    (0xA796, 0xA796),
    (0xA798, 0xA798),
    (0xA79A, 0xA79A),
    (0xA79C, 0xA79C),
    (0xA79E, 0xA79E),
    (0xA7A0, 0xA7A0),
    (0xA7A2, 0xA7A2),
    (0xA7A4, 0xA7A4),
    (0xA7A6, 0xA7A6),
    (0xA7A8, 0xA7A8),
    (0xA7AA, 0xA7AE),
    (0xA7B0, 0xA7B4),
    (0xA7B6, 0xA7B6),
    (0xA7B8, 0xA7B8),
    (0xA7BA, 0xA7BA),
    (0xA7BC, 0xA7BC),
    (0xA7BE, 0xA7BE),
    (0xA7C0, 0xA7C0),
    (0xA7C2, 0xA7C2),
    (0xA7C4, 0xA7C7),
    (0xA7C9, 0xA7C9),
    (0xA7CB, 0xA7CC),
    (0xA7CE, 0xA7CE),
    (0xA7D0, 0xA7D0),
    (0xA7D2, 0xA7D2),
    (0xA7D4, 0xA7D4),
    (0xA7D6, 0xA7D6),
    (0xA7D8, 0xA7D8),
    (0xA7DA, 0xA7DA),
    (0xA7DC, 0xA7DC),
    (0xA7F1, 0xA7F5),
    (0xA7F8, 0xA7F9),
    (0xAB5C, 0xAB5F),
    (0xAB69, 0xAB69),
    (0xAB70, 0xABBF),
    (0xF900, 0xFA0D),
    (0xFA10, 0xFA10),
    (0xFA12, 0xFA12),
    (0xFA15, 0xFA1E),
    (0xFA20, 0xFA20),
    (0xFA22, 0xFA22),
    (0xFA25, 0xFA26),
    (0xFA2A, 0xFA6D),
    (0xFA70, 0xFAD9),
    (0xFB00, 0xFB06),
    (0xFB13, 0xFB17),
    (0xFB1D, 0xFB1D),
    (0xFB1F, 0xFB36),
    (0xFB38, 0xFB3C),
    (0xFB3E, 0xFB3E),
    (0xFB40, 0xFB41),
    (0xFB43, 0xFB44),
    (0xFB46, 0xFBB1),
    (0xFBD3, 0xFD3D),
    (0xFD50, 0xFD8F),
    (0xFD92, 0xFDC7),
    (0xFDF0, 0xFDFC),
    (0xFE00, 0xFE19),
    (0xFE30, 0xFE44),
    (0xFE47, 0xFE52),
    (0xFE54, 0xFE66),
    (0xFE68, 0xFE6B),
    (0xFE70, 0xFE72),
    (0xFE74, 0xFE74),
    (0xFE76, 0xFEFC),
    (0xFEFF, 0xFEFF),
    (0xFF01, 0xFFBE),
    (0xFFC2, 0xFFC7),
    (0xFFCA, 0xFFCF),
    (0xFFD2, 0xFFD7),
    (0xFFDA, 0xFFDC),
    (0xFFE0, 0xFFE6),
    (0xFFE8, 0xFFEE),
    (0xFFF0, 0xFFF8),
    (0x10400, 0x10427),
    (0x104B0, 0x104D3),
    (0x10570, 0x1057A),
    (0x1057C, 0x1058A),
    (0x1058C, 0x10592),
    (0x10594, 0x10595),
    (0x10781, 0x10785),
    (0x10787, 0x107B0),
    (0x107B2, 0x107BA),
    (0x10C80, 0x10CB2),
    (0x10D50, 0x10D65),
    (0x118A0, 0x118BF),
    (0x16E40, 0x16E5F),
    (0x16EA0, 0x16EB8),
    (0x1BCA0, 0x1BCA3),
    (0x1CCD6, 0x1CCF9),
    (0x1D15E, 0x1D164),
    (0x1D173, 0x1D17A),
    (0x1D1BB, 0x1D1C0),
    (0x1D400, 0x1D454),
    (0x1D456, 0x1D49C),
    (0x1D49E, 0x1D49F),
    (0x1D4A2, 0x1D4A2),
    (0x1D4A5, 0x1D4A6),
    (0x1D4A9, 0x1D4AC),
    (0x1D4AE, 0x1D4B9),
    (0x1D4BB, 0x1D4BB),
    (0x1D4BD, 0x1D4C3),
    (0x1D4C5, 0x1D505),
    (0x1D507, 0x1D50A),
    (0x1D50D, 0x1D514),
    (0x1D516, 0x1D51C),
    (0x1D51E, 0x1D539),
    (0x1D53B, 0x1D53E),
    (0x1D540, 0x1D544),
    (0x1D546, 0x1D546),
    (0x1D54A, 0x1D550),
    (0x1D552, 0x1D6A5),
    (0x1D6A8, 0x1D7CB),
    (0x1D7CE, 0x1D7FF),
    (0x1E030, 0x1E06D),
    (0x1E900, 0x1E921),
    (0x1EE00, 0x1EE03),
    (0x1EE05, 0x1EE1F),
    (0x1EE21, 0x1EE22),
    (0x1EE24, 0x1EE24),
    (0x1EE27, 0x1EE27),
    (0x1EE29, 0x1EE32),
    (0x1EE34, 0x1EE37),
    (0x1EE39, 0x1EE39),
    (0x1EE3B, 0x1EE3B),
    (0x1EE42, 0x1EE42),
    (0x1EE47, 0x1EE47),
    (0x1EE49, 0x1EE49),
    (0x1EE4B, 0x1EE4B),
    (0x1EE4D, 0x1EE4F),
    (0x1EE51, 0x1EE52),
    (0x1EE54, 0x1EE54),
    (0x1EE57, 0x1EE57),
    (0x1EE59, 0x1EE59),
    (0x1EE5B, 0x1EE5B),
    (0x1EE5D, 0x1EE5D),
    (0x1EE5F, 0x1EE5F),
    (0x1EE61, 0x1EE62),
    (0x1EE64, 0x1EE64),
    (0x1EE67, 0x1EE6A),
    (0x1EE6C, 0x1EE72),
    (0x1EE74, 0x1EE77),
    (0x1EE79, 0x1EE7C),
    (0x1EE7E, 0x1EE7E),
    (0x1EE80, 0x1EE89),
    (0x1EE8B, 0x1EE9B),
    (0x1EEA1, 0x1EEA3),
    (0x1EEA5, 0x1EEA9),
    (0x1EEAB, 0x1EEBB),
    (0x1F100, 0x1F10A),
    (0x1F110, 0x1F12E),
    (0x1F130, 0x1F14F),
    (0x1F16A, 0x1F16C),
    (0x1F190, 0x1F190),
    (0x1F200, 0x1F202),
    (0x1F210, 0x1F23B),
    (0x1F240, 0x1F248),
    (0x1F250, 0x1F251),
    (0x1FBF0, 0x1FBF9),
    (0x2F800, 0x2FA1D),
    (0xE0000, 0xE0FFF),
];

/// `\p{Changes_When_Titlecased}` (from the test262 fixtures).
pub const CHANGES_WHEN_TITLECASED: &[(u32, u32)] = &[
    (0x0061, 0x007A),
    (0x00B5, 0x00B5),
    (0x00DF, 0x00F6),
    (0x00F8, 0x00FF),
    (0x0101, 0x0101),
    (0x0103, 0x0103),
    (0x0105, 0x0105),
    (0x0107, 0x0107),
    (0x0109, 0x0109),
    (0x010B, 0x010B),
    (0x010D, 0x010D),
    (0x010F, 0x010F),
    (0x0111, 0x0111),
    (0x0113, 0x0113),
    (0x0115, 0x0115),
    (0x0117, 0x0117),
    (0x0119, 0x0119),
    (0x011B, 0x011B),
    (0x011D, 0x011D),
    (0x011F, 0x011F),
    (0x0121, 0x0121),
    (0x0123, 0x0123),
    (0x0125, 0x0125),
    (0x0127, 0x0127),
    (0x0129, 0x0129),
    (0x012B, 0x012B),
    (0x012D, 0x012D),
    (0x012F, 0x012F),
    (0x0131, 0x0131),
    (0x0133, 0x0133),
    (0x0135, 0x0135),
    (0x0137, 0x0137),
    (0x013A, 0x013A),
    (0x013C, 0x013C),
    (0x013E, 0x013E),
    (0x0140, 0x0140),
    (0x0142, 0x0142),
    (0x0144, 0x0144),
    (0x0146, 0x0146),
    (0x0148, 0x0149),
    (0x014B, 0x014B),
    (0x014D, 0x014D),
    (0x014F, 0x014F),
    (0x0151, 0x0151),
    (0x0153, 0x0153),
    (0x0155, 0x0155),
    (0x0157, 0x0157),
    (0x0159, 0x0159),
    (0x015B, 0x015B),
    (0x015D, 0x015D),
    (0x015F, 0x015F),
    (0x0161, 0x0161),
    (0x0163, 0x0163),
    (0x0165, 0x0165),
    (0x0167, 0x0167),
    (0x0169, 0x0169),
    (0x016B, 0x016B),
    (0x016D, 0x016D),
    (0x016F, 0x016F),
    (0x0171, 0x0171),
    (0x0173, 0x0173),
    (0x0175, 0x0175),
    (0x0177, 0x0177),
    (0x017A, 0x017A),
    (0x017C, 0x017C),
    (0x017E, 0x0180),
    (0x0183, 0x0183),
    (0x0185, 0x0185),
    (0x0188, 0x0188),
    (0x018C, 0x018C),
    (0x0192, 0x0192),
    (0x0195, 0x0195),
    (0x0199, 0x019B),
    (0x019E, 0x019E),
    (0x01A1, 0x01A1),
    (0x01A3, 0x01A3),
    (0x01A5, 0x01A5),
    (0x01A8, 0x01A8),
    (0x01AD, 0x01AD),
    (0x01B0, 0x01B0),
    (0x01B4, 0x01B4),
    (0x01B6, 0x01B6),
    (0x01B9, 0x01B9),
    (0x01BD, 0x01BD),
    (0x01BF, 0x01BF),
    (0x01C4, 0x01C4),
    (0x01C6, 0x01C7),
    (0x01C9, 0x01CA),
    (0x01CC, 0x01CC),
    (0x01CE, 0x01CE),
    (0x01D0, 0x01D0),
    (0x01D2, 0x01D2),
    (0x01D4, 0x01D4),
    (0x01D6, 0x01D6),
    (0x01D8, 0x01D8),
    (0x01DA, 0x01DA),
    (0x01DC, 0x01DD),
    (0x01DF, 0x01DF),
    (0x01E1, 0x01E1),
    (0x01E3, 0x01E3),
    (0x01E5, 0x01E5),
    (0x01E7, 0x01E7),
    (0x01E9, 0x01E9),
    (0x01EB, 0x01EB),
    (0x01ED, 0x01ED),
    (0x01EF, 0x01F1),
    (0x01F3, 0x01F3),
    (0x01F5, 0x01F5),
    (0x01F9, 0x01F9),
    (0x01FB, 0x01FB),
    (0x01FD, 0x01FD),
    (0x01FF, 0x01FF),
    (0x0201, 0x0201),
    (0x0203, 0x0203),
    (0x0205, 0x0205),
    (0x0207, 0x0207),
    (0x0209, 0x0209),
    (0x020B, 0x020B),
    (0x020D, 0x020D),
    (0x020F, 0x020F),
    (0x0211, 0x0211),
    (0x0213, 0x0213),
    (0x0215, 0x0215),
    (0x0217, 0x0217),
    (0x0219, 0x0219),
    (0x021B, 0x021B),
    (0x021D, 0x021D),
    (0x021F, 0x021F),
    (0x0223, 0x0223),
    (0x0225, 0x0225),
    (0x0227, 0x0227),
    (0x0229, 0x0229),
    (0x022B, 0x022B),
    (0x022D, 0x022D),
    (0x022F, 0x022F),
    (0x0231, 0x0231),
    (0x0233, 0x0233),
    (0x023C, 0x023C),
    (0x023F, 0x0240),
    (0x0242, 0x0242),
    (0x0247, 0x0247),
    (0x0249, 0x0249),
    (0x024B, 0x024B),
    (0x024D, 0x024D),
    (0x024F, 0x0254),
    (0x0256, 0x0257),
    (0x0259, 0x0259),
    (0x025B, 0x025C),
    (0x0260, 0x0261),
    (0x0263, 0x0266),
    (0x0268, 0x026C),
    (0x026F, 0x026F),
    (0x0271, 0x0272),
    (0x0275, 0x0275),
    (0x027D, 0x027D),
    (0x0280, 0x0280),
    (0x0282, 0x0283),
    (0x0287, 0x028C),
    (0x0292, 0x0292),
    (0x029D, 0x029E),
    (0x0345, 0x0345),
    (0x0371, 0x0371),
    (0x0373, 0x0373),
    (0x0377, 0x0377),
    (0x037B, 0x037D),
    (0x0390, 0x0390),
    (0x03AC, 0x03CE),
    (0x03D0, 0x03D1),
    (0x03D5, 0x03D7),
    (0x03D9, 0x03D9),
    (0x03DB, 0x03DB),
    (0x03DD, 0x03DD),
    (0x03DF, 0x03DF),
    (0x03E1, 0x03E1),
    (0x03E3, 0x03E3),
    (0x03E5, 0x03E5),
    (0x03E7, 0x03E7),
    (0x03E9, 0x03E9),
    (0x03EB, 0x03EB),
    (0x03ED, 0x03ED),
    (0x03EF, 0x03F3),
    (0x03F5, 0x03F5),
    (0x03F8, 0x03F8),
    (0x03FB, 0x03FB),
    (0x0430, 0x045F),
    (0x0461, 0x0461),
    (0x0463, 0x0463),
    (0x0465, 0x0465),
    (0x0467, 0x0467),
    (0x0469, 0x0469),
    (0x046B, 0x046B),
    (0x046D, 0x046D),
    (0x046F, 0x046F),
    (0x0471, 0x0471),
    (0x0473, 0x0473),
    (0x0475, 0x0475),
    (0x0477, 0x0477),
    (0x0479, 0x0479),
    (0x047B, 0x047B),
    (0x047D, 0x047D),
    (0x047F, 0x047F),
    (0x0481, 0x0481),
    (0x048B, 0x048B),
    (0x048D, 0x048D),
    (0x048F, 0x048F),
    (0x0491, 0x0491),
    (0x0493, 0x0493),
    (0x0495, 0x0495),
    (0x0497, 0x0497),
    (0x0499, 0x0499),
    (0x049B, 0x049B),
    (0x049D, 0x049D),
    (0x049F, 0x049F),
    (0x04A1, 0x04A1),
    (0x04A3, 0x04A3),
    (0x04A5, 0x04A5),
    (0x04A7, 0x04A7),
    (0x04A9, 0x04A9),
    (0x04AB, 0x04AB),
    (0x04AD, 0x04AD),
    (0x04AF, 0x04AF),
    (0x04B1, 0x04B1),
    (0x04B3, 0x04B3),
    (0x04B5, 0x04B5),
    (0x04B7, 0x04B7),
    (0x04B9, 0x04B9),
    (0x04BB, 0x04BB),
    (0x04BD, 0x04BD),
    (0x04BF, 0x04BF),
    (0x04C2, 0x04C2),
    (0x04C4, 0x04C4),
    (0x04C6, 0x04C6),
    (0x04C8, 0x04C8),
    (0x04CA, 0x04CA),
    (0x04CC, 0x04CC),
    (0x04CE, 0x04CF),
    (0x04D1, 0x04D1),
    (0x04D3, 0x04D3),
    (0x04D5, 0x04D5),
    (0x04D7, 0x04D7),
    (0x04D9, 0x04D9),
    (0x04DB, 0x04DB),
    (0x04DD, 0x04DD),
    (0x04DF, 0x04DF),
    (0x04E1, 0x04E1),
    (0x04E3, 0x04E3),
    (0x04E5, 0x04E5),
    (0x04E7, 0x04E7),
    (0x04E9, 0x04E9),
    (0x04EB, 0x04EB),
    (0x04ED, 0x04ED),
    (0x04EF, 0x04EF),
    (0x04F1, 0x04F1),
    (0x04F3, 0x04F3),
    (0x04F5, 0x04F5),
    (0x04F7, 0x04F7),
    (0x04F9, 0x04F9),
    (0x04FB, 0x04FB),
    (0x04FD, 0x04FD),
    (0x04FF, 0x04FF),
    (0x0501, 0x0501),
    (0x0503, 0x0503),
    (0x0505, 0x0505),
    (0x0507, 0x0507),
    (0x0509, 0x0509),
    (0x050B, 0x050B),
    (0x050D, 0x050D),
    (0x050F, 0x050F),
    (0x0511, 0x0511),
    (0x0513, 0x0513),
    (0x0515, 0x0515),
    (0x0517, 0x0517),
    (0x0519, 0x0519),
    (0x051B, 0x051B),
    (0x051D, 0x051D),
    (0x051F, 0x051F),
    (0x0521, 0x0521),
    (0x0523, 0x0523),
    (0x0525, 0x0525),
    (0x0527, 0x0527),
    (0x0529, 0x0529),
    (0x052B, 0x052B),
    (0x052D, 0x052D),
    (0x052F, 0x052F),
    (0x0561, 0x0587),
    (0x13F8, 0x13FD),
    (0x1C80, 0x1C88),
    (0x1C8A, 0x1C8A),
    (0x1D79, 0x1D79),
    (0x1D7D, 0x1D7D),
    (0x1D8E, 0x1D8E),
    (0x1E01, 0x1E01),
    (0x1E03, 0x1E03),
    (0x1E05, 0x1E05),
    (0x1E07, 0x1E07),
    (0x1E09, 0x1E09),
    (0x1E0B, 0x1E0B),
    (0x1E0D, 0x1E0D),
    (0x1E0F, 0x1E0F),
    (0x1E11, 0x1E11),
    (0x1E13, 0x1E13),
    (0x1E15, 0x1E15),
    (0x1E17, 0x1E17),
    (0x1E19, 0x1E19),
    (0x1E1B, 0x1E1B),
    (0x1E1D, 0x1E1D),
    (0x1E1F, 0x1E1F),
    (0x1E21, 0x1E21),
    (0x1E23, 0x1E23),
    (0x1E25, 0x1E25),
    (0x1E27, 0x1E27),
    (0x1E29, 0x1E29),
    (0x1E2B, 0x1E2B),
    (0x1E2D, 0x1E2D),
    (0x1E2F, 0x1E2F),
    (0x1E31, 0x1E31),
    (0x1E33, 0x1E33),
    (0x1E35, 0x1E35),
    (0x1E37, 0x1E37),
    (0x1E39, 0x1E39),
    (0x1E3B, 0x1E3B),
    (0x1E3D, 0x1E3D),
    (0x1E3F, 0x1E3F),
    (0x1E41, 0x1E41),
    (0x1E43, 0x1E43),
    (0x1E45, 0x1E45),
    (0x1E47, 0x1E47),
    (0x1E49, 0x1E49),
    (0x1E4B, 0x1E4B),
    (0x1E4D, 0x1E4D),
    (0x1E4F, 0x1E4F),
    (0x1E51, 0x1E51),
    (0x1E53, 0x1E53),
    (0x1E55, 0x1E55),
    (0x1E57, 0x1E57),
    (0x1E59, 0x1E59),
    (0x1E5B, 0x1E5B),
    (0x1E5D, 0x1E5D),
    (0x1E5F, 0x1E5F),
    (0x1E61, 0x1E61),
    (0x1E63, 0x1E63),
    (0x1E65, 0x1E65),
    (0x1E67, 0x1E67),
    (0x1E69, 0x1E69),
    (0x1E6B, 0x1E6B),
    (0x1E6D, 0x1E6D),
    (0x1E6F, 0x1E6F),
    (0x1E71, 0x1E71),
    (0x1E73, 0x1E73),
    (0x1E75, 0x1E75),
    (0x1E77, 0x1E77),
    (0x1E79, 0x1E79),
    (0x1E7B, 0x1E7B),
    (0x1E7D, 0x1E7D),
    (0x1E7F, 0x1E7F),
    (0x1E81, 0x1E81),
    (0x1E83, 0x1E83),
    (0x1E85, 0x1E85),
    (0x1E87, 0x1E87),
    (0x1E89, 0x1E89),
    (0x1E8B, 0x1E8B),
    (0x1E8D, 0x1E8D),
    (0x1E8F, 0x1E8F),
    (0x1E91, 0x1E91),
    (0x1E93, 0x1E93),
    (0x1E95, 0x1E9B),
    (0x1EA1, 0x1EA1),
    (0x1EA3, 0x1EA3),
    (0x1EA5, 0x1EA5),
    (0x1EA7, 0x1EA7),
    (0x1EA9, 0x1EA9),
    (0x1EAB, 0x1EAB),
    (0x1EAD, 0x1EAD),
    (0x1EAF, 0x1EAF),
    (0x1EB1, 0x1EB1),
    (0x1EB3, 0x1EB3),
    (0x1EB5, 0x1EB5),
    (0x1EB7, 0x1EB7),
    (0x1EB9, 0x1EB9),
    (0x1EBB, 0x1EBB),
    (0x1EBD, 0x1EBD),
    (0x1EBF, 0x1EBF),
    (0x1EC1, 0x1EC1),
    (0x1EC3, 0x1EC3),
    (0x1EC5, 0x1EC5),
    (0x1EC7, 0x1EC7),
    (0x1EC9, 0x1EC9),
    (0x1ECB, 0x1ECB),
    (0x1ECD, 0x1ECD),
    (0x1ECF, 0x1ECF),
    (0x1ED1, 0x1ED1),
    (0x1ED3, 0x1ED3),
    (0x1ED5, 0x1ED5),
    (0x1ED7, 0x1ED7),
    (0x1ED9, 0x1ED9),
    (0x1EDB, 0x1EDB),
    (0x1EDD, 0x1EDD),
    (0x1EDF, 0x1EDF),
    (0x1EE1, 0x1EE1),
    (0x1EE3, 0x1EE3),
    (0x1EE5, 0x1EE5),
    (0x1EE7, 0x1EE7),
    (0x1EE9, 0x1EE9),
    (0x1EEB, 0x1EEB),
    (0x1EED, 0x1EED),
    (0x1EEF, 0x1EEF),
    (0x1EF1, 0x1EF1),
    (0x1EF3, 0x1EF3),
    (0x1EF5, 0x1EF5),
    (0x1EF7, 0x1EF7),
    (0x1EF9, 0x1EF9),
    (0x1EFB, 0x1EFB),
    (0x1EFD, 0x1EFD),
    (0x1EFF, 0x1F07),
    (0x1F10, 0x1F15),
    (0x1F20, 0x1F27),
    (0x1F30, 0x1F37),
    (0x1F40, 0x1F45),
    (0x1F50, 0x1F57),
    (0x1F60, 0x1F67),
    (0x1F70, 0x1F7D),
    (0x1F80, 0x1F87),
    (0x1F90, 0x1F97),
    (0x1FA0, 0x1FA7),
    (0x1FB0, 0x1FB4),
    (0x1FB6, 0x1FB7),
    (0x1FBE, 0x1FBE),
    (0x1FC2, 0x1FC4),
    (0x1FC6, 0x1FC7),
    (0x1FD0, 0x1FD3),
    (0x1FD6, 0x1FD7),
    (0x1FE0, 0x1FE7),
    (0x1FF2, 0x1FF4),
    (0x1FF6, 0x1FF7),
    (0x214E, 0x214E),
    (0x2170, 0x217F),
    (0x2184, 0x2184),
    (0x24D0, 0x24E9),
    (0x2C30, 0x2C5F),
    (0x2C61, 0x2C61),
    (0x2C65, 0x2C66),
    (0x2C68, 0x2C68),
    (0x2C6A, 0x2C6A),
    (0x2C6C, 0x2C6C),
    (0x2C73, 0x2C73),
    (0x2C76, 0x2C76),
    (0x2C81, 0x2C81),
    (0x2C83, 0x2C83),
    (0x2C85, 0x2C85),
    (0x2C87, 0x2C87),
    (0x2C89, 0x2C89),
    (0x2C8B, 0x2C8B),
    (0x2C8D, 0x2C8D),
    (0x2C8F, 0x2C8F),
    (0x2C91, 0x2C91),
    (0x2C93, 0x2C93),
    (0x2C95, 0x2C95),
    (0x2C97, 0x2C97),
    (0x2C99, 0x2C99),
    (0x2C9B, 0x2C9B),
    (0x2C9D, 0x2C9D),
    (0x2C9F, 0x2C9F),
    (0x2CA1, 0x2CA1),
    (0x2CA3, 0x2CA3),
    (0x2CA5, 0x2CA5),
    (0x2CA7, 0x2CA7),
    (0x2CA9, 0x2CA9),
    (0x2CAB, 0x2CAB),
    (0x2CAD, 0x2CAD),
    (0x2CAF, 0x2CAF),
    (0x2CB1, 0x2CB1),
    (0x2CB3, 0x2CB3),
    (0x2CB5, 0x2CB5),
    (0x2CB7, 0x2CB7),
    (0x2CB9, 0x2CB9),
    (0x2CBB, 0x2CBB),
    (0x2CBD, 0x2CBD),
    (0x2CBF, 0x2CBF),
    (0x2CC1, 0x2CC1),
    (0x2CC3, 0x2CC3),
    (0x2CC5, 0x2CC5),
    (0x2CC7, 0x2CC7),
    (0x2CC9, 0x2CC9),
    (0x2CCB, 0x2CCB),
    (0x2CCD, 0x2CCD),
    (0x2CCF, 0x2CCF),
    (0x2CD1, 0x2CD1),
    (0x2CD3, 0x2CD3),
    (0x2CD5, 0x2CD5),
    (0x2CD7, 0x2CD7),
    (0x2CD9, 0x2CD9),
    (0x2CDB, 0x2CDB),
    (0x2CDD, 0x2CDD),
    (0x2CDF, 0x2CDF),
    (0x2CE1, 0x2CE1),
    (0x2CE3, 0x2CE3),
    (0x2CEC, 0x2CEC),
    (0x2CEE, 0x2CEE),
    (0x2CF3, 0x2CF3),
    (0x2D00, 0x2D25),
    (0x2D27, 0x2D27),
    (0x2D2D, 0x2D2D),
    (0xA641, 0xA641),
    (0xA643, 0xA643),
    (0xA645, 0xA645),
    (0xA647, 0xA647),
    (0xA649, 0xA649),
    (0xA64B, 0xA64B),
    (0xA64D, 0xA64D),
    (0xA64F, 0xA64F),
    (0xA651, 0xA651),
    (0xA653, 0xA653),
    (0xA655, 0xA655),
    (0xA657, 0xA657),
    (0xA659, 0xA659),
    (0xA65B, 0xA65B),
    (0xA65D, 0xA65D),
    (0xA65F, 0xA65F),
    (0xA661, 0xA661),
    (0xA663, 0xA663),
    (0xA665, 0xA665),
    (0xA667, 0xA667),
    (0xA669, 0xA669),
    (0xA66B, 0xA66B),
    (0xA66D, 0xA66D),
    (0xA681, 0xA681),
    (0xA683, 0xA683),
    (0xA685, 0xA685),
    (0xA687, 0xA687),
    (0xA689, 0xA689),
    (0xA68B, 0xA68B),
    (0xA68D, 0xA68D),
    (0xA68F, 0xA68F),
    (0xA691, 0xA691),
    (0xA693, 0xA693),
    (0xA695, 0xA695),
    (0xA697, 0xA697),
    (0xA699, 0xA699),
    (0xA69B, 0xA69B),
    (0xA723, 0xA723),
    (0xA725, 0xA725),
    (0xA727, 0xA727),
    (0xA729, 0xA729),
    (0xA72B, 0xA72B),
    (0xA72D, 0xA72D),
    (0xA72F, 0xA72F),
    (0xA733, 0xA733),
    (0xA735, 0xA735),
    (0xA737, 0xA737),
    (0xA739, 0xA739),
    (0xA73B, 0xA73B),
    (0xA73D, 0xA73D),
    (0xA73F, 0xA73F),
    (0xA741, 0xA741),
    (0xA743, 0xA743),
    (0xA745, 0xA745),
    (0xA747, 0xA747),
    (0xA749, 0xA749),
    (0xA74B, 0xA74B),
    (0xA74D, 0xA74D),
    (0xA74F, 0xA74F),
    (0xA751, 0xA751),
    (0xA753, 0xA753),
    (0xA755, 0xA755),
    (0xA757, 0xA757),
    (0xA759, 0xA759),
    (0xA75B, 0xA75B),
    (0xA75D, 0xA75D),
    (0xA75F, 0xA75F),
    (0xA761, 0xA761),
    (0xA763, 0xA763),
    (0xA765, 0xA765),
    (0xA767, 0xA767),
    (0xA769, 0xA769),
    (0xA76B, 0xA76B),
    (0xA76D, 0xA76D),
    (0xA76F, 0xA76F),
    (0xA77A, 0xA77A),
    (0xA77C, 0xA77C),
    (0xA77F, 0xA77F),
    (0xA781, 0xA781),
    (0xA783, 0xA783),
    (0xA785, 0xA785),
    (0xA787, 0xA787),
    (0xA78C, 0xA78C),
    (0xA791, 0xA791),
    (0xA793, 0xA794),
    (0xA797, 0xA797),
    (0xA799, 0xA799),
    (0xA79B, 0xA79B),
    (0xA79D, 0xA79D),
    (0xA79F, 0xA79F),
    (0xA7A1, 0xA7A1),
    (0xA7A3, 0xA7A3),
    (0xA7A5, 0xA7A5),
    (0xA7A7, 0xA7A7),
    (0xA7A9, 0xA7A9),
    (0xA7B5, 0xA7B5),
    (0xA7B7, 0xA7B7),
    (0xA7B9, 0xA7B9),
    (0xA7BB, 0xA7BB),
    (0xA7BD, 0xA7BD),
    (0xA7BF, 0xA7BF),
    (0xA7C1, 0xA7C1),
    (0xA7C3, 0xA7C3),
    (0xA7C8, 0xA7C8),
    (0xA7CA, 0xA7CA),
    (0xA7CD, 0xA7CD),
    (0xA7CF, 0xA7CF),
    (0xA7D1, 0xA7D1),
    (0xA7D3, 0xA7D3),
    (0xA7D5, 0xA7D5),
    (0xA7D7, 0xA7D7),
    (0xA7D9, 0xA7D9),
    (0xA7DB, 0xA7DB),
    (0xA7F6, 0xA7F6),
    (0xAB53, 0xAB53),
    (0xAB70, 0xABBF),
    (0xFB00, 0xFB06),
    (0xFB13, 0xFB17),
    (0xFF41, 0xFF5A),
    (0x10428, 0x1044F),
    (0x104D8, 0x104FB),
    (0x10597, 0x105A1),
    (0x105A3, 0x105B1),
    (0x105B3, 0x105B9),
    (0x105BB, 0x105BC),
    (0x10CC0, 0x10CF2),
    (0x10D70, 0x10D85),
    (0x118C0, 0x118DF),
    (0x16E60, 0x16E7F),
    (0x16EBB, 0x16ED3),
    (0x1E922, 0x1E943),
];

/// `\p{Changes_When_Uppercased}` (from the test262 fixtures).
pub const CHANGES_WHEN_UPPERCASED: &[(u32, u32)] = &[
    (0x0061, 0x007A),
    (0x00B5, 0x00B5),
    (0x00DF, 0x00F6),
    (0x00F8, 0x00FF),
    (0x0101, 0x0101),
    (0x0103, 0x0103),
    (0x0105, 0x0105),
    (0x0107, 0x0107),
    (0x0109, 0x0109),
    (0x010B, 0x010B),
    (0x010D, 0x010D),
    (0x010F, 0x010F),
    (0x0111, 0x0111),
    (0x0113, 0x0113),
    (0x0115, 0x0115),
    (0x0117, 0x0117),
    (0x0119, 0x0119),
    (0x011B, 0x011B),
    (0x011D, 0x011D),
    (0x011F, 0x011F),
    (0x0121, 0x0121),
    (0x0123, 0x0123),
    (0x0125, 0x0125),
    (0x0127, 0x0127),
    (0x0129, 0x0129),
    (0x012B, 0x012B),
    (0x012D, 0x012D),
    (0x012F, 0x012F),
    (0x0131, 0x0131),
    (0x0133, 0x0133),
    (0x0135, 0x0135),
    (0x0137, 0x0137),
    (0x013A, 0x013A),
    (0x013C, 0x013C),
    (0x013E, 0x013E),
    (0x0140, 0x0140),
    (0x0142, 0x0142),
    (0x0144, 0x0144),
    (0x0146, 0x0146),
    (0x0148, 0x0149),
    (0x014B, 0x014B),
    (0x014D, 0x014D),
    (0x014F, 0x014F),
    (0x0151, 0x0151),
    (0x0153, 0x0153),
    (0x0155, 0x0155),
    (0x0157, 0x0157),
    (0x0159, 0x0159),
    (0x015B, 0x015B),
    (0x015D, 0x015D),
    (0x015F, 0x015F),
    (0x0161, 0x0161),
    (0x0163, 0x0163),
    (0x0165, 0x0165),
    (0x0167, 0x0167),
    (0x0169, 0x0169),
    (0x016B, 0x016B),
    (0x016D, 0x016D),
    (0x016F, 0x016F),
    (0x0171, 0x0171),
    (0x0173, 0x0173),
    (0x0175, 0x0175),
    (0x0177, 0x0177),
    (0x017A, 0x017A),
    (0x017C, 0x017C),
    (0x017E, 0x0180),
    (0x0183, 0x0183),
    (0x0185, 0x0185),
    (0x0188, 0x0188),
    (0x018C, 0x018C),
    (0x0192, 0x0192),
    (0x0195, 0x0195),
    (0x0199, 0x019B),
    (0x019E, 0x019E),
    (0x01A1, 0x01A1),
    (0x01A3, 0x01A3),
    (0x01A5, 0x01A5),
    (0x01A8, 0x01A8),
    (0x01AD, 0x01AD),
    (0x01B0, 0x01B0),
    (0x01B4, 0x01B4),
    (0x01B6, 0x01B6),
    (0x01B9, 0x01B9),
    (0x01BD, 0x01BD),
    (0x01BF, 0x01BF),
    (0x01C5, 0x01C6),
    (0x01C8, 0x01C9),
    (0x01CB, 0x01CC),
    (0x01CE, 0x01CE),
    (0x01D0, 0x01D0),
    (0x01D2, 0x01D2),
    (0x01D4, 0x01D4),
    (0x01D6, 0x01D6),
    (0x01D8, 0x01D8),
    (0x01DA, 0x01DA),
    (0x01DC, 0x01DD),
    (0x01DF, 0x01DF),
    (0x01E1, 0x01E1),
    (0x01E3, 0x01E3),
    (0x01E5, 0x01E5),
    (0x01E7, 0x01E7),
    (0x01E9, 0x01E9),
    (0x01EB, 0x01EB),
    (0x01ED, 0x01ED),
    (0x01EF, 0x01F0),
    (0x01F2, 0x01F3),
    (0x01F5, 0x01F5),
    (0x01F9, 0x01F9),
    (0x01FB, 0x01FB),
    (0x01FD, 0x01FD),
    (0x01FF, 0x01FF),
    (0x0201, 0x0201),
    (0x0203, 0x0203),
    (0x0205, 0x0205),
    (0x0207, 0x0207),
    (0x0209, 0x0209),
    (0x020B, 0x020B),
    (0x020D, 0x020D),
    (0x020F, 0x020F),
    (0x0211, 0x0211),
    (0x0213, 0x0213),
    (0x0215, 0x0215),
    (0x0217, 0x0217),
    (0x0219, 0x0219),
    (0x021B, 0x021B),
    (0x021D, 0x021D),
    (0x021F, 0x021F),
    (0x0223, 0x0223),
    (0x0225, 0x0225),
    (0x0227, 0x0227),
    (0x0229, 0x0229),
    (0x022B, 0x022B),
    (0x022D, 0x022D),
    (0x022F, 0x022F),
    (0x0231, 0x0231),
    (0x0233, 0x0233),
    (0x023C, 0x023C),
    (0x023F, 0x0240),
    (0x0242, 0x0242),
    (0x0247, 0x0247),
    (0x0249, 0x0249),
    (0x024B, 0x024B),
    (0x024D, 0x024D),
    (0x024F, 0x0254),
    (0x0256, 0x0257),
    (0x0259, 0x0259),
    (0x025B, 0x025C),
    (0x0260, 0x0261),
    (0x0263, 0x0266),
    (0x0268, 0x026C),
    (0x026F, 0x026F),
    (0x0271, 0x0272),
    (0x0275, 0x0275),
    (0x027D, 0x027D),
    (0x0280, 0x0280),
    (0x0282, 0x0283),
    (0x0287, 0x028C),
    (0x0292, 0x0292),
    (0x029D, 0x029E),
    (0x0345, 0x0345),
    (0x0371, 0x0371),
    (0x0373, 0x0373),
    (0x0377, 0x0377),
    (0x037B, 0x037D),
    (0x0390, 0x0390),
    (0x03AC, 0x03CE),
    (0x03D0, 0x03D1),
    (0x03D5, 0x03D7),
    (0x03D9, 0x03D9),
    (0x03DB, 0x03DB),
    (0x03DD, 0x03DD),
    (0x03DF, 0x03DF),
    (0x03E1, 0x03E1),
    (0x03E3, 0x03E3),
    (0x03E5, 0x03E5),
    (0x03E7, 0x03E7),
    (0x03E9, 0x03E9),
    (0x03EB, 0x03EB),
    (0x03ED, 0x03ED),
    (0x03EF, 0x03F3),
    (0x03F5, 0x03F5),
    (0x03F8, 0x03F8),
    (0x03FB, 0x03FB),
    (0x0430, 0x045F),
    (0x0461, 0x0461),
    (0x0463, 0x0463),
    (0x0465, 0x0465),
    (0x0467, 0x0467),
    (0x0469, 0x0469),
    (0x046B, 0x046B),
    (0x046D, 0x046D),
    (0x046F, 0x046F),
    (0x0471, 0x0471),
    (0x0473, 0x0473),
    (0x0475, 0x0475),
    (0x0477, 0x0477),
    (0x0479, 0x0479),
    (0x047B, 0x047B),
    (0x047D, 0x047D),
    (0x047F, 0x047F),
    (0x0481, 0x0481),
    (0x048B, 0x048B),
    (0x048D, 0x048D),
    (0x048F, 0x048F),
    (0x0491, 0x0491),
    (0x0493, 0x0493),
    (0x0495, 0x0495),
    (0x0497, 0x0497),
    (0x0499, 0x0499),
    (0x049B, 0x049B),
    (0x049D, 0x049D),
    (0x049F, 0x049F),
    (0x04A1, 0x04A1),
    (0x04A3, 0x04A3),
    (0x04A5, 0x04A5),
    (0x04A7, 0x04A7),
    (0x04A9, 0x04A9),
    (0x04AB, 0x04AB),
    (0x04AD, 0x04AD),
    (0x04AF, 0x04AF),
    (0x04B1, 0x04B1),
    (0x04B3, 0x04B3),
    (0x04B5, 0x04B5),
    (0x04B7, 0x04B7),
    (0x04B9, 0x04B9),
    (0x04BB, 0x04BB),
    (0x04BD, 0x04BD),
    (0x04BF, 0x04BF),
    (0x04C2, 0x04C2),
    (0x04C4, 0x04C4),
    (0x04C6, 0x04C6),
    (0x04C8, 0x04C8),
    (0x04CA, 0x04CA),
    (0x04CC, 0x04CC),
    (0x04CE, 0x04CF),
    (0x04D1, 0x04D1),
    (0x04D3, 0x04D3),
    (0x04D5, 0x04D5),
    (0x04D7, 0x04D7),
    (0x04D9, 0x04D9),
    (0x04DB, 0x04DB),
    (0x04DD, 0x04DD),
    (0x04DF, 0x04DF),
    (0x04E1, 0x04E1),
    (0x04E3, 0x04E3),
    (0x04E5, 0x04E5),
    (0x04E7, 0x04E7),
    (0x04E9, 0x04E9),
    (0x04EB, 0x04EB),
    (0x04ED, 0x04ED),
    (0x04EF, 0x04EF),
    (0x04F1, 0x04F1),
    (0x04F3, 0x04F3),
    (0x04F5, 0x04F5),
    (0x04F7, 0x04F7),
    (0x04F9, 0x04F9),
    (0x04FB, 0x04FB),
    (0x04FD, 0x04FD),
    (0x04FF, 0x04FF),
    (0x0501, 0x0501),
    (0x0503, 0x0503),
    (0x0505, 0x0505),
    (0x0507, 0x0507),
    (0x0509, 0x0509),
    (0x050B, 0x050B),
    (0x050D, 0x050D),
    (0x050F, 0x050F),
    (0x0511, 0x0511),
    (0x0513, 0x0513),
    (0x0515, 0x0515),
    (0x0517, 0x0517),
    (0x0519, 0x0519),
    (0x051B, 0x051B),
    (0x051D, 0x051D),
    (0x051F, 0x051F),
    (0x0521, 0x0521),
    (0x0523, 0x0523),
    (0x0525, 0x0525),
    (0x0527, 0x0527),
    (0x0529, 0x0529),
    (0x052B, 0x052B),
    (0x052D, 0x052D),
    (0x052F, 0x052F),
    (0x0561, 0x0587),
    (0x10D0, 0x10FA),
    (0x10FD, 0x10FF),
    (0x13F8, 0x13FD),
    (0x1C80, 0x1C88),
    (0x1C8A, 0x1C8A),
    (0x1D79, 0x1D79),
    (0x1D7D, 0x1D7D),
    (0x1D8E, 0x1D8E),
    (0x1E01, 0x1E01),
    (0x1E03, 0x1E03),
    (0x1E05, 0x1E05),
    (0x1E07, 0x1E07),
    (0x1E09, 0x1E09),
    (0x1E0B, 0x1E0B),
    (0x1E0D, 0x1E0D),
    (0x1E0F, 0x1E0F),
    (0x1E11, 0x1E11),
    (0x1E13, 0x1E13),
    (0x1E15, 0x1E15),
    (0x1E17, 0x1E17),
    (0x1E19, 0x1E19),
    (0x1E1B, 0x1E1B),
    (0x1E1D, 0x1E1D),
    (0x1E1F, 0x1E1F),
    (0x1E21, 0x1E21),
    (0x1E23, 0x1E23),
    (0x1E25, 0x1E25),
    (0x1E27, 0x1E27),
    (0x1E29, 0x1E29),
    (0x1E2B, 0x1E2B),
    (0x1E2D, 0x1E2D),
    (0x1E2F, 0x1E2F),
    (0x1E31, 0x1E31),
    (0x1E33, 0x1E33),
    (0x1E35, 0x1E35),
    (0x1E37, 0x1E37),
    (0x1E39, 0x1E39),
    (0x1E3B, 0x1E3B),
    (0x1E3D, 0x1E3D),
    (0x1E3F, 0x1E3F),
    (0x1E41, 0x1E41),
    (0x1E43, 0x1E43),
    (0x1E45, 0x1E45),
    (0x1E47, 0x1E47),
    (0x1E49, 0x1E49),
    (0x1E4B, 0x1E4B),
    (0x1E4D, 0x1E4D),
    (0x1E4F, 0x1E4F),
    (0x1E51, 0x1E51),
    (0x1E53, 0x1E53),
    (0x1E55, 0x1E55),
    (0x1E57, 0x1E57),
    (0x1E59, 0x1E59),
    (0x1E5B, 0x1E5B),
    (0x1E5D, 0x1E5D),
    (0x1E5F, 0x1E5F),
    (0x1E61, 0x1E61),
    (0x1E63, 0x1E63),
    (0x1E65, 0x1E65),
    (0x1E67, 0x1E67),
    (0x1E69, 0x1E69),
    (0x1E6B, 0x1E6B),
    (0x1E6D, 0x1E6D),
    (0x1E6F, 0x1E6F),
    (0x1E71, 0x1E71),
    (0x1E73, 0x1E73),
    (0x1E75, 0x1E75),
    (0x1E77, 0x1E77),
    (0x1E79, 0x1E79),
    (0x1E7B, 0x1E7B),
    (0x1E7D, 0x1E7D),
    (0x1E7F, 0x1E7F),
    (0x1E81, 0x1E81),
    (0x1E83, 0x1E83),
    (0x1E85, 0x1E85),
    (0x1E87, 0x1E87),
    (0x1E89, 0x1E89),
    (0x1E8B, 0x1E8B),
    (0x1E8D, 0x1E8D),
    (0x1E8F, 0x1E8F),
    (0x1E91, 0x1E91),
    (0x1E93, 0x1E93),
    (0x1E95, 0x1E9B),
    (0x1EA1, 0x1EA1),
    (0x1EA3, 0x1EA3),
    (0x1EA5, 0x1EA5),
    (0x1EA7, 0x1EA7),
    (0x1EA9, 0x1EA9),
    (0x1EAB, 0x1EAB),
    (0x1EAD, 0x1EAD),
    (0x1EAF, 0x1EAF),
    (0x1EB1, 0x1EB1),
    (0x1EB3, 0x1EB3),
    (0x1EB5, 0x1EB5),
    (0x1EB7, 0x1EB7),
    (0x1EB9, 0x1EB9),
    (0x1EBB, 0x1EBB),
    (0x1EBD, 0x1EBD),
    (0x1EBF, 0x1EBF),
    (0x1EC1, 0x1EC1),
    (0x1EC3, 0x1EC3),
    (0x1EC5, 0x1EC5),
    (0x1EC7, 0x1EC7),
    (0x1EC9, 0x1EC9),
    (0x1ECB, 0x1ECB),
    (0x1ECD, 0x1ECD),
    (0x1ECF, 0x1ECF),
    (0x1ED1, 0x1ED1),
    (0x1ED3, 0x1ED3),
    (0x1ED5, 0x1ED5),
    (0x1ED7, 0x1ED7),
    (0x1ED9, 0x1ED9),
    (0x1EDB, 0x1EDB),
    (0x1EDD, 0x1EDD),
    (0x1EDF, 0x1EDF),
    (0x1EE1, 0x1EE1),
    (0x1EE3, 0x1EE3),
    (0x1EE5, 0x1EE5),
    (0x1EE7, 0x1EE7),
    (0x1EE9, 0x1EE9),
    (0x1EEB, 0x1EEB),
    (0x1EED, 0x1EED),
    (0x1EEF, 0x1EEF),
    (0x1EF1, 0x1EF1),
    (0x1EF3, 0x1EF3),
    (0x1EF5, 0x1EF5),
    (0x1EF7, 0x1EF7),
    (0x1EF9, 0x1EF9),
    (0x1EFB, 0x1EFB),
    (0x1EFD, 0x1EFD),
    (0x1EFF, 0x1F07),
    (0x1F10, 0x1F15),
    (0x1F20, 0x1F27),
    (0x1F30, 0x1F37),
    (0x1F40, 0x1F45),
    (0x1F50, 0x1F57),
    (0x1F60, 0x1F67),
    (0x1F70, 0x1F7D),
    (0x1F80, 0x1FB4),
    (0x1FB6, 0x1FB7),
    (0x1FBC, 0x1FBC),
    (0x1FBE, 0x1FBE),
    (0x1FC2, 0x1FC4),
    (0x1FC6, 0x1FC7),
    (0x1FCC, 0x1FCC),
    (0x1FD0, 0x1FD3),
    (0x1FD6, 0x1FD7),
    (0x1FE0, 0x1FE7),
    (0x1FF2, 0x1FF4),
    (0x1FF6, 0x1FF7),
    (0x1FFC, 0x1FFC),
    (0x214E, 0x214E),
    (0x2170, 0x217F),
    (0x2184, 0x2184),
    (0x24D0, 0x24E9),
    (0x2C30, 0x2C5F),
    (0x2C61, 0x2C61),
    (0x2C65, 0x2C66),
    (0x2C68, 0x2C68),
    (0x2C6A, 0x2C6A),
    (0x2C6C, 0x2C6C),
    (0x2C73, 0x2C73),
    (0x2C76, 0x2C76),
    (0x2C81, 0x2C81),
    (0x2C83, 0x2C83),
    (0x2C85, 0x2C85),
    (0x2C87, 0x2C87),
    (0x2C89, 0x2C89),
    (0x2C8B, 0x2C8B),
    (0x2C8D, 0x2C8D),
    (0x2C8F, 0x2C8F),
    (0x2C91, 0x2C91),
    (0x2C93, 0x2C93),
    (0x2C95, 0x2C95),
    (0x2C97, 0x2C97),
    (0x2C99, 0x2C99),
    (0x2C9B, 0x2C9B),
    (0x2C9D, 0x2C9D),
    (0x2C9F, 0x2C9F),
    (0x2CA1, 0x2CA1),
    (0x2CA3, 0x2CA3),
    (0x2CA5, 0x2CA5),
    (0x2CA7, 0x2CA7),
    (0x2CA9, 0x2CA9),
    (0x2CAB, 0x2CAB),
    (0x2CAD, 0x2CAD),
    (0x2CAF, 0x2CAF),
    (0x2CB1, 0x2CB1),
    (0x2CB3, 0x2CB3),
    (0x2CB5, 0x2CB5),
    (0x2CB7, 0x2CB7),
    (0x2CB9, 0x2CB9),
    (0x2CBB, 0x2CBB),
    (0x2CBD, 0x2CBD),
    (0x2CBF, 0x2CBF),
    (0x2CC1, 0x2CC1),
    (0x2CC3, 0x2CC3),
    (0x2CC5, 0x2CC5),
    (0x2CC7, 0x2CC7),
    (0x2CC9, 0x2CC9),
    (0x2CCB, 0x2CCB),
    (0x2CCD, 0x2CCD),
    (0x2CCF, 0x2CCF),
    (0x2CD1, 0x2CD1),
    (0x2CD3, 0x2CD3),
    (0x2CD5, 0x2CD5),
    (0x2CD7, 0x2CD7),
    (0x2CD9, 0x2CD9),
    (0x2CDB, 0x2CDB),
    (0x2CDD, 0x2CDD),
    (0x2CDF, 0x2CDF),
    (0x2CE1, 0x2CE1),
    (0x2CE3, 0x2CE3),
    (0x2CEC, 0x2CEC),
    (0x2CEE, 0x2CEE),
    (0x2CF3, 0x2CF3),
    (0x2D00, 0x2D25),
    (0x2D27, 0x2D27),
    (0x2D2D, 0x2D2D),
    (0xA641, 0xA641),
    (0xA643, 0xA643),
    (0xA645, 0xA645),
    (0xA647, 0xA647),
    (0xA649, 0xA649),
    (0xA64B, 0xA64B),
    (0xA64D, 0xA64D),
    (0xA64F, 0xA64F),
    (0xA651, 0xA651),
    (0xA653, 0xA653),
    (0xA655, 0xA655),
    (0xA657, 0xA657),
    (0xA659, 0xA659),
    (0xA65B, 0xA65B),
    (0xA65D, 0xA65D),
    (0xA65F, 0xA65F),
    (0xA661, 0xA661),
    (0xA663, 0xA663),
    (0xA665, 0xA665),
    (0xA667, 0xA667),
    (0xA669, 0xA669),
    (0xA66B, 0xA66B),
    (0xA66D, 0xA66D),
    (0xA681, 0xA681),
    (0xA683, 0xA683),
    (0xA685, 0xA685),
    (0xA687, 0xA687),
    (0xA689, 0xA689),
    (0xA68B, 0xA68B),
    (0xA68D, 0xA68D),
    (0xA68F, 0xA68F),
    (0xA691, 0xA691),
    (0xA693, 0xA693),
    (0xA695, 0xA695),
    (0xA697, 0xA697),
    (0xA699, 0xA699),
    (0xA69B, 0xA69B),
    (0xA723, 0xA723),
    (0xA725, 0xA725),
    (0xA727, 0xA727),
    (0xA729, 0xA729),
    (0xA72B, 0xA72B),
    (0xA72D, 0xA72D),
    (0xA72F, 0xA72F),
    (0xA733, 0xA733),
    (0xA735, 0xA735),
    (0xA737, 0xA737),
    (0xA739, 0xA739),
    (0xA73B, 0xA73B),
    (0xA73D, 0xA73D),
    (0xA73F, 0xA73F),
    (0xA741, 0xA741),
    (0xA743, 0xA743),
    (0xA745, 0xA745),
    (0xA747, 0xA747),
    (0xA749, 0xA749),
    (0xA74B, 0xA74B),
    (0xA74D, 0xA74D),
    (0xA74F, 0xA74F),
    (0xA751, 0xA751),
    (0xA753, 0xA753),
    (0xA755, 0xA755),
    (0xA757, 0xA757),
    (0xA759, 0xA759),
    (0xA75B, 0xA75B),
    (0xA75D, 0xA75D),
    (0xA75F, 0xA75F),
    (0xA761, 0xA761),
    (0xA763, 0xA763),
    (0xA765, 0xA765),
    (0xA767, 0xA767),
    (0xA769, 0xA769),
    (0xA76B, 0xA76B),
    (0xA76D, 0xA76D),
    (0xA76F, 0xA76F),
    (0xA77A, 0xA77A),
    (0xA77C, 0xA77C),
    (0xA77F, 0xA77F),
    (0xA781, 0xA781),
    (0xA783, 0xA783),
    (0xA785, 0xA785),
    (0xA787, 0xA787),
    (0xA78C, 0xA78C),
    (0xA791, 0xA791),
    (0xA793, 0xA794),
    (0xA797, 0xA797),
    (0xA799, 0xA799),
    (0xA79B, 0xA79B),
    (0xA79D, 0xA79D),
    (0xA79F, 0xA79F),
    (0xA7A1, 0xA7A1),
    (0xA7A3, 0xA7A3),
    (0xA7A5, 0xA7A5),
    (0xA7A7, 0xA7A7),
    (0xA7A9, 0xA7A9),
    (0xA7B5, 0xA7B5),
    (0xA7B7, 0xA7B7),
    (0xA7B9, 0xA7B9),
    (0xA7BB, 0xA7BB),
    (0xA7BD, 0xA7BD),
    (0xA7BF, 0xA7BF),
    (0xA7C1, 0xA7C1),
    (0xA7C3, 0xA7C3),
    (0xA7C8, 0xA7C8),
    (0xA7CA, 0xA7CA),
    (0xA7CD, 0xA7CD),
    (0xA7CF, 0xA7CF),
    (0xA7D1, 0xA7D1),
    (0xA7D3, 0xA7D3),
    (0xA7D5, 0xA7D5),
    (0xA7D7, 0xA7D7),
    (0xA7D9, 0xA7D9),
    (0xA7DB, 0xA7DB),
    (0xA7F6, 0xA7F6),
    (0xAB53, 0xAB53),
    (0xAB70, 0xABBF),
    (0xFB00, 0xFB06),
    (0xFB13, 0xFB17),
    (0xFF41, 0xFF5A),
    (0x10428, 0x1044F),
    (0x104D8, 0x104FB),
    (0x10597, 0x105A1),
    (0x105A3, 0x105B1),
    (0x105B3, 0x105B9),
    (0x105BB, 0x105BC),
    (0x10CC0, 0x10CF2),
    (0x10D70, 0x10D85),
    (0x118C0, 0x118DF),
    (0x16E60, 0x16E7F),
    (0x16EBB, 0x16ED3),
    (0x1E922, 0x1E943),
];

/// `\p{Dash}` (from the test262 fixtures).
pub const DASH: &[(u32, u32)] = &[
    (0x002D, 0x002D),
    (0x058A, 0x058A),
    (0x05BE, 0x05BE),
    (0x1400, 0x1400),
    (0x1806, 0x1806),
    (0x2010, 0x2015),
    (0x2053, 0x2053),
    (0x207B, 0x207B),
    (0x208B, 0x208B),
    (0x2212, 0x2212),
    (0x2E17, 0x2E17),
    (0x2E1A, 0x2E1A),
    (0x2E3A, 0x2E3B),
    (0x2E40, 0x2E40),
    (0x2E5D, 0x2E5D),
    (0x301C, 0x301C),
    (0x3030, 0x3030),
    (0x30A0, 0x30A0),
    (0xFE31, 0xFE32),
    (0xFE58, 0xFE58),
    (0xFE63, 0xFE63),
    (0xFF0D, 0xFF0D),
    (0x10D6E, 0x10D6E),
    (0x10EAD, 0x10EAD),
];

/// `\p{Default_Ignorable_Code_Point}` (from the test262 fixtures).
pub const DEFAULT_IGNORABLE_CODE_POINT: &[(u32, u32)] = &[
    (0x00AD, 0x00AD),
    (0x034F, 0x034F),
    (0x061C, 0x061C),
    (0x115F, 0x1160),
    (0x17B4, 0x17B5),
    (0x180B, 0x180F),
    (0x200B, 0x200F),
    (0x202A, 0x202E),
    (0x2060, 0x206F),
    (0x3164, 0x3164),
    (0xFE00, 0xFE0F),
    (0xFEFF, 0xFEFF),
    (0xFFA0, 0xFFA0),
    (0xFFF0, 0xFFF8),
    (0x1BCA0, 0x1BCA3),
    (0x1D173, 0x1D17A),
    (0xE0000, 0xE0FFF),
];

/// `\p{Deprecated}` (from the test262 fixtures).
pub const DEPRECATED: &[(u32, u32)] = &[
    (0x0149, 0x0149),
    (0x0673, 0x0673),
    (0x0F77, 0x0F77),
    (0x0F79, 0x0F79),
    (0x17A3, 0x17A4),
    (0x206A, 0x206F),
    (0x2329, 0x232A),
    (0xE0001, 0xE0001),
];

/// `\p{Diacritic}` (from the test262 fixtures).
pub const DIACRITIC: &[(u32, u32)] = &[
    (0x005E, 0x005E),
    (0x0060, 0x0060),
    (0x00A8, 0x00A8),
    (0x00AF, 0x00AF),
    (0x00B4, 0x00B4),
    (0x00B7, 0x00B8),
    (0x02B0, 0x034E),
    (0x0350, 0x0357),
    (0x035D, 0x0362),
    (0x0374, 0x0375),
    (0x037A, 0x037A),
    (0x0384, 0x0385),
    (0x0483, 0x0487),
    (0x0559, 0x0559),
    (0x0591, 0x05BD),
    (0x05BF, 0x05BF),
    (0x05C1, 0x05C2),
    (0x05C4, 0x05C5),
    (0x05C7, 0x05C7),
    (0x064B, 0x0652),
    (0x0657, 0x0658),
    (0x06DF, 0x06E0),
    (0x06E5, 0x06E6),
    (0x06EA, 0x06EC),
    (0x0730, 0x074A),
    (0x07A6, 0x07B0),
    (0x07EB, 0x07F5),
    (0x0818, 0x0819),
    (0x0898, 0x089F),
    (0x08C9, 0x08D2),
    (0x08E3, 0x08FE),
    (0x093C, 0x093C),
    (0x094D, 0x094D),
    (0x0951, 0x0954),
    (0x0971, 0x0971),
    (0x09BC, 0x09BC),
    (0x09CD, 0x09CD),
    (0x0A3C, 0x0A3C),
    (0x0A4D, 0x0A4D),
    (0x0ABC, 0x0ABC),
    (0x0ACD, 0x0ACD),
    (0x0AFD, 0x0AFF),
    (0x0B3C, 0x0B3C),
    (0x0B4D, 0x0B4D),
    (0x0B55, 0x0B55),
    (0x0BCD, 0x0BCD),
    (0x0C3C, 0x0C3C),
    (0x0C4D, 0x0C4D),
    (0x0CBC, 0x0CBC),
    (0x0CCD, 0x0CCD),
    (0x0D3B, 0x0D3C),
    (0x0D4D, 0x0D4D),
    (0x0DCA, 0x0DCA),
    (0x0E3A, 0x0E3A),
    (0x0E47, 0x0E4C),
    (0x0E4E, 0x0E4E),
    (0x0EBA, 0x0EBA),
    (0x0EC8, 0x0ECC),
    (0x0F18, 0x0F19),
    (0x0F35, 0x0F35),
    (0x0F37, 0x0F37),
    (0x0F39, 0x0F39),
    (0x0F3E, 0x0F3F),
    (0x0F82, 0x0F84),
    (0x0F86, 0x0F87),
    (0x0FC6, 0x0FC6),
    (0x1037, 0x1037),
    (0x1039, 0x103A),
    (0x1063, 0x1064),
    (0x1069, 0x106D),
    (0x1087, 0x108D),
    (0x108F, 0x108F),
    (0x109A, 0x109B),
    (0x135D, 0x135F),
    (0x1714, 0x1715),
    (0x1734, 0x1734),
    (0x17C9, 0x17D3),
    (0x17DD, 0x17DD),
    (0x1939, 0x193B),
    (0x1A60, 0x1A60),
    (0x1A75, 0x1A7C),
    (0x1A7F, 0x1A7F),
    (0x1AB0, 0x1ABE),
    (0x1AC1, 0x1ACB),
    (0x1ACF, 0x1ADD),
    (0x1AE0, 0x1AEB),
    (0x1B34, 0x1B34),
    (0x1B44, 0x1B44),
    (0x1B6B, 0x1B73),
    (0x1BAA, 0x1BAB),
    (0x1BE6, 0x1BE6),
    (0x1BF2, 0x1BF3),
    (0x1C36, 0x1C37),
    (0x1C78, 0x1C7D),
    (0x1CD0, 0x1CE8),
    (0x1CED, 0x1CED),
    (0x1CF4, 0x1CF4),
    (0x1CF7, 0x1CF9),
    (0x1D2C, 0x1D6A),
    (0x1D9B, 0x1DBE),
    (0x1DC4, 0x1DCF),
    (0x1DF5, 0x1DFF),
    (0x1FBD, 0x1FBD),
    (0x1FBF, 0x1FC1),
    (0x1FCD, 0x1FCF),
    (0x1FDD, 0x1FDF),
    (0x1FED, 0x1FEF),
    (0x1FFD, 0x1FFE),
    (0x2CEF, 0x2CF1),
    (0x2E2F, 0x2E2F),
    (0x302A, 0x302F),
    (0x3099, 0x309C),
    (0x30FC, 0x30FC),
    (0xA66F, 0xA66F),
    (0xA67C, 0xA67D),
    (0xA67F, 0xA67F),
    (0xA69C, 0xA69D),
    (0xA6F0, 0xA6F1),
    (0xA700, 0xA721),
    (0xA788, 0xA78A),
    (0xA7F1, 0xA7F1),
    (0xA7F8, 0xA7F9),
    (0xA806, 0xA806),
    (0xA82C, 0xA82C),
    (0xA8C4, 0xA8C4),
    (0xA8E0, 0xA8F1),
    (0xA92B, 0xA92E),
    (0xA953, 0xA953),
    (0xA9B3, 0xA9B3),
    (0xA9C0, 0xA9C0),
    (0xA9E5, 0xA9E5),
    (0xAA7B, 0xAA7D),
    (0xAABF, 0xAAC2),
    (0xAAF6, 0xAAF6),
    (0xAB5B, 0xAB5F),
    (0xAB69, 0xAB6B),
    (0xABEC, 0xABED),
    (0xFB1E, 0xFB1E),
    (0xFE20, 0xFE2F),
    (0xFF3E, 0xFF3E),
    (0xFF40, 0xFF40),
    (0xFF70, 0xFF70),
    (0xFF9E, 0xFF9F),
    (0xFFE3, 0xFFE3),
    (0x102E0, 0x102E0),
    (0x10780, 0x10785),
    (0x10787, 0x107B0),
    (0x107B2, 0x107BA),
    (0x10A38, 0x10A3A),
    (0x10A3F, 0x10A3F),
    (0x10AE5, 0x10AE6),
    (0x10D22, 0x10D27),
    (0x10D4E, 0x10D4E),
    (0x10D69, 0x10D6D),
    (0x10EFA, 0x10EFA),
    (0x10EFD, 0x10EFF),
    (0x10F46, 0x10F50),
    (0x10F82, 0x10F85),
    (0x11046, 0x11046),
    (0x11070, 0x11070),
    (0x110B9, 0x110BA),
    (0x11133, 0x11134),
    (0x11173, 0x11173),
    (0x111C0, 0x111C0),
    (0x111CA, 0x111CC),
    (0x11235, 0x11236),
    (0x112E9, 0x112EA),
    (0x1133B, 0x1133C),
    (0x1134D, 0x1134D),
    (0x11366, 0x1136C),
    (0x11370, 0x11374),
    (0x113CE, 0x113D0),
    (0x113D2, 0x113D3),
    (0x113E1, 0x113E2),
    (0x11442, 0x11442),
    (0x11446, 0x11446),
    (0x114C2, 0x114C3),
    (0x115BF, 0x115C0),
    (0x1163F, 0x1163F),
    (0x116B6, 0x116B7),
    (0x1172B, 0x1172B),
    (0x11839, 0x1183A),
    (0x1193D, 0x1193E),
    (0x11943, 0x11943),
    (0x119E0, 0x119E0),
    (0x11A34, 0x11A34),
    (0x11A47, 0x11A47),
    (0x11A99, 0x11A99),
    (0x11C3F, 0x11C3F),
    (0x11D42, 0x11D42),
    (0x11D44, 0x11D45),
    (0x11D97, 0x11D97),
    (0x11DD9, 0x11DD9),
    (0x11F41, 0x11F42),
    (0x11F5A, 0x11F5A),
    (0x13447, 0x13455),
    (0x1612F, 0x1612F),
    (0x16AF0, 0x16AF4),
    (0x16B30, 0x16B36),
    (0x16D6B, 0x16D6C),
    (0x16F8F, 0x16F9F),
    (0x16FF0, 0x16FF1),
    (0x1AFF0, 0x1AFF3),
    (0x1AFF5, 0x1AFFB),
    (0x1AFFD, 0x1AFFE),
    (0x1CF00, 0x1CF2D),
    (0x1CF30, 0x1CF46),
    (0x1D167, 0x1D169),
    (0x1D16D, 0x1D172),
    (0x1D17B, 0x1D182),
    (0x1D185, 0x1D18B),
    (0x1D1AA, 0x1D1AD),
    (0x1E030, 0x1E06D),
    (0x1E130, 0x1E136),
    (0x1E2AE, 0x1E2AE),
    (0x1E2EC, 0x1E2EF),
    (0x1E5EE, 0x1E5EF),
    (0x1E8D0, 0x1E8D6),
    (0x1E944, 0x1E946),
    (0x1E948, 0x1E94A),
];

/// `\p{Emoji}` (from the test262 fixtures).
pub const EMOJI: &[(u32, u32)] = &[
    (0x0023, 0x0023),
    (0x002A, 0x002A),
    (0x0030, 0x0039),
    (0x00A9, 0x00A9),
    (0x00AE, 0x00AE),
    (0x203C, 0x203C),
    (0x2049, 0x2049),
    (0x2122, 0x2122),
    (0x2139, 0x2139),
    (0x2194, 0x2199),
    (0x21A9, 0x21AA),
    (0x231A, 0x231B),
    (0x2328, 0x2328),
    (0x23CF, 0x23CF),
    (0x23E9, 0x23F3),
    (0x23F8, 0x23FA),
    (0x24C2, 0x24C2),
    (0x25AA, 0x25AB),
    (0x25B6, 0x25B6),
    (0x25C0, 0x25C0),
    (0x25FB, 0x25FE),
    (0x2600, 0x2604),
    (0x260E, 0x260E),
    (0x2611, 0x2611),
    (0x2614, 0x2615),
    (0x2618, 0x2618),
    (0x261D, 0x261D),
    (0x2620, 0x2620),
    (0x2622, 0x2623),
    (0x2626, 0x2626),
    (0x262A, 0x262A),
    (0x262E, 0x262F),
    (0x2638, 0x263A),
    (0x2640, 0x2640),
    (0x2642, 0x2642),
    (0x2648, 0x2653),
    (0x265F, 0x2660),
    (0x2663, 0x2663),
    (0x2665, 0x2666),
    (0x2668, 0x2668),
    (0x267B, 0x267B),
    (0x267E, 0x267F),
    (0x2692, 0x2697),
    (0x2699, 0x2699),
    (0x269B, 0x269C),
    (0x26A0, 0x26A1),
    (0x26A7, 0x26A7),
    (0x26AA, 0x26AB),
    (0x26B0, 0x26B1),
    (0x26BD, 0x26BE),
    (0x26C4, 0x26C5),
    (0x26C8, 0x26C8),
    (0x26CE, 0x26CF),
    (0x26D1, 0x26D1),
    (0x26D3, 0x26D4),
    (0x26E9, 0x26EA),
    (0x26F0, 0x26F5),
    (0x26F7, 0x26FA),
    (0x26FD, 0x26FD),
    (0x2702, 0x2702),
    (0x2705, 0x2705),
    (0x2708, 0x270D),
    (0x270F, 0x270F),
    (0x2712, 0x2712),
    (0x2714, 0x2714),
    (0x2716, 0x2716),
    (0x271D, 0x271D),
    (0x2721, 0x2721),
    (0x2728, 0x2728),
    (0x2733, 0x2734),
    (0x2744, 0x2744),
    (0x2747, 0x2747),
    (0x274C, 0x274C),
    (0x274E, 0x274E),
    (0x2753, 0x2755),
    (0x2757, 0x2757),
    (0x2763, 0x2764),
    (0x2795, 0x2797),
    (0x27A1, 0x27A1),
    (0x27B0, 0x27B0),
    (0x27BF, 0x27BF),
    (0x2934, 0x2935),
    (0x2B05, 0x2B07),
    (0x2B1B, 0x2B1C),
    (0x2B50, 0x2B50),
    (0x2B55, 0x2B55),
    (0x3030, 0x3030),
    (0x303D, 0x303D),
    (0x3297, 0x3297),
    (0x3299, 0x3299),
    (0x1F004, 0x1F004),
    (0x1F0CF, 0x1F0CF),
    (0x1F170, 0x1F171),
    (0x1F17E, 0x1F17F),
    (0x1F18E, 0x1F18E),
    (0x1F191, 0x1F19A),
    (0x1F1E6, 0x1F1FF),
    (0x1F201, 0x1F202),
    (0x1F21A, 0x1F21A),
    (0x1F22F, 0x1F22F),
    (0x1F232, 0x1F23A),
    (0x1F250, 0x1F251),
    (0x1F300, 0x1F321),
    (0x1F324, 0x1F393),
    (0x1F396, 0x1F397),
    (0x1F399, 0x1F39B),
    (0x1F39E, 0x1F3F0),
    (0x1F3F3, 0x1F3F5),
    (0x1F3F7, 0x1F4FD),
    (0x1F4FF, 0x1F53D),
    (0x1F549, 0x1F54E),
    (0x1F550, 0x1F567),
    (0x1F56F, 0x1F570),
    (0x1F573, 0x1F57A),
    (0x1F587, 0x1F587),
    (0x1F58A, 0x1F58D),
    (0x1F590, 0x1F590),
    (0x1F595, 0x1F596),
    (0x1F5A4, 0x1F5A5),
    (0x1F5A8, 0x1F5A8),
    (0x1F5B1, 0x1F5B2),
    (0x1F5BC, 0x1F5BC),
    (0x1F5C2, 0x1F5C4),
    (0x1F5D1, 0x1F5D3),
    (0x1F5DC, 0x1F5DE),
    (0x1F5E1, 0x1F5E1),
    (0x1F5E3, 0x1F5E3),
    (0x1F5E8, 0x1F5E8),
    (0x1F5EF, 0x1F5EF),
    (0x1F5F3, 0x1F5F3),
    (0x1F5FA, 0x1F64F),
    (0x1F680, 0x1F6C5),
    (0x1F6CB, 0x1F6D2),
    (0x1F6D5, 0x1F6D8),
    (0x1F6DC, 0x1F6E5),
    (0x1F6E9, 0x1F6E9),
    (0x1F6EB, 0x1F6EC),
    (0x1F6F0, 0x1F6F0),
    (0x1F6F3, 0x1F6FC),
    (0x1F7E0, 0x1F7EB),
    (0x1F7F0, 0x1F7F0),
    (0x1F90C, 0x1F93A),
    (0x1F93C, 0x1F945),
    (0x1F947, 0x1F9FF),
    (0x1FA70, 0x1FA7C),
    (0x1FA80, 0x1FA8A),
    (0x1FA8E, 0x1FAC6),
    (0x1FAC8, 0x1FAC8),
    (0x1FACD, 0x1FADC),
    (0x1FADF, 0x1FAEA),
    (0x1FAEF, 0x1FAF8),
];

/// `\p{Emoji_Component}` (from the test262 fixtures).
pub const EMOJI_COMPONENT: &[(u32, u32)] = &[
    (0x0023, 0x0023),
    (0x002A, 0x002A),
    (0x0030, 0x0039),
    (0x200D, 0x200D),
    (0x20E3, 0x20E3),
    (0xFE0F, 0xFE0F),
    (0x1F1E6, 0x1F1FF),
    (0x1F3FB, 0x1F3FF),
    (0x1F9B0, 0x1F9B3),
    (0xE0020, 0xE007F),
];

/// `\p{Emoji_Modifier}` (from the test262 fixtures).
pub const EMOJI_MODIFIER: &[(u32, u32)] = &[
    (0x1F3FB, 0x1F3FF),
];

/// `\p{Emoji_Modifier_Base}` (from the test262 fixtures).
pub const EMOJI_MODIFIER_BASE: &[(u32, u32)] = &[
    (0x261D, 0x261D),
    (0x26F9, 0x26F9),
    (0x270A, 0x270D),
    (0x1F385, 0x1F385),
    (0x1F3C2, 0x1F3C4),
    (0x1F3C7, 0x1F3C7),
    (0x1F3CA, 0x1F3CC),
    (0x1F442, 0x1F443),
    (0x1F446, 0x1F450),
    (0x1F466, 0x1F478),
    (0x1F47C, 0x1F47C),
    (0x1F481, 0x1F483),
    (0x1F485, 0x1F487),
    (0x1F48F, 0x1F48F),
    (0x1F491, 0x1F491),
    (0x1F4AA, 0x1F4AA),
    (0x1F574, 0x1F575),
    (0x1F57A, 0x1F57A),
    (0x1F590, 0x1F590),
    (0x1F595, 0x1F596),
    (0x1F645, 0x1F647),
    (0x1F64B, 0x1F64F),
    (0x1F6A3, 0x1F6A3),
    (0x1F6B4, 0x1F6B6),
    (0x1F6C0, 0x1F6C0),
    (0x1F6CC, 0x1F6CC),
    (0x1F90C, 0x1F90C),
    (0x1F90F, 0x1F90F),
    (0x1F918, 0x1F91F),
    (0x1F926, 0x1F926),
    (0x1F930, 0x1F939),
    (0x1F93C, 0x1F93E),
    (0x1F977, 0x1F977),
    (0x1F9B5, 0x1F9B6),
    (0x1F9B8, 0x1F9B9),
    (0x1F9BB, 0x1F9BB),
    (0x1F9CD, 0x1F9CF),
    (0x1F9D1, 0x1F9DD),
    (0x1FAC3, 0x1FAC5),
    (0x1FAF0, 0x1FAF8),
];

/// `\p{Emoji_Presentation}` (from the test262 fixtures).
pub const EMOJI_PRESENTATION: &[(u32, u32)] = &[
    (0x231A, 0x231B),
    (0x23E9, 0x23EC),
    (0x23F0, 0x23F0),
    (0x23F3, 0x23F3),
    (0x25FD, 0x25FE),
    (0x2614, 0x2615),
    (0x2648, 0x2653),
    (0x267F, 0x267F),
    (0x2693, 0x2693),
    (0x26A1, 0x26A1),
    (0x26AA, 0x26AB),
    (0x26BD, 0x26BE),
    (0x26C4, 0x26C5),
    (0x26CE, 0x26CE),
    (0x26D4, 0x26D4),
    (0x26EA, 0x26EA),
    (0x26F2, 0x26F3),
    (0x26F5, 0x26F5),
    (0x26FA, 0x26FA),
    (0x26FD, 0x26FD),
    (0x2705, 0x2705),
    (0x270A, 0x270B),
    (0x2728, 0x2728),
    (0x274C, 0x274C),
    (0x274E, 0x274E),
    (0x2753, 0x2755),
    (0x2757, 0x2757),
    (0x2795, 0x2797),
    (0x27B0, 0x27B0),
    (0x27BF, 0x27BF),
    (0x2B1B, 0x2B1C),
    (0x2B50, 0x2B50),
    (0x2B55, 0x2B55),
    (0x1F004, 0x1F004),
    (0x1F0CF, 0x1F0CF),
    (0x1F18E, 0x1F18E),
    (0x1F191, 0x1F19A),
    (0x1F1E6, 0x1F1FF),
    (0x1F201, 0x1F201),
    (0x1F21A, 0x1F21A),
    (0x1F22F, 0x1F22F),
    (0x1F232, 0x1F236),
    (0x1F238, 0x1F23A),
    (0x1F250, 0x1F251),
    (0x1F300, 0x1F320),
    (0x1F32D, 0x1F335),
    (0x1F337, 0x1F37C),
    (0x1F37E, 0x1F393),
    (0x1F3A0, 0x1F3CA),
    (0x1F3CF, 0x1F3D3),
    (0x1F3E0, 0x1F3F0),
    (0x1F3F4, 0x1F3F4),
    (0x1F3F8, 0x1F43E),
    (0x1F440, 0x1F440),
    (0x1F442, 0x1F4FC),
    (0x1F4FF, 0x1F53D),
    (0x1F54B, 0x1F54E),
    (0x1F550, 0x1F567),
    (0x1F57A, 0x1F57A),
    (0x1F595, 0x1F596),
    (0x1F5A4, 0x1F5A4),
    (0x1F5FB, 0x1F64F),
    (0x1F680, 0x1F6C5),
    (0x1F6CC, 0x1F6CC),
    (0x1F6D0, 0x1F6D2),
    (0x1F6D5, 0x1F6D8),
    (0x1F6DC, 0x1F6DF),
    (0x1F6EB, 0x1F6EC),
    (0x1F6F4, 0x1F6FC),
    (0x1F7E0, 0x1F7EB),
    (0x1F7F0, 0x1F7F0),
    (0x1F90C, 0x1F93A),
    (0x1F93C, 0x1F945),
    (0x1F947, 0x1F9FF),
    (0x1FA70, 0x1FA7C),
    (0x1FA80, 0x1FA8A),
    (0x1FA8E, 0x1FAC6),
    (0x1FAC8, 0x1FAC8),
    (0x1FACD, 0x1FADC),
    (0x1FADF, 0x1FAEA),
    (0x1FAEF, 0x1FAF8),
];

/// `\p{Extended_Pictographic}` (from the test262 fixtures).
pub const EXTENDED_PICTOGRAPHIC: &[(u32, u32)] = &[
    (0x00A9, 0x00A9),
    (0x00AE, 0x00AE),
    (0x203C, 0x203C),
    (0x2049, 0x2049),
    (0x2122, 0x2122),
    (0x2139, 0x2139),
    (0x2194, 0x2199),
    (0x21A9, 0x21AA),
    (0x231A, 0x231B),
    (0x2328, 0x2328),
    (0x23CF, 0x23CF),
    (0x23E9, 0x23F3),
    (0x23F8, 0x23FA),
    (0x24C2, 0x24C2),
    (0x25AA, 0x25AB),
    (0x25B6, 0x25B6),
    (0x25C0, 0x25C0),
    (0x25FB, 0x25FE),
    (0x2600, 0x2604),
    (0x260E, 0x260E),
    (0x2611, 0x2611),
    (0x2614, 0x2615),
    (0x2618, 0x2618),
    (0x261D, 0x261D),
    (0x2620, 0x2620),
    (0x2622, 0x2623),
    (0x2626, 0x2626),
    (0x262A, 0x262A),
    (0x262E, 0x262F),
    (0x2638, 0x263A),
    (0x2640, 0x2640),
    (0x2642, 0x2642),
    (0x2648, 0x2653),
    (0x265F, 0x2660),
    (0x2663, 0x2663),
    (0x2665, 0x2666),
    (0x2668, 0x2668),
    (0x267B, 0x267B),
    (0x267E, 0x267F),
    (0x2692, 0x2697),
    (0x2699, 0x2699),
    (0x269B, 0x269C),
    (0x26A0, 0x26A1),
    (0x26A7, 0x26A7),
    (0x26AA, 0x26AB),
    (0x26B0, 0x26B1),
    (0x26BD, 0x26BE),
    (0x26C4, 0x26C5),
    (0x26C8, 0x26C8),
    (0x26CE, 0x26CF),
    (0x26D1, 0x26D1),
    (0x26D3, 0x26D4),
    (0x26E9, 0x26EA),
    (0x26F0, 0x26F5),
    (0x26F7, 0x26FA),
    (0x26FD, 0x26FD),
    (0x2702, 0x2702),
    (0x2705, 0x2705),
    (0x2708, 0x270D),
    (0x270F, 0x270F),
    (0x2712, 0x2712),
    (0x2714, 0x2714),
    (0x2716, 0x2716),
    (0x271D, 0x271D),
    (0x2721, 0x2721),
    (0x2728, 0x2728),
    (0x2733, 0x2734),
    (0x2744, 0x2744),
    (0x2747, 0x2747),
    (0x274C, 0x274C),
    (0x274E, 0x274E),
    (0x2753, 0x2755),
    (0x2757, 0x2757),
    (0x2763, 0x2764),
    (0x2795, 0x2797),
    (0x27A1, 0x27A1),
    (0x27B0, 0x27B0),
    (0x27BF, 0x27BF),
    (0x2934, 0x2935),
    (0x2B05, 0x2B07),
    (0x2B1B, 0x2B1C),
    (0x2B50, 0x2B50),
    (0x2B55, 0x2B55),
    (0x3030, 0x3030),
    (0x303D, 0x303D),
    (0x3297, 0x3297),
    (0x3299, 0x3299),
    (0x1F004, 0x1F004),
    (0x1F02C, 0x1F02F),
    (0x1F094, 0x1F09F),
    (0x1F0AF, 0x1F0B0),
    (0x1F0C0, 0x1F0C0),
    (0x1F0CF, 0x1F0D0),
    (0x1F0F6, 0x1F0FF),
    (0x1F170, 0x1F171),
    (0x1F17E, 0x1F17F),
    (0x1F18E, 0x1F18E),
    (0x1F191, 0x1F19A),
    (0x1F1AE, 0x1F1E5),
    (0x1F201, 0x1F20F),
    (0x1F21A, 0x1F21A),
    (0x1F22F, 0x1F22F),
    (0x1F232, 0x1F23A),
    (0x1F23C, 0x1F23F),
    (0x1F249, 0x1F25F),
    (0x1F266, 0x1F321),
    (0x1F324, 0x1F393),
    (0x1F396, 0x1F397),
    (0x1F399, 0x1F39B),
    (0x1F39E, 0x1F3F0),
    (0x1F3F3, 0x1F3F5),
    (0x1F3F7, 0x1F3FA),
    (0x1F400, 0x1F4FD),
    (0x1F4FF, 0x1F53D),
    (0x1F549, 0x1F54E),
    (0x1F550, 0x1F567),
    (0x1F56F, 0x1F570),
    (0x1F573, 0x1F57A),
    (0x1F587, 0x1F587),
    (0x1F58A, 0x1F58D),
    (0x1F590, 0x1F590),
    (0x1F595, 0x1F596),
    (0x1F5A4, 0x1F5A5),
    (0x1F5A8, 0x1F5A8),
    (0x1F5B1, 0x1F5B2),
    (0x1F5BC, 0x1F5BC),
    (0x1F5C2, 0x1F5C4),
    (0x1F5D1, 0x1F5D3),
    (0x1F5DC, 0x1F5DE),
    (0x1F5E1, 0x1F5E1),
    (0x1F5E3, 0x1F5E3),
    (0x1F5E8, 0x1F5E8),
    (0x1F5EF, 0x1F5EF),
    (0x1F5F3, 0x1F5F3),
    (0x1F5FA, 0x1F64F),
    (0x1F680, 0x1F6C5),
    (0x1F6CB, 0x1F6D2),
    (0x1F6D5, 0x1F6E5),
    (0x1F6E9, 0x1F6E9),
    (0x1F6EB, 0x1F6F0),
    (0x1F6F3, 0x1F6FF),
    (0x1F7DA, 0x1F7FF),
    (0x1F80C, 0x1F80F),
    (0x1F848, 0x1F84F),
    (0x1F85A, 0x1F85F),
    (0x1F888, 0x1F88F),
    (0x1F8AE, 0x1F8AF),
    (0x1F8BC, 0x1F8BF),
    (0x1F8C2, 0x1F8CF),
    (0x1F8D9, 0x1F8FF),
    (0x1F90C, 0x1F93A),
    (0x1F93C, 0x1F945),
    (0x1F947, 0x1F9FF),
    (0x1FA58, 0x1FA5F),
    (0x1FA6E, 0x1FAFF),
    (0x1FC00, 0x1FFFD),
];

/// `\p{Extender}` (from the test262 fixtures).
pub const EXTENDER: &[(u32, u32)] = &[
    (0x00B7, 0x00B7),
    (0x02D0, 0x02D1),
    (0x0640, 0x0640),
    (0x07FA, 0x07FA),
    (0x0A71, 0x0A71),
    (0x0AFB, 0x0AFB),
    (0x0B55, 0x0B55),
    (0x0E46, 0x0E46),
    (0x0EC6, 0x0EC6),
    (0x180A, 0x180A),
    (0x1843, 0x1843),
    (0x1AA7, 0x1AA7),
    (0x1C36, 0x1C36),
    (0x1C7B, 0x1C7B),
    (0x3005, 0x3005),
    (0x3031, 0x3035),
    (0x309D, 0x309E),
    (0x30FC, 0x30FE),
    (0xA015, 0xA015),
    (0xA60C, 0xA60C),
    (0xA9CF, 0xA9CF),
    (0xA9E6, 0xA9E6),
    (0xAA70, 0xAA70),
    (0xAADD, 0xAADD),
    (0xAAF3, 0xAAF4),
    (0xFF70, 0xFF70),
    (0x10781, 0x10782),
    (0x10D4E, 0x10D4E),
    (0x10D6A, 0x10D6A),
    (0x10D6F, 0x10D6F),
    (0x11237, 0x11237),
    (0x1135D, 0x1135D),
    (0x113D2, 0x113D3),
    (0x115C6, 0x115C8),
    (0x11A98, 0x11A98),
    (0x11DD9, 0x11DD9),
    (0x16B42, 0x16B43),
    (0x16FE0, 0x16FE1),
    (0x16FE3, 0x16FE3),
    (0x16FF2, 0x16FF3),
    (0x1E13C, 0x1E13D),
    (0x1E5EF, 0x1E5EF),
    (0x1E944, 0x1E946),
];

/// `\p{General_Category_-_Cased_Letter}` (from the test262 fixtures).
pub const GENERAL_CATEGORY___CASED_LETTER: &[(u32, u32)] = &[
    (0x0041, 0x005A),
    (0x0061, 0x007A),
    (0x00B5, 0x00B5),
    (0x00C0, 0x00D6),
    (0x00D8, 0x00F6),
    (0x00F8, 0x01BA),
    (0x01BC, 0x01BF),
    (0x01C4, 0x0293),
    (0x0296, 0x02AF),
    (0x0370, 0x0373),
    (0x0376, 0x0377),
    (0x037B, 0x037D),
    (0x037F, 0x037F),
    (0x0386, 0x0386),
    (0x0388, 0x038A),
    (0x038C, 0x038C),
    (0x038E, 0x03A1),
    (0x03A3, 0x03F5),
    (0x03F7, 0x0481),
    (0x048A, 0x052F),
    (0x0531, 0x0556),
    (0x0560, 0x0588),
    (0x10A0, 0x10C5),
    (0x10C7, 0x10C7),
    (0x10CD, 0x10CD),
    (0x10D0, 0x10FA),
    (0x10FD, 0x10FF),
    (0x13A0, 0x13F5),
    (0x13F8, 0x13FD),
    (0x1C80, 0x1C8A),
    (0x1C90, 0x1CBA),
    (0x1CBD, 0x1CBF),
    (0x1D00, 0x1D2B),
    (0x1D6B, 0x1D77),
    (0x1D79, 0x1D9A),
    (0x1E00, 0x1F15),
    (0x1F18, 0x1F1D),
    (0x1F20, 0x1F45),
    (0x1F48, 0x1F4D),
    (0x1F50, 0x1F57),
    (0x1F59, 0x1F59),
    (0x1F5B, 0x1F5B),
    (0x1F5D, 0x1F5D),
    (0x1F5F, 0x1F7D),
    (0x1F80, 0x1FB4),
    (0x1FB6, 0x1FBC),
    (0x1FBE, 0x1FBE),
    (0x1FC2, 0x1FC4),
    (0x1FC6, 0x1FCC),
    (0x1FD0, 0x1FD3),
    (0x1FD6, 0x1FDB),
    (0x1FE0, 0x1FEC),
    (0x1FF2, 0x1FF4),
    (0x1FF6, 0x1FFC),
    (0x2102, 0x2102),
    (0x2107, 0x2107),
    (0x210A, 0x2113),
    (0x2115, 0x2115),
    (0x2119, 0x211D),
    (0x2124, 0x2124),
    (0x2126, 0x2126),
    (0x2128, 0x2128),
    (0x212A, 0x212D),
    (0x212F, 0x2134),
    (0x2139, 0x2139),
    (0x213C, 0x213F),
    (0x2145, 0x2149),
    (0x214E, 0x214E),
    (0x2183, 0x2184),
    (0x2C00, 0x2C7B),
    (0x2C7E, 0x2CE4),
    (0x2CEB, 0x2CEE),
    (0x2CF2, 0x2CF3),
    (0x2D00, 0x2D25),
    (0x2D27, 0x2D27),
    (0x2D2D, 0x2D2D),
    (0xA640, 0xA66D),
    (0xA680, 0xA69B),
    (0xA722, 0xA76F),
    (0xA771, 0xA787),
    (0xA78B, 0xA78E),
    (0xA790, 0xA7DC),
    (0xA7F5, 0xA7F6),
    (0xA7FA, 0xA7FA),
    (0xAB30, 0xAB5A),
    (0xAB60, 0xAB68),
    (0xAB70, 0xABBF),
    (0xFB00, 0xFB06),
    (0xFB13, 0xFB17),
    (0xFF21, 0xFF3A),
    (0xFF41, 0xFF5A),
    (0x10400, 0x1044F),
    (0x104B0, 0x104D3),
    (0x104D8, 0x104FB),
    (0x10570, 0x1057A),
    (0x1057C, 0x1058A),
    (0x1058C, 0x10592),
    (0x10594, 0x10595),
    (0x10597, 0x105A1),
    (0x105A3, 0x105B1),
    (0x105B3, 0x105B9),
    (0x105BB, 0x105BC),
    (0x10C80, 0x10CB2),
    (0x10CC0, 0x10CF2),
    (0x10D50, 0x10D65),
    (0x10D70, 0x10D85),
    (0x118A0, 0x118DF),
    (0x16E40, 0x16E7F),
    (0x16EA0, 0x16EB8),
    (0x16EBB, 0x16ED3),
    (0x1D400, 0x1D454),
    (0x1D456, 0x1D49C),
    (0x1D49E, 0x1D49F),
    (0x1D4A2, 0x1D4A2),
    (0x1D4A5, 0x1D4A6),
    (0x1D4A9, 0x1D4AC),
    (0x1D4AE, 0x1D4B9),
    (0x1D4BB, 0x1D4BB),
    (0x1D4BD, 0x1D4C3),
    (0x1D4C5, 0x1D505),
    (0x1D507, 0x1D50A),
    (0x1D50D, 0x1D514),
    (0x1D516, 0x1D51C),
    (0x1D51E, 0x1D539),
    (0x1D53B, 0x1D53E),
    (0x1D540, 0x1D544),
    (0x1D546, 0x1D546),
    (0x1D54A, 0x1D550),
    (0x1D552, 0x1D6A5),
    (0x1D6A8, 0x1D6C0),
    (0x1D6C2, 0x1D6DA),
    (0x1D6DC, 0x1D6FA),
    (0x1D6FC, 0x1D714),
    (0x1D716, 0x1D734),
    (0x1D736, 0x1D74E),
    (0x1D750, 0x1D76E),
    (0x1D770, 0x1D788),
    (0x1D78A, 0x1D7A8),
    (0x1D7AA, 0x1D7C2),
    (0x1D7C4, 0x1D7CB),
    (0x1DF00, 0x1DF09),
    (0x1DF0B, 0x1DF1E),
    (0x1DF25, 0x1DF2A),
    (0x1E900, 0x1E943),
];

/// `\p{General_Category_-_Close_Punctuation}` (from the test262 fixtures).
pub const GENERAL_CATEGORY___CLOSE_PUNCTUATION: &[(u32, u32)] = &[
    (0x0029, 0x0029),
    (0x005D, 0x005D),
    (0x007D, 0x007D),
    (0x0F3B, 0x0F3B),
    (0x0F3D, 0x0F3D),
    (0x169C, 0x169C),
    (0x2046, 0x2046),
    (0x207E, 0x207E),
    (0x208E, 0x208E),
    (0x2309, 0x2309),
    (0x230B, 0x230B),
    (0x232A, 0x232A),
    (0x2769, 0x2769),
    (0x276B, 0x276B),
    (0x276D, 0x276D),
    (0x276F, 0x276F),
    (0x2771, 0x2771),
    (0x2773, 0x2773),
    (0x2775, 0x2775),
    (0x27C6, 0x27C6),
    (0x27E7, 0x27E7),
    (0x27E9, 0x27E9),
    (0x27EB, 0x27EB),
    (0x27ED, 0x27ED),
    (0x27EF, 0x27EF),
    (0x2984, 0x2984),
    (0x2986, 0x2986),
    (0x2988, 0x2988),
    (0x298A, 0x298A),
    (0x298C, 0x298C),
    (0x298E, 0x298E),
    (0x2990, 0x2990),
    (0x2992, 0x2992),
    (0x2994, 0x2994),
    (0x2996, 0x2996),
    (0x2998, 0x2998),
    (0x29D9, 0x29D9),
    (0x29DB, 0x29DB),
    (0x29FD, 0x29FD),
    (0x2E23, 0x2E23),
    (0x2E25, 0x2E25),
    (0x2E27, 0x2E27),
    (0x2E29, 0x2E29),
    (0x2E56, 0x2E56),
    (0x2E58, 0x2E58),
    (0x2E5A, 0x2E5A),
    (0x2E5C, 0x2E5C),
    (0x3009, 0x3009),
    (0x300B, 0x300B),
    (0x300D, 0x300D),
    (0x300F, 0x300F),
    (0x3011, 0x3011),
    (0x3015, 0x3015),
    (0x3017, 0x3017),
    (0x3019, 0x3019),
    (0x301B, 0x301B),
    (0x301E, 0x301F),
    (0xFD3E, 0xFD3E),
    (0xFE18, 0xFE18),
    (0xFE36, 0xFE36),
    (0xFE38, 0xFE38),
    (0xFE3A, 0xFE3A),
    (0xFE3C, 0xFE3C),
    (0xFE3E, 0xFE3E),
    (0xFE40, 0xFE40),
    (0xFE42, 0xFE42),
    (0xFE44, 0xFE44),
    (0xFE48, 0xFE48),
    (0xFE5A, 0xFE5A),
    (0xFE5C, 0xFE5C),
    (0xFE5E, 0xFE5E),
    (0xFF09, 0xFF09),
    (0xFF3D, 0xFF3D),
    (0xFF5D, 0xFF5D),
    (0xFF60, 0xFF60),
    (0xFF63, 0xFF63),
];

/// `\p{General_Category_-_Connector_Punctuation}` (from the test262 fixtures).
pub const GENERAL_CATEGORY___CONNECTOR_PUNCTUATION: &[(u32, u32)] = &[
    (0x005F, 0x005F),
    (0x203F, 0x2040),
    (0x2054, 0x2054),
    (0xFE33, 0xFE34),
    (0xFE4D, 0xFE4F),
    (0xFF3F, 0xFF3F),
];

/// `\p{General_Category_-_Control}` (from the test262 fixtures).
pub const GENERAL_CATEGORY___CONTROL: &[(u32, u32)] = &[
    (0x0000, 0x001F),
    (0x007F, 0x009F),
];

/// `\p{General_Category_-_Currency_Symbol}` (from the test262 fixtures).
pub const GENERAL_CATEGORY___CURRENCY_SYMBOL: &[(u32, u32)] = &[
    (0x0024, 0x0024),
    (0x00A2, 0x00A5),
    (0x058F, 0x058F),
    (0x060B, 0x060B),
    (0x07FE, 0x07FF),
    (0x09F2, 0x09F3),
    (0x09FB, 0x09FB),
    (0x0AF1, 0x0AF1),
    (0x0BF9, 0x0BF9),
    (0x0E3F, 0x0E3F),
    (0x17DB, 0x17DB),
    (0x20A0, 0x20C1),
    (0xA838, 0xA838),
    (0xFDFC, 0xFDFC),
    (0xFE69, 0xFE69),
    (0xFF04, 0xFF04),
    (0xFFE0, 0xFFE1),
    (0xFFE5, 0xFFE6),
    (0x11FDD, 0x11FE0),
    (0x1E2FF, 0x1E2FF),
    (0x1ECB0, 0x1ECB0),
];

/// `\p{General_Category_-_Dash_Punctuation}` (from the test262 fixtures).
pub const GENERAL_CATEGORY___DASH_PUNCTUATION: &[(u32, u32)] = &[
    (0x002D, 0x002D),
    (0x058A, 0x058A),
    (0x05BE, 0x05BE),
    (0x1400, 0x1400),
    (0x1806, 0x1806),
    (0x2010, 0x2015),
    (0x2E17, 0x2E17),
    (0x2E1A, 0x2E1A),
    (0x2E3A, 0x2E3B),
    (0x2E40, 0x2E40),
    (0x2E5D, 0x2E5D),
    (0x301C, 0x301C),
    (0x3030, 0x3030),
    (0x30A0, 0x30A0),
    (0xFE31, 0xFE32),
    (0xFE58, 0xFE58),
    (0xFE63, 0xFE63),
    (0xFF0D, 0xFF0D),
    (0x10D6E, 0x10D6E),
    (0x10EAD, 0x10EAD),
];

/// `\p{General_Category_-_Decimal_Number}` (from the test262 fixtures).
pub const GENERAL_CATEGORY___DECIMAL_NUMBER: &[(u32, u32)] = &[
    (0x0030, 0x0039),
    (0x0660, 0x0669),
    (0x06F0, 0x06F9),
    (0x07C0, 0x07C9),
    (0x0966, 0x096F),
    (0x09E6, 0x09EF),
    (0x0A66, 0x0A6F),
    (0x0AE6, 0x0AEF),
    (0x0B66, 0x0B6F),
    (0x0BE6, 0x0BEF),
    (0x0C66, 0x0C6F),
    (0x0CE6, 0x0CEF),
    (0x0D66, 0x0D6F),
    (0x0DE6, 0x0DEF),
    (0x0E50, 0x0E59),
    (0x0ED0, 0x0ED9),
    (0x0F20, 0x0F29),
    (0x1040, 0x1049),
    (0x1090, 0x1099),
    (0x17E0, 0x17E9),
    (0x1810, 0x1819),
    (0x1946, 0x194F),
    (0x19D0, 0x19D9),
    (0x1A80, 0x1A89),
    (0x1A90, 0x1A99),
    (0x1B50, 0x1B59),
    (0x1BB0, 0x1BB9),
    (0x1C40, 0x1C49),
    (0x1C50, 0x1C59),
    (0xA620, 0xA629),
    (0xA8D0, 0xA8D9),
    (0xA900, 0xA909),
    (0xA9D0, 0xA9D9),
    (0xA9F0, 0xA9F9),
    (0xAA50, 0xAA59),
    (0xABF0, 0xABF9),
    (0xFF10, 0xFF19),
    (0x104A0, 0x104A9),
    (0x10D30, 0x10D39),
    (0x10D40, 0x10D49),
    (0x11066, 0x1106F),
    (0x110F0, 0x110F9),
    (0x11136, 0x1113F),
    (0x111D0, 0x111D9),
    (0x112F0, 0x112F9),
    (0x11450, 0x11459),
    (0x114D0, 0x114D9),
    (0x11650, 0x11659),
    (0x116C0, 0x116C9),
    (0x116D0, 0x116E3),
    (0x11730, 0x11739),
    (0x118E0, 0x118E9),
    (0x11950, 0x11959),
    (0x11BF0, 0x11BF9),
    (0x11C50, 0x11C59),
    (0x11D50, 0x11D59),
    (0x11DA0, 0x11DA9),
    (0x11DE0, 0x11DE9),
    (0x11F50, 0x11F59),
    (0x16130, 0x16139),
    (0x16A60, 0x16A69),
    (0x16AC0, 0x16AC9),
    (0x16B50, 0x16B59),
    (0x16D70, 0x16D79),
    (0x1CCF0, 0x1CCF9),
    (0x1D7CE, 0x1D7FF),
    (0x1E140, 0x1E149),
    (0x1E2F0, 0x1E2F9),
    (0x1E4F0, 0x1E4F9),
    (0x1E5F1, 0x1E5FA),
    (0x1E950, 0x1E959),
    (0x1FBF0, 0x1FBF9),
];

/// `\p{General_Category_-_Enclosing_Mark}` (from the test262 fixtures).
pub const GENERAL_CATEGORY___ENCLOSING_MARK: &[(u32, u32)] = &[
    (0x0488, 0x0489),
    (0x1ABE, 0x1ABE),
    (0x20DD, 0x20E0),
    (0x20E2, 0x20E4),
    (0xA670, 0xA672),
];

/// `\p{General_Category_-_Final_Punctuation}` (from the test262 fixtures).
pub const GENERAL_CATEGORY___FINAL_PUNCTUATION: &[(u32, u32)] = &[
    (0x00BB, 0x00BB),
    (0x2019, 0x2019),
    (0x201D, 0x201D),
    (0x203A, 0x203A),
    (0x2E03, 0x2E03),
    (0x2E05, 0x2E05),
    (0x2E0A, 0x2E0A),
    (0x2E0D, 0x2E0D),
    (0x2E1D, 0x2E1D),
    (0x2E21, 0x2E21),
];

/// `\p{General_Category_-_Format}` (from the test262 fixtures).
pub const GENERAL_CATEGORY___FORMAT: &[(u32, u32)] = &[
    (0x00AD, 0x00AD),
    (0x0600, 0x0605),
    (0x061C, 0x061C),
    (0x06DD, 0x06DD),
    (0x070F, 0x070F),
    (0x0890, 0x0891),
    (0x08E2, 0x08E2),
    (0x180E, 0x180E),
    (0x200B, 0x200F),
    (0x202A, 0x202E),
    (0x2060, 0x2064),
    (0x2066, 0x206F),
    (0xFEFF, 0xFEFF),
    (0xFFF9, 0xFFFB),
    (0x110BD, 0x110BD),
    (0x110CD, 0x110CD),
    (0x13430, 0x1343F),
    (0x1BCA0, 0x1BCA3),
    (0x1D173, 0x1D17A),
    (0xE0001, 0xE0001),
    (0xE0020, 0xE007F),
];

/// `\p{General_Category_-_Initial_Punctuation}` (from the test262 fixtures).
pub const GENERAL_CATEGORY___INITIAL_PUNCTUATION: &[(u32, u32)] = &[
    (0x00AB, 0x00AB),
    (0x2018, 0x2018),
    (0x201B, 0x201C),
    (0x201F, 0x201F),
    (0x2039, 0x2039),
    (0x2E02, 0x2E02),
    (0x2E04, 0x2E04),
    (0x2E09, 0x2E09),
    (0x2E0C, 0x2E0C),
    (0x2E1C, 0x2E1C),
    (0x2E20, 0x2E20),
];

/// `\p{General_Category_-_Letter}` (from the test262 fixtures).
pub const GENERAL_CATEGORY___LETTER: &[(u32, u32)] = &[
    (0x0041, 0x005A),
    (0x0061, 0x007A),
    (0x00AA, 0x00AA),
    (0x00B5, 0x00B5),
    (0x00BA, 0x00BA),
    (0x00C0, 0x00D6),
    (0x00D8, 0x00F6),
    (0x00F8, 0x02C1),
    (0x02C6, 0x02D1),
    (0x02E0, 0x02E4),
    (0x02EC, 0x02EC),
    (0x02EE, 0x02EE),
    (0x0370, 0x0374),
    (0x0376, 0x0377),
    (0x037A, 0x037D),
    (0x037F, 0x037F),
    (0x0386, 0x0386),
    (0x0388, 0x038A),
    (0x038C, 0x038C),
    (0x038E, 0x03A1),
    (0x03A3, 0x03F5),
    (0x03F7, 0x0481),
    (0x048A, 0x052F),
    (0x0531, 0x0556),
    (0x0559, 0x0559),
    (0x0560, 0x0588),
    (0x05D0, 0x05EA),
    (0x05EF, 0x05F2),
    (0x0620, 0x064A),
    (0x066E, 0x066F),
    (0x0671, 0x06D3),
    (0x06D5, 0x06D5),
    (0x06E5, 0x06E6),
    (0x06EE, 0x06EF),
    (0x06FA, 0x06FC),
    (0x06FF, 0x06FF),
    (0x0710, 0x0710),
    (0x0712, 0x072F),
    (0x074D, 0x07A5),
    (0x07B1, 0x07B1),
    (0x07CA, 0x07EA),
    (0x07F4, 0x07F5),
    (0x07FA, 0x07FA),
    (0x0800, 0x0815),
    (0x081A, 0x081A),
    (0x0824, 0x0824),
    (0x0828, 0x0828),
    (0x0840, 0x0858),
    (0x0860, 0x086A),
    (0x0870, 0x0887),
    (0x0889, 0x088F),
    (0x08A0, 0x08C9),
    (0x0904, 0x0939),
    (0x093D, 0x093D),
    (0x0950, 0x0950),
    (0x0958, 0x0961),
    (0x0971, 0x0980),
    (0x0985, 0x098C),
    (0x098F, 0x0990),
    (0x0993, 0x09A8),
    (0x09AA, 0x09B0),
    (0x09B2, 0x09B2),
    (0x09B6, 0x09B9),
    (0x09BD, 0x09BD),
    (0x09CE, 0x09CE),
    (0x09DC, 0x09DD),
    (0x09DF, 0x09E1),
    (0x09F0, 0x09F1),
    (0x09FC, 0x09FC),
    (0x0A05, 0x0A0A),
    (0x0A0F, 0x0A10),
    (0x0A13, 0x0A28),
    (0x0A2A, 0x0A30),
    (0x0A32, 0x0A33),
    (0x0A35, 0x0A36),
    (0x0A38, 0x0A39),
    (0x0A59, 0x0A5C),
    (0x0A5E, 0x0A5E),
    (0x0A72, 0x0A74),
    (0x0A85, 0x0A8D),
    (0x0A8F, 0x0A91),
    (0x0A93, 0x0AA8),
    (0x0AAA, 0x0AB0),
    (0x0AB2, 0x0AB3),
    (0x0AB5, 0x0AB9),
    (0x0ABD, 0x0ABD),
    (0x0AD0, 0x0AD0),
    (0x0AE0, 0x0AE1),
    (0x0AF9, 0x0AF9),
    (0x0B05, 0x0B0C),
    (0x0B0F, 0x0B10),
    (0x0B13, 0x0B28),
    (0x0B2A, 0x0B30),
    (0x0B32, 0x0B33),
    (0x0B35, 0x0B39),
    (0x0B3D, 0x0B3D),
    (0x0B5C, 0x0B5D),
    (0x0B5F, 0x0B61),
    (0x0B71, 0x0B71),
    (0x0B83, 0x0B83),
    (0x0B85, 0x0B8A),
    (0x0B8E, 0x0B90),
    (0x0B92, 0x0B95),
    (0x0B99, 0x0B9A),
    (0x0B9C, 0x0B9C),
    (0x0B9E, 0x0B9F),
    (0x0BA3, 0x0BA4),
    (0x0BA8, 0x0BAA),
    (0x0BAE, 0x0BB9),
    (0x0BD0, 0x0BD0),
    (0x0C05, 0x0C0C),
    (0x0C0E, 0x0C10),
    (0x0C12, 0x0C28),
    (0x0C2A, 0x0C39),
    (0x0C3D, 0x0C3D),
    (0x0C58, 0x0C5A),
    (0x0C5C, 0x0C5D),
    (0x0C60, 0x0C61),
    (0x0C80, 0x0C80),
    (0x0C85, 0x0C8C),
    (0x0C8E, 0x0C90),
    (0x0C92, 0x0CA8),
    (0x0CAA, 0x0CB3),
    (0x0CB5, 0x0CB9),
    (0x0CBD, 0x0CBD),
    (0x0CDC, 0x0CDE),
    (0x0CE0, 0x0CE1),
    (0x0CF1, 0x0CF2),
    (0x0D04, 0x0D0C),
    (0x0D0E, 0x0D10),
    (0x0D12, 0x0D3A),
    (0x0D3D, 0x0D3D),
    (0x0D4E, 0x0D4E),
    (0x0D54, 0x0D56),
    (0x0D5F, 0x0D61),
    (0x0D7A, 0x0D7F),
    (0x0D85, 0x0D96),
    (0x0D9A, 0x0DB1),
    (0x0DB3, 0x0DBB),
    (0x0DBD, 0x0DBD),
    (0x0DC0, 0x0DC6),
    (0x0E01, 0x0E30),
    (0x0E32, 0x0E33),
    (0x0E40, 0x0E46),
    (0x0E81, 0x0E82),
    (0x0E84, 0x0E84),
    (0x0E86, 0x0E8A),
    (0x0E8C, 0x0EA3),
    (0x0EA5, 0x0EA5),
    (0x0EA7, 0x0EB0),
    (0x0EB2, 0x0EB3),
    (0x0EBD, 0x0EBD),
    (0x0EC0, 0x0EC4),
    (0x0EC6, 0x0EC6),
    (0x0EDC, 0x0EDF),
    (0x0F00, 0x0F00),
    (0x0F40, 0x0F47),
    (0x0F49, 0x0F6C),
    (0x0F88, 0x0F8C),
    (0x1000, 0x102A),
    (0x103F, 0x103F),
    (0x1050, 0x1055),
    (0x105A, 0x105D),
    (0x1061, 0x1061),
    (0x1065, 0x1066),
    (0x106E, 0x1070),
    (0x1075, 0x1081),
    (0x108E, 0x108E),
    (0x10A0, 0x10C5),
    (0x10C7, 0x10C7),
    (0x10CD, 0x10CD),
    (0x10D0, 0x10FA),
    (0x10FC, 0x1248),
    (0x124A, 0x124D),
    (0x1250, 0x1256),
    (0x1258, 0x1258),
    (0x125A, 0x125D),
    (0x1260, 0x1288),
    (0x128A, 0x128D),
    (0x1290, 0x12B0),
    (0x12B2, 0x12B5),
    (0x12B8, 0x12BE),
    (0x12C0, 0x12C0),
    (0x12C2, 0x12C5),
    (0x12C8, 0x12D6),
    (0x12D8, 0x1310),
    (0x1312, 0x1315),
    (0x1318, 0x135A),
    (0x1380, 0x138F),
    (0x13A0, 0x13F5),
    (0x13F8, 0x13FD),
    (0x1401, 0x166C),
    (0x166F, 0x167F),
    (0x1681, 0x169A),
    (0x16A0, 0x16EA),
    (0x16F1, 0x16F8),
    (0x1700, 0x1711),
    (0x171F, 0x1731),
    (0x1740, 0x1751),
    (0x1760, 0x176C),
    (0x176E, 0x1770),
    (0x1780, 0x17B3),
    (0x17D7, 0x17D7),
    (0x17DC, 0x17DC),
    (0x1820, 0x1878),
    (0x1880, 0x1884),
    (0x1887, 0x18A8),
    (0x18AA, 0x18AA),
    (0x18B0, 0x18F5),
    (0x1900, 0x191E),
    (0x1950, 0x196D),
    (0x1970, 0x1974),
    (0x1980, 0x19AB),
    (0x19B0, 0x19C9),
    (0x1A00, 0x1A16),
    (0x1A20, 0x1A54),
    (0x1AA7, 0x1AA7),
    (0x1B05, 0x1B33),
    (0x1B45, 0x1B4C),
    (0x1B83, 0x1BA0),
    (0x1BAE, 0x1BAF),
    (0x1BBA, 0x1BE5),
    (0x1C00, 0x1C23),
    (0x1C4D, 0x1C4F),
    (0x1C5A, 0x1C7D),
    (0x1C80, 0x1C8A),
    (0x1C90, 0x1CBA),
    (0x1CBD, 0x1CBF),
    (0x1CE9, 0x1CEC),
    (0x1CEE, 0x1CF3),
    (0x1CF5, 0x1CF6),
    (0x1CFA, 0x1CFA),
    (0x1D00, 0x1DBF),
    (0x1E00, 0x1F15),
    (0x1F18, 0x1F1D),
    (0x1F20, 0x1F45),
    (0x1F48, 0x1F4D),
    (0x1F50, 0x1F57),
    (0x1F59, 0x1F59),
    (0x1F5B, 0x1F5B),
    (0x1F5D, 0x1F5D),
    (0x1F5F, 0x1F7D),
    (0x1F80, 0x1FB4),
    (0x1FB6, 0x1FBC),
    (0x1FBE, 0x1FBE),
    (0x1FC2, 0x1FC4),
    (0x1FC6, 0x1FCC),
    (0x1FD0, 0x1FD3),
    (0x1FD6, 0x1FDB),
    (0x1FE0, 0x1FEC),
    (0x1FF2, 0x1FF4),
    (0x1FF6, 0x1FFC),
    (0x2071, 0x2071),
    (0x207F, 0x207F),
    (0x2090, 0x209C),
    (0x2102, 0x2102),
    (0x2107, 0x2107),
    (0x210A, 0x2113),
    (0x2115, 0x2115),
    (0x2119, 0x211D),
    (0x2124, 0x2124),
    (0x2126, 0x2126),
    (0x2128, 0x2128),
    (0x212A, 0x212D),
    (0x212F, 0x2139),
    (0x213C, 0x213F),
    (0x2145, 0x2149),
    (0x214E, 0x214E),
    (0x2183, 0x2184),
    (0x2C00, 0x2CE4),
    (0x2CEB, 0x2CEE),
    (0x2CF2, 0x2CF3),
    (0x2D00, 0x2D25),
    (0x2D27, 0x2D27),
    (0x2D2D, 0x2D2D),
    (0x2D30, 0x2D67),
    (0x2D6F, 0x2D6F),
    (0x2D80, 0x2D96),
    (0x2DA0, 0x2DA6),
    (0x2DA8, 0x2DAE),
    (0x2DB0, 0x2DB6),
    (0x2DB8, 0x2DBE),
    (0x2DC0, 0x2DC6),
    (0x2DC8, 0x2DCE),
    (0x2DD0, 0x2DD6),
    (0x2DD8, 0x2DDE),
    (0x2E2F, 0x2E2F),
    (0x3005, 0x3006),
    (0x3031, 0x3035),
    (0x303B, 0x303C),
    (0x3041, 0x3096),
    (0x309D, 0x309F),
    (0x30A1, 0x30FA),
    (0x30FC, 0x30FF),
    (0x3105, 0x312F),
    (0x3131, 0x318E),
    (0x31A0, 0x31BF),
    (0x31F0, 0x31FF),
    (0x3400, 0x4DBF),
    (0x4E00, 0xA48C),
    (0xA4D0, 0xA4FD),
    (0xA500, 0xA60C),
    (0xA610, 0xA61F),
    (0xA62A, 0xA62B),
    (0xA640, 0xA66E),
    (0xA67F, 0xA69D),
    (0xA6A0, 0xA6E5),
    (0xA717, 0xA71F),
    (0xA722, 0xA788),
    (0xA78B, 0xA7DC),
    (0xA7F1, 0xA801),
    (0xA803, 0xA805),
    (0xA807, 0xA80A),
    (0xA80C, 0xA822),
    (0xA840, 0xA873),
    (0xA882, 0xA8B3),
    (0xA8F2, 0xA8F7),
    (0xA8FB, 0xA8FB),
    (0xA8FD, 0xA8FE),
    (0xA90A, 0xA925),
    (0xA930, 0xA946),
    (0xA960, 0xA97C),
    (0xA984, 0xA9B2),
    (0xA9CF, 0xA9CF),
    (0xA9E0, 0xA9E4),
    (0xA9E6, 0xA9EF),
    (0xA9FA, 0xA9FE),
    (0xAA00, 0xAA28),
    (0xAA40, 0xAA42),
    (0xAA44, 0xAA4B),
    (0xAA60, 0xAA76),
    (0xAA7A, 0xAA7A),
    (0xAA7E, 0xAAAF),
    (0xAAB1, 0xAAB1),
    (0xAAB5, 0xAAB6),
    (0xAAB9, 0xAABD),
    (0xAAC0, 0xAAC0),
    (0xAAC2, 0xAAC2),
    (0xAADB, 0xAADD),
    (0xAAE0, 0xAAEA),
    (0xAAF2, 0xAAF4),
    (0xAB01, 0xAB06),
    (0xAB09, 0xAB0E),
    (0xAB11, 0xAB16),
    (0xAB20, 0xAB26),
    (0xAB28, 0xAB2E),
    (0xAB30, 0xAB5A),
    (0xAB5C, 0xAB69),
    (0xAB70, 0xABE2),
    (0xAC00, 0xD7A3),
    (0xD7B0, 0xD7C6),
    (0xD7CB, 0xD7FB),
    (0xF900, 0xFA6D),
    (0xFA70, 0xFAD9),
    (0xFB00, 0xFB06),
    (0xFB13, 0xFB17),
    (0xFB1D, 0xFB1D),
    (0xFB1F, 0xFB28),
    (0xFB2A, 0xFB36),
    (0xFB38, 0xFB3C),
    (0xFB3E, 0xFB3E),
    (0xFB40, 0xFB41),
    (0xFB43, 0xFB44),
    (0xFB46, 0xFBB1),
    (0xFBD3, 0xFD3D),
    (0xFD50, 0xFD8F),
    (0xFD92, 0xFDC7),
    (0xFDF0, 0xFDFB),
    (0xFE70, 0xFE74),
    (0xFE76, 0xFEFC),
    (0xFF21, 0xFF3A),
    (0xFF41, 0xFF5A),
    (0xFF66, 0xFFBE),
    (0xFFC2, 0xFFC7),
    (0xFFCA, 0xFFCF),
    (0xFFD2, 0xFFD7),
    (0xFFDA, 0xFFDC),
    (0x10000, 0x1000B),
    (0x1000D, 0x10026),
    (0x10028, 0x1003A),
    (0x1003C, 0x1003D),
    (0x1003F, 0x1004D),
    (0x10050, 0x1005D),
    (0x10080, 0x100FA),
    (0x10280, 0x1029C),
    (0x102A0, 0x102D0),
    (0x10300, 0x1031F),
    (0x1032D, 0x10340),
    (0x10342, 0x10349),
    (0x10350, 0x10375),
    (0x10380, 0x1039D),
    (0x103A0, 0x103C3),
    (0x103C8, 0x103CF),
    (0x10400, 0x1049D),
    (0x104B0, 0x104D3),
    (0x104D8, 0x104FB),
    (0x10500, 0x10527),
    (0x10530, 0x10563),
    (0x10570, 0x1057A),
    (0x1057C, 0x1058A),
    (0x1058C, 0x10592),
    (0x10594, 0x10595),
    (0x10597, 0x105A1),
    (0x105A3, 0x105B1),
    (0x105B3, 0x105B9),
    (0x105BB, 0x105BC),
    (0x105C0, 0x105F3),
    (0x10600, 0x10736),
    (0x10740, 0x10755),
    (0x10760, 0x10767),
    (0x10780, 0x10785),
    (0x10787, 0x107B0),
    (0x107B2, 0x107BA),
    (0x10800, 0x10805),
    (0x10808, 0x10808),
    (0x1080A, 0x10835),
    (0x10837, 0x10838),
    (0x1083C, 0x1083C),
    (0x1083F, 0x10855),
    (0x10860, 0x10876),
    (0x10880, 0x1089E),
    (0x108E0, 0x108F2),
    (0x108F4, 0x108F5),
    (0x10900, 0x10915),
    (0x10920, 0x10939),
    (0x10940, 0x10959),
    (0x10980, 0x109B7),
    (0x109BE, 0x109BF),
    (0x10A00, 0x10A00),
    (0x10A10, 0x10A13),
    (0x10A15, 0x10A17),
    (0x10A19, 0x10A35),
    (0x10A60, 0x10A7C),
    (0x10A80, 0x10A9C),
    (0x10AC0, 0x10AC7),
    (0x10AC9, 0x10AE4),
    (0x10B00, 0x10B35),
    (0x10B40, 0x10B55),
    (0x10B60, 0x10B72),
    (0x10B80, 0x10B91),
    (0x10C00, 0x10C48),
    (0x10C80, 0x10CB2),
    (0x10CC0, 0x10CF2),
    (0x10D00, 0x10D23),
    (0x10D4A, 0x10D65),
    (0x10D6F, 0x10D85),
    (0x10E80, 0x10EA9),
    (0x10EB0, 0x10EB1),
    (0x10EC2, 0x10EC7),
    (0x10F00, 0x10F1C),
    (0x10F27, 0x10F27),
    (0x10F30, 0x10F45),
    (0x10F70, 0x10F81),
    (0x10FB0, 0x10FC4),
    (0x10FE0, 0x10FF6),
    (0x11003, 0x11037),
    (0x11071, 0x11072),
    (0x11075, 0x11075),
    (0x11083, 0x110AF),
    (0x110D0, 0x110E8),
    (0x11103, 0x11126),
    (0x11144, 0x11144),
    (0x11147, 0x11147),
    (0x11150, 0x11172),
    (0x11176, 0x11176),
    (0x11183, 0x111B2),
    (0x111C1, 0x111C4),
    (0x111DA, 0x111DA),
    (0x111DC, 0x111DC),
    (0x11200, 0x11211),
    (0x11213, 0x1122B),
    (0x1123F, 0x11240),
    (0x11280, 0x11286),
    (0x11288, 0x11288),
    (0x1128A, 0x1128D),
    (0x1128F, 0x1129D),
    (0x1129F, 0x112A8),
    (0x112B0, 0x112DE),
    (0x11305, 0x1130C),
    (0x1130F, 0x11310),
    (0x11313, 0x11328),
    (0x1132A, 0x11330),
    (0x11332, 0x11333),
    (0x11335, 0x11339),
    (0x1133D, 0x1133D),
    (0x11350, 0x11350),
    (0x1135D, 0x11361),
    (0x11380, 0x11389),
    (0x1138B, 0x1138B),
    (0x1138E, 0x1138E),
    (0x11390, 0x113B5),
    (0x113B7, 0x113B7),
    (0x113D1, 0x113D1),
    (0x113D3, 0x113D3),
    (0x11400, 0x11434),
    (0x11447, 0x1144A),
    (0x1145F, 0x11461),
    (0x11480, 0x114AF),
    (0x114C4, 0x114C5),
    (0x114C7, 0x114C7),
    (0x11580, 0x115AE),
    (0x115D8, 0x115DB),
    (0x11600, 0x1162F),
    (0x11644, 0x11644),
    (0x11680, 0x116AA),
    (0x116B8, 0x116B8),
    (0x11700, 0x1171A),
    (0x11740, 0x11746),
    (0x11800, 0x1182B),
    (0x118A0, 0x118DF),
    (0x118FF, 0x11906),
    (0x11909, 0x11909),
    (0x1190C, 0x11913),
    (0x11915, 0x11916),
    (0x11918, 0x1192F),
    (0x1193F, 0x1193F),
    (0x11941, 0x11941),
    (0x119A0, 0x119A7),
    (0x119AA, 0x119D0),
    (0x119E1, 0x119E1),
    (0x119E3, 0x119E3),
    (0x11A00, 0x11A00),
    (0x11A0B, 0x11A32),
    (0x11A3A, 0x11A3A),
    (0x11A50, 0x11A50),
    (0x11A5C, 0x11A89),
    (0x11A9D, 0x11A9D),
    (0x11AB0, 0x11AF8),
    (0x11BC0, 0x11BE0),
    (0x11C00, 0x11C08),
    (0x11C0A, 0x11C2E),
    (0x11C40, 0x11C40),
    (0x11C72, 0x11C8F),
    (0x11D00, 0x11D06),
    (0x11D08, 0x11D09),
    (0x11D0B, 0x11D30),
    (0x11D46, 0x11D46),
    (0x11D60, 0x11D65),
    (0x11D67, 0x11D68),
    (0x11D6A, 0x11D89),
    (0x11D98, 0x11D98),
    (0x11DB0, 0x11DDB),
    (0x11EE0, 0x11EF2),
    (0x11F02, 0x11F02),
    (0x11F04, 0x11F10),
    (0x11F12, 0x11F33),
    (0x11FB0, 0x11FB0),
    (0x12000, 0x12399),
    (0x12480, 0x12543),
    (0x12F90, 0x12FF0),
    (0x13000, 0x1342F),
    (0x13441, 0x13446),
    (0x13460, 0x143FA),
    (0x14400, 0x14646),
    (0x16100, 0x1611D),
    (0x16800, 0x16A38),
    (0x16A40, 0x16A5E),
    (0x16A70, 0x16ABE),
    (0x16AD0, 0x16AED),
    (0x16B00, 0x16B2F),
    (0x16B40, 0x16B43),
    (0x16B63, 0x16B77),
    (0x16B7D, 0x16B8F),
    (0x16D40, 0x16D6C),
    (0x16E40, 0x16E7F),
    (0x16EA0, 0x16EB8),
    (0x16EBB, 0x16ED3),
    (0x16F00, 0x16F4A),
    (0x16F50, 0x16F50),
    (0x16F93, 0x16F9F),
    (0x16FE0, 0x16FE1),
    (0x16FE3, 0x16FE3),
    (0x16FF2, 0x16FF3),
    (0x17000, 0x18CD5),
    (0x18CFF, 0x18D1E),
    (0x18D80, 0x18DF2),
    (0x1AFF0, 0x1AFF3),
    (0x1AFF5, 0x1AFFB),
    (0x1AFFD, 0x1AFFE),
    (0x1B000, 0x1B122),
    (0x1B132, 0x1B132),
    (0x1B150, 0x1B152),
    (0x1B155, 0x1B155),
    (0x1B164, 0x1B167),
    (0x1B170, 0x1B2FB),
    (0x1BC00, 0x1BC6A),
    (0x1BC70, 0x1BC7C),
    (0x1BC80, 0x1BC88),
    (0x1BC90, 0x1BC99),
    (0x1D400, 0x1D454),
    (0x1D456, 0x1D49C),
    (0x1D49E, 0x1D49F),
    (0x1D4A2, 0x1D4A2),
    (0x1D4A5, 0x1D4A6),
    (0x1D4A9, 0x1D4AC),
    (0x1D4AE, 0x1D4B9),
    (0x1D4BB, 0x1D4BB),
    (0x1D4BD, 0x1D4C3),
    (0x1D4C5, 0x1D505),
    (0x1D507, 0x1D50A),
    (0x1D50D, 0x1D514),
    (0x1D516, 0x1D51C),
    (0x1D51E, 0x1D539),
    (0x1D53B, 0x1D53E),
    (0x1D540, 0x1D544),
    (0x1D546, 0x1D546),
    (0x1D54A, 0x1D550),
    (0x1D552, 0x1D6A5),
    (0x1D6A8, 0x1D6C0),
    (0x1D6C2, 0x1D6DA),
    (0x1D6DC, 0x1D6FA),
    (0x1D6FC, 0x1D714),
    (0x1D716, 0x1D734),
    (0x1D736, 0x1D74E),
    (0x1D750, 0x1D76E),
    (0x1D770, 0x1D788),
    (0x1D78A, 0x1D7A8),
    (0x1D7AA, 0x1D7C2),
    (0x1D7C4, 0x1D7CB),
    (0x1DF00, 0x1DF1E),
    (0x1DF25, 0x1DF2A),
    (0x1E030, 0x1E06D),
    (0x1E100, 0x1E12C),
    (0x1E137, 0x1E13D),
    (0x1E14E, 0x1E14E),
    (0x1E290, 0x1E2AD),
    (0x1E2C0, 0x1E2EB),
    (0x1E4D0, 0x1E4EB),
    (0x1E5D0, 0x1E5ED),
    (0x1E5F0, 0x1E5F0),
    (0x1E6C0, 0x1E6DE),
    (0x1E6E0, 0x1E6E2),
    (0x1E6E4, 0x1E6E5),
    (0x1E6E7, 0x1E6ED),
    (0x1E6F0, 0x1E6F4),
    (0x1E6FE, 0x1E6FF),
    (0x1E7E0, 0x1E7E6),
    (0x1E7E8, 0x1E7EB),
    (0x1E7ED, 0x1E7EE),
    (0x1E7F0, 0x1E7FE),
    (0x1E800, 0x1E8C4),
    (0x1E900, 0x1E943),
    (0x1E94B, 0x1E94B),
    (0x1EE00, 0x1EE03),
    (0x1EE05, 0x1EE1F),
    (0x1EE21, 0x1EE22),
    (0x1EE24, 0x1EE24),
    (0x1EE27, 0x1EE27),
    (0x1EE29, 0x1EE32),
    (0x1EE34, 0x1EE37),
    (0x1EE39, 0x1EE39),
    (0x1EE3B, 0x1EE3B),
    (0x1EE42, 0x1EE42),
    (0x1EE47, 0x1EE47),
    (0x1EE49, 0x1EE49),
    (0x1EE4B, 0x1EE4B),
    (0x1EE4D, 0x1EE4F),
    (0x1EE51, 0x1EE52),
    (0x1EE54, 0x1EE54),
    (0x1EE57, 0x1EE57),
    (0x1EE59, 0x1EE59),
    (0x1EE5B, 0x1EE5B),
    (0x1EE5D, 0x1EE5D),
    (0x1EE5F, 0x1EE5F),
    (0x1EE61, 0x1EE62),
    (0x1EE64, 0x1EE64),
    (0x1EE67, 0x1EE6A),
    (0x1EE6C, 0x1EE72),
    (0x1EE74, 0x1EE77),
    (0x1EE79, 0x1EE7C),
    (0x1EE7E, 0x1EE7E),
    (0x1EE80, 0x1EE89),
    (0x1EE8B, 0x1EE9B),
    (0x1EEA1, 0x1EEA3),
    (0x1EEA5, 0x1EEA9),
    (0x1EEAB, 0x1EEBB),
    (0x20000, 0x2A6DF),
    (0x2A700, 0x2B81D),
    (0x2B820, 0x2CEAD),
    (0x2CEB0, 0x2EBE0),
    (0x2EBF0, 0x2EE5D),
    (0x2F800, 0x2FA1D),
    (0x30000, 0x3134A),
    (0x31350, 0x33479),
];

/// `\p{General_Category_-_Letter_Number}` (from the test262 fixtures).
pub const GENERAL_CATEGORY___LETTER_NUMBER: &[(u32, u32)] = &[
    (0x16EE, 0x16F0),
    (0x2160, 0x2182),
    (0x2185, 0x2188),
    (0x3007, 0x3007),
    (0x3021, 0x3029),
    (0x3038, 0x303A),
    (0xA6E6, 0xA6EF),
    (0x10140, 0x10174),
    (0x10341, 0x10341),
    (0x1034A, 0x1034A),
    (0x103D1, 0x103D5),
    (0x12400, 0x1246E),
    (0x16FF4, 0x16FF6),
];

/// `\p{General_Category_-_Line_Separator}` (from the test262 fixtures).
pub const GENERAL_CATEGORY___LINE_SEPARATOR: &[(u32, u32)] = &[
    (0x2028, 0x2028),
];

/// `\p{General_Category_-_Lowercase_Letter}` (from the test262 fixtures).
pub const GENERAL_CATEGORY___LOWERCASE_LETTER: &[(u32, u32)] = &[
    (0x0061, 0x007A),
    (0x00B5, 0x00B5),
    (0x00DF, 0x00F6),
    (0x00F8, 0x00FF),
    (0x0101, 0x0101),
    (0x0103, 0x0103),
    (0x0105, 0x0105),
    (0x0107, 0x0107),
    (0x0109, 0x0109),
    (0x010B, 0x010B),
    (0x010D, 0x010D),
    (0x010F, 0x010F),
    (0x0111, 0x0111),
    (0x0113, 0x0113),
    (0x0115, 0x0115),
    (0x0117, 0x0117),
    (0x0119, 0x0119),
    (0x011B, 0x011B),
    (0x011D, 0x011D),
    (0x011F, 0x011F),
    (0x0121, 0x0121),
    (0x0123, 0x0123),
    (0x0125, 0x0125),
    (0x0127, 0x0127),
    (0x0129, 0x0129),
    (0x012B, 0x012B),
    (0x012D, 0x012D),
    (0x012F, 0x012F),
    (0x0131, 0x0131),
    (0x0133, 0x0133),
    (0x0135, 0x0135),
    (0x0137, 0x0138),
    (0x013A, 0x013A),
    (0x013C, 0x013C),
    (0x013E, 0x013E),
    (0x0140, 0x0140),
    (0x0142, 0x0142),
    (0x0144, 0x0144),
    (0x0146, 0x0146),
    (0x0148, 0x0149),
    (0x014B, 0x014B),
    (0x014D, 0x014D),
    (0x014F, 0x014F),
    (0x0151, 0x0151),
    (0x0153, 0x0153),
    (0x0155, 0x0155),
    (0x0157, 0x0157),
    (0x0159, 0x0159),
    (0x015B, 0x015B),
    (0x015D, 0x015D),
    (0x015F, 0x015F),
    (0x0161, 0x0161),
    (0x0163, 0x0163),
    (0x0165, 0x0165),
    (0x0167, 0x0167),
    (0x0169, 0x0169),
    (0x016B, 0x016B),
    (0x016D, 0x016D),
    (0x016F, 0x016F),
    (0x0171, 0x0171),
    (0x0173, 0x0173),
    (0x0175, 0x0175),
    (0x0177, 0x0177),
    (0x017A, 0x017A),
    (0x017C, 0x017C),
    (0x017E, 0x0180),
    (0x0183, 0x0183),
    (0x0185, 0x0185),
    (0x0188, 0x0188),
    (0x018C, 0x018D),
    (0x0192, 0x0192),
    (0x0195, 0x0195),
    (0x0199, 0x019B),
    (0x019E, 0x019E),
    (0x01A1, 0x01A1),
    (0x01A3, 0x01A3),
    (0x01A5, 0x01A5),
    (0x01A8, 0x01A8),
    (0x01AA, 0x01AB),
    (0x01AD, 0x01AD),
    (0x01B0, 0x01B0),
    (0x01B4, 0x01B4),
    (0x01B6, 0x01B6),
    (0x01B9, 0x01BA),
    (0x01BD, 0x01BF),
    (0x01C6, 0x01C6),
    (0x01C9, 0x01C9),
    (0x01CC, 0x01CC),
    (0x01CE, 0x01CE),
    (0x01D0, 0x01D0),
    (0x01D2, 0x01D2),
    (0x01D4, 0x01D4),
    (0x01D6, 0x01D6),
    (0x01D8, 0x01D8),
    (0x01DA, 0x01DA),
    (0x01DC, 0x01DD),
    (0x01DF, 0x01DF),
    (0x01E1, 0x01E1),
    (0x01E3, 0x01E3),
    (0x01E5, 0x01E5),
    (0x01E7, 0x01E7),
    (0x01E9, 0x01E9),
    (0x01EB, 0x01EB),
    (0x01ED, 0x01ED),
    (0x01EF, 0x01F0),
    (0x01F3, 0x01F3),
    (0x01F5, 0x01F5),
    (0x01F9, 0x01F9),
    (0x01FB, 0x01FB),
    (0x01FD, 0x01FD),
    (0x01FF, 0x01FF),
    (0x0201, 0x0201),
    (0x0203, 0x0203),
    (0x0205, 0x0205),
    (0x0207, 0x0207),
    (0x0209, 0x0209),
    (0x020B, 0x020B),
    (0x020D, 0x020D),
    (0x020F, 0x020F),
    (0x0211, 0x0211),
    (0x0213, 0x0213),
    (0x0215, 0x0215),
    (0x0217, 0x0217),
    (0x0219, 0x0219),
    (0x021B, 0x021B),
    (0x021D, 0x021D),
    (0x021F, 0x021F),
    (0x0221, 0x0221),
    (0x0223, 0x0223),
    (0x0225, 0x0225),
    (0x0227, 0x0227),
    (0x0229, 0x0229),
    (0x022B, 0x022B),
    (0x022D, 0x022D),
    (0x022F, 0x022F),
    (0x0231, 0x0231),
    (0x0233, 0x0239),
    (0x023C, 0x023C),
    (0x023F, 0x0240),
    (0x0242, 0x0242),
    (0x0247, 0x0247),
    (0x0249, 0x0249),
    (0x024B, 0x024B),
    (0x024D, 0x024D),
    (0x024F, 0x0293),
    (0x0296, 0x02AF),
    (0x0371, 0x0371),
    (0x0373, 0x0373),
    (0x0377, 0x0377),
    (0x037B, 0x037D),
    (0x0390, 0x0390),
    (0x03AC, 0x03CE),
    (0x03D0, 0x03D1),
    (0x03D5, 0x03D7),
    (0x03D9, 0x03D9),
    (0x03DB, 0x03DB),
    (0x03DD, 0x03DD),
    (0x03DF, 0x03DF),
    (0x03E1, 0x03E1),
    (0x03E3, 0x03E3),
    (0x03E5, 0x03E5),
    (0x03E7, 0x03E7),
    (0x03E9, 0x03E9),
    (0x03EB, 0x03EB),
    (0x03ED, 0x03ED),
    (0x03EF, 0x03F3),
    (0x03F5, 0x03F5),
    (0x03F8, 0x03F8),
    (0x03FB, 0x03FC),
    (0x0430, 0x045F),
    (0x0461, 0x0461),
    (0x0463, 0x0463),
    (0x0465, 0x0465),
    (0x0467, 0x0467),
    (0x0469, 0x0469),
    (0x046B, 0x046B),
    (0x046D, 0x046D),
    (0x046F, 0x046F),
    (0x0471, 0x0471),
    (0x0473, 0x0473),
    (0x0475, 0x0475),
    (0x0477, 0x0477),
    (0x0479, 0x0479),
    (0x047B, 0x047B),
    (0x047D, 0x047D),
    (0x047F, 0x047F),
    (0x0481, 0x0481),
    (0x048B, 0x048B),
    (0x048D, 0x048D),
    (0x048F, 0x048F),
    (0x0491, 0x0491),
    (0x0493, 0x0493),
    (0x0495, 0x0495),
    (0x0497, 0x0497),
    (0x0499, 0x0499),
    (0x049B, 0x049B),
    (0x049D, 0x049D),
    (0x049F, 0x049F),
    (0x04A1, 0x04A1),
    (0x04A3, 0x04A3),
    (0x04A5, 0x04A5),
    (0x04A7, 0x04A7),
    (0x04A9, 0x04A9),
    (0x04AB, 0x04AB),
    (0x04AD, 0x04AD),
    (0x04AF, 0x04AF),
    (0x04B1, 0x04B1),
    (0x04B3, 0x04B3),
    (0x04B5, 0x04B5),
    (0x04B7, 0x04B7),
    (0x04B9, 0x04B9),
    (0x04BB, 0x04BB),
    (0x04BD, 0x04BD),
    (0x04BF, 0x04BF),
    (0x04C2, 0x04C2),
    (0x04C4, 0x04C4),
    (0x04C6, 0x04C6),
    (0x04C8, 0x04C8),
    (0x04CA, 0x04CA),
    (0x04CC, 0x04CC),
    (0x04CE, 0x04CF),
    (0x04D1, 0x04D1),
    (0x04D3, 0x04D3),
    (0x04D5, 0x04D5),
    (0x04D7, 0x04D7),
    (0x04D9, 0x04D9),
    (0x04DB, 0x04DB),
    (0x04DD, 0x04DD),
    (0x04DF, 0x04DF),
    (0x04E1, 0x04E1),
    (0x04E3, 0x04E3),
    (0x04E5, 0x04E5),
    (0x04E7, 0x04E7),
    (0x04E9, 0x04E9),
    (0x04EB, 0x04EB),
    (0x04ED, 0x04ED),
    (0x04EF, 0x04EF),
    (0x04F1, 0x04F1),
    (0x04F3, 0x04F3),
    (0x04F5, 0x04F5),
    (0x04F7, 0x04F7),
    (0x04F9, 0x04F9),
    (0x04FB, 0x04FB),
    (0x04FD, 0x04FD),
    (0x04FF, 0x04FF),
    (0x0501, 0x0501),
    (0x0503, 0x0503),
    (0x0505, 0x0505),
    (0x0507, 0x0507),
    (0x0509, 0x0509),
    (0x050B, 0x050B),
    (0x050D, 0x050D),
    (0x050F, 0x050F),
    (0x0511, 0x0511),
    (0x0513, 0x0513),
    (0x0515, 0x0515),
    (0x0517, 0x0517),
    (0x0519, 0x0519),
    (0x051B, 0x051B),
    (0x051D, 0x051D),
    (0x051F, 0x051F),
    (0x0521, 0x0521),
    (0x0523, 0x0523),
    (0x0525, 0x0525),
    (0x0527, 0x0527),
    (0x0529, 0x0529),
    (0x052B, 0x052B),
    (0x052D, 0x052D),
    (0x052F, 0x052F),
    (0x0560, 0x0588),
    (0x10D0, 0x10FA),
    (0x10FD, 0x10FF),
    (0x13F8, 0x13FD),
    (0x1C80, 0x1C88),
    (0x1C8A, 0x1C8A),
    (0x1D00, 0x1D2B),
    (0x1D6B, 0x1D77),
    (0x1D79, 0x1D9A),
    (0x1E01, 0x1E01),
    (0x1E03, 0x1E03),
    (0x1E05, 0x1E05),
    (0x1E07, 0x1E07),
    (0x1E09, 0x1E09),
    (0x1E0B, 0x1E0B),
    (0x1E0D, 0x1E0D),
    (0x1E0F, 0x1E0F),
    (0x1E11, 0x1E11),
    (0x1E13, 0x1E13),
    (0x1E15, 0x1E15),
    (0x1E17, 0x1E17),
    (0x1E19, 0x1E19),
    (0x1E1B, 0x1E1B),
    (0x1E1D, 0x1E1D),
    (0x1E1F, 0x1E1F),
    (0x1E21, 0x1E21),
    (0x1E23, 0x1E23),
    (0x1E25, 0x1E25),
    (0x1E27, 0x1E27),
    (0x1E29, 0x1E29),
    (0x1E2B, 0x1E2B),
    (0x1E2D, 0x1E2D),
    (0x1E2F, 0x1E2F),
    (0x1E31, 0x1E31),
    (0x1E33, 0x1E33),
    (0x1E35, 0x1E35),
    (0x1E37, 0x1E37),
    (0x1E39, 0x1E39),
    (0x1E3B, 0x1E3B),
    (0x1E3D, 0x1E3D),
    (0x1E3F, 0x1E3F),
    (0x1E41, 0x1E41),
    (0x1E43, 0x1E43),
    (0x1E45, 0x1E45),
    (0x1E47, 0x1E47),
    (0x1E49, 0x1E49),
    (0x1E4B, 0x1E4B),
    (0x1E4D, 0x1E4D),
    (0x1E4F, 0x1E4F),
    (0x1E51, 0x1E51),
    (0x1E53, 0x1E53),
    (0x1E55, 0x1E55),
    (0x1E57, 0x1E57),
    (0x1E59, 0x1E59),
    (0x1E5B, 0x1E5B),
    (0x1E5D, 0x1E5D),
    (0x1E5F, 0x1E5F),
    (0x1E61, 0x1E61),
    (0x1E63, 0x1E63),
    (0x1E65, 0x1E65),
    (0x1E67, 0x1E67),
    (0x1E69, 0x1E69),
    (0x1E6B, 0x1E6B),
    (0x1E6D, 0x1E6D),
    (0x1E6F, 0x1E6F),
    (0x1E71, 0x1E71),
    (0x1E73, 0x1E73),
    (0x1E75, 0x1E75),
    (0x1E77, 0x1E77),
    (0x1E79, 0x1E79),
    (0x1E7B, 0x1E7B),
    (0x1E7D, 0x1E7D),
    (0x1E7F, 0x1E7F),
    (0x1E81, 0x1E81),
    (0x1E83, 0x1E83),
    (0x1E85, 0x1E85),
    (0x1E87, 0x1E87),
    (0x1E89, 0x1E89),
    (0x1E8B, 0x1E8B),
    (0x1E8D, 0x1E8D),
    (0x1E8F, 0x1E8F),
    (0x1E91, 0x1E91),
    (0x1E93, 0x1E93),
    (0x1E95, 0x1E9D),
    (0x1E9F, 0x1E9F),
    (0x1EA1, 0x1EA1),
    (0x1EA3, 0x1EA3),
    (0x1EA5, 0x1EA5),
    (0x1EA7, 0x1EA7),
    (0x1EA9, 0x1EA9),
    (0x1EAB, 0x1EAB),
    (0x1EAD, 0x1EAD),
    (0x1EAF, 0x1EAF),
    (0x1EB1, 0x1EB1),
    (0x1EB3, 0x1EB3),
    (0x1EB5, 0x1EB5),
    (0x1EB7, 0x1EB7),
    (0x1EB9, 0x1EB9),
    (0x1EBB, 0x1EBB),
    (0x1EBD, 0x1EBD),
    (0x1EBF, 0x1EBF),
    (0x1EC1, 0x1EC1),
    (0x1EC3, 0x1EC3),
    (0x1EC5, 0x1EC5),
    (0x1EC7, 0x1EC7),
    (0x1EC9, 0x1EC9),
    (0x1ECB, 0x1ECB),
    (0x1ECD, 0x1ECD),
    (0x1ECF, 0x1ECF),
    (0x1ED1, 0x1ED1),
    (0x1ED3, 0x1ED3),
    (0x1ED5, 0x1ED5),
    (0x1ED7, 0x1ED7),
    (0x1ED9, 0x1ED9),
    (0x1EDB, 0x1EDB),
    (0x1EDD, 0x1EDD),
    (0x1EDF, 0x1EDF),
    (0x1EE1, 0x1EE1),
    (0x1EE3, 0x1EE3),
    (0x1EE5, 0x1EE5),
    (0x1EE7, 0x1EE7),
    (0x1EE9, 0x1EE9),
    (0x1EEB, 0x1EEB),
    (0x1EED, 0x1EED),
    (0x1EEF, 0x1EEF),
    (0x1EF1, 0x1EF1),
    (0x1EF3, 0x1EF3),
    (0x1EF5, 0x1EF5),
    (0x1EF7, 0x1EF7),
    (0x1EF9, 0x1EF9),
    (0x1EFB, 0x1EFB),
    (0x1EFD, 0x1EFD),
    (0x1EFF, 0x1F07),
    (0x1F10, 0x1F15),
    (0x1F20, 0x1F27),
    (0x1F30, 0x1F37),
    (0x1F40, 0x1F45),
    (0x1F50, 0x1F57),
    (0x1F60, 0x1F67),
    (0x1F70, 0x1F7D),
    (0x1F80, 0x1F87),
    (0x1F90, 0x1F97),
    (0x1FA0, 0x1FA7),
    (0x1FB0, 0x1FB4),
    (0x1FB6, 0x1FB7),
    (0x1FBE, 0x1FBE),
    (0x1FC2, 0x1FC4),
    (0x1FC6, 0x1FC7),
    (0x1FD0, 0x1FD3),
    (0x1FD6, 0x1FD7),
    (0x1FE0, 0x1FE7),
    (0x1FF2, 0x1FF4),
    (0x1FF6, 0x1FF7),
    (0x210A, 0x210A),
    (0x210E, 0x210F),
    (0x2113, 0x2113),
    (0x212F, 0x212F),
    (0x2134, 0x2134),
    (0x2139, 0x2139),
    (0x213C, 0x213D),
    (0x2146, 0x2149),
    (0x214E, 0x214E),
    (0x2184, 0x2184),
    (0x2C30, 0x2C5F),
    (0x2C61, 0x2C61),
    (0x2C65, 0x2C66),
    (0x2C68, 0x2C68),
    (0x2C6A, 0x2C6A),
    (0x2C6C, 0x2C6C),
    (0x2C71, 0x2C71),
    (0x2C73, 0x2C74),
    (0x2C76, 0x2C7B),
    (0x2C81, 0x2C81),
    (0x2C83, 0x2C83),
    (0x2C85, 0x2C85),
    (0x2C87, 0x2C87),
    (0x2C89, 0x2C89),
    (0x2C8B, 0x2C8B),
    (0x2C8D, 0x2C8D),
    (0x2C8F, 0x2C8F),
    (0x2C91, 0x2C91),
    (0x2C93, 0x2C93),
    (0x2C95, 0x2C95),
    (0x2C97, 0x2C97),
    (0x2C99, 0x2C99),
    (0x2C9B, 0x2C9B),
    (0x2C9D, 0x2C9D),
    (0x2C9F, 0x2C9F),
    (0x2CA1, 0x2CA1),
    (0x2CA3, 0x2CA3),
    (0x2CA5, 0x2CA5),
    (0x2CA7, 0x2CA7),
    (0x2CA9, 0x2CA9),
    (0x2CAB, 0x2CAB),
    (0x2CAD, 0x2CAD),
    (0x2CAF, 0x2CAF),
    (0x2CB1, 0x2CB1),
    (0x2CB3, 0x2CB3),
    (0x2CB5, 0x2CB5),
    (0x2CB7, 0x2CB7),
    (0x2CB9, 0x2CB9),
    (0x2CBB, 0x2CBB),
    (0x2CBD, 0x2CBD),
    (0x2CBF, 0x2CBF),
    (0x2CC1, 0x2CC1),
    (0x2CC3, 0x2CC3),
    (0x2CC5, 0x2CC5),
    (0x2CC7, 0x2CC7),
    (0x2CC9, 0x2CC9),
    (0x2CCB, 0x2CCB),
    (0x2CCD, 0x2CCD),
    (0x2CCF, 0x2CCF),
    (0x2CD1, 0x2CD1),
    (0x2CD3, 0x2CD3),
    (0x2CD5, 0x2CD5),
    (0x2CD7, 0x2CD7),
    (0x2CD9, 0x2CD9),
    (0x2CDB, 0x2CDB),
    (0x2CDD, 0x2CDD),
    (0x2CDF, 0x2CDF),
    (0x2CE1, 0x2CE1),
    (0x2CE3, 0x2CE4),
    (0x2CEC, 0x2CEC),
    (0x2CEE, 0x2CEE),
    (0x2CF3, 0x2CF3),
    (0x2D00, 0x2D25),
    (0x2D27, 0x2D27),
    (0x2D2D, 0x2D2D),
    (0xA641, 0xA641),
    (0xA643, 0xA643),
    (0xA645, 0xA645),
    (0xA647, 0xA647),
    (0xA649, 0xA649),
    (0xA64B, 0xA64B),
    (0xA64D, 0xA64D),
    (0xA64F, 0xA64F),
    (0xA651, 0xA651),
    (0xA653, 0xA653),
    (0xA655, 0xA655),
    (0xA657, 0xA657),
    (0xA659, 0xA659),
    (0xA65B, 0xA65B),
    (0xA65D, 0xA65D),
    (0xA65F, 0xA65F),
    (0xA661, 0xA661),
    (0xA663, 0xA663),
    (0xA665, 0xA665),
    (0xA667, 0xA667),
    (0xA669, 0xA669),
    (0xA66B, 0xA66B),
    (0xA66D, 0xA66D),
    (0xA681, 0xA681),
    (0xA683, 0xA683),
    (0xA685, 0xA685),
    (0xA687, 0xA687),
    (0xA689, 0xA689),
    (0xA68B, 0xA68B),
    (0xA68D, 0xA68D),
    (0xA68F, 0xA68F),
    (0xA691, 0xA691),
    (0xA693, 0xA693),
    (0xA695, 0xA695),
    (0xA697, 0xA697),
    (0xA699, 0xA699),
    (0xA69B, 0xA69B),
    (0xA723, 0xA723),
    (0xA725, 0xA725),
    (0xA727, 0xA727),
    (0xA729, 0xA729),
    (0xA72B, 0xA72B),
    (0xA72D, 0xA72D),
    (0xA72F, 0xA731),
    (0xA733, 0xA733),
    (0xA735, 0xA735),
    (0xA737, 0xA737),
    (0xA739, 0xA739),
    (0xA73B, 0xA73B),
    (0xA73D, 0xA73D),
    (0xA73F, 0xA73F),
    (0xA741, 0xA741),
    (0xA743, 0xA743),
    (0xA745, 0xA745),
    (0xA747, 0xA747),
    (0xA749, 0xA749),
    (0xA74B, 0xA74B),
    (0xA74D, 0xA74D),
    (0xA74F, 0xA74F),
    (0xA751, 0xA751),
    (0xA753, 0xA753),
    (0xA755, 0xA755),
    (0xA757, 0xA757),
    (0xA759, 0xA759),
    (0xA75B, 0xA75B),
    (0xA75D, 0xA75D),
    (0xA75F, 0xA75F),
    (0xA761, 0xA761),
    (0xA763, 0xA763),
    (0xA765, 0xA765),
    (0xA767, 0xA767),
    (0xA769, 0xA769),
    (0xA76B, 0xA76B),
    (0xA76D, 0xA76D),
    (0xA76F, 0xA76F),
    (0xA771, 0xA778),
    (0xA77A, 0xA77A),
    (0xA77C, 0xA77C),
    (0xA77F, 0xA77F),
    (0xA781, 0xA781),
    (0xA783, 0xA783),
    (0xA785, 0xA785),
    (0xA787, 0xA787),
    (0xA78C, 0xA78C),
    (0xA78E, 0xA78E),
    (0xA791, 0xA791),
    (0xA793, 0xA795),
    (0xA797, 0xA797),
    (0xA799, 0xA799),
    (0xA79B, 0xA79B),
    (0xA79D, 0xA79D),
    (0xA79F, 0xA79F),
    (0xA7A1, 0xA7A1),
    (0xA7A3, 0xA7A3),
    (0xA7A5, 0xA7A5),
    (0xA7A7, 0xA7A7),
    (0xA7A9, 0xA7A9),
    (0xA7AF, 0xA7AF),
    (0xA7B5, 0xA7B5),
    (0xA7B7, 0xA7B7),
    (0xA7B9, 0xA7B9),
    (0xA7BB, 0xA7BB),
    (0xA7BD, 0xA7BD),
    (0xA7BF, 0xA7BF),
    (0xA7C1, 0xA7C1),
    (0xA7C3, 0xA7C3),
    (0xA7C8, 0xA7C8),
    (0xA7CA, 0xA7CA),
    (0xA7CD, 0xA7CD),
    (0xA7CF, 0xA7CF),
    (0xA7D1, 0xA7D1),
    (0xA7D3, 0xA7D3),
    (0xA7D5, 0xA7D5),
    (0xA7D7, 0xA7D7),
    (0xA7D9, 0xA7D9),
    (0xA7DB, 0xA7DB),
    (0xA7F6, 0xA7F6),
    (0xA7FA, 0xA7FA),
    (0xAB30, 0xAB5A),
    (0xAB60, 0xAB68),
    (0xAB70, 0xABBF),
    (0xFB00, 0xFB06),
    (0xFB13, 0xFB17),
    (0xFF41, 0xFF5A),
    (0x10428, 0x1044F),
    (0x104D8, 0x104FB),
    (0x10597, 0x105A1),
    (0x105A3, 0x105B1),
    (0x105B3, 0x105B9),
    (0x105BB, 0x105BC),
    (0x10CC0, 0x10CF2),
    (0x10D70, 0x10D85),
    (0x118C0, 0x118DF),
    (0x16E60, 0x16E7F),
    (0x16EBB, 0x16ED3),
    (0x1D41A, 0x1D433),
    (0x1D44E, 0x1D454),
    (0x1D456, 0x1D467),
    (0x1D482, 0x1D49B),
    (0x1D4B6, 0x1D4B9),
    (0x1D4BB, 0x1D4BB),
    (0x1D4BD, 0x1D4C3),
    (0x1D4C5, 0x1D4CF),
    (0x1D4EA, 0x1D503),
    (0x1D51E, 0x1D537),
    (0x1D552, 0x1D56B),
    (0x1D586, 0x1D59F),
    (0x1D5BA, 0x1D5D3),
    (0x1D5EE, 0x1D607),
    (0x1D622, 0x1D63B),
    (0x1D656, 0x1D66F),
    (0x1D68A, 0x1D6A5),
    (0x1D6C2, 0x1D6DA),
    (0x1D6DC, 0x1D6E1),
    (0x1D6FC, 0x1D714),
    (0x1D716, 0x1D71B),
    (0x1D736, 0x1D74E),
    (0x1D750, 0x1D755),
    (0x1D770, 0x1D788),
    (0x1D78A, 0x1D78F),
    (0x1D7AA, 0x1D7C2),
    (0x1D7C4, 0x1D7C9),
    (0x1D7CB, 0x1D7CB),
    (0x1DF00, 0x1DF09),
    (0x1DF0B, 0x1DF1E),
    (0x1DF25, 0x1DF2A),
    (0x1E922, 0x1E943),
];

/// `\p{General_Category_-_Mark}` (from the test262 fixtures).
pub const GENERAL_CATEGORY___MARK: &[(u32, u32)] = &[
    (0x0300, 0x036F),
    (0x0483, 0x0489),
    (0x0591, 0x05BD),
    (0x05BF, 0x05BF),
    (0x05C1, 0x05C2),
    (0x05C4, 0x05C5),
    (0x05C7, 0x05C7),
    (0x0610, 0x061A),
    (0x064B, 0x065F),
    (0x0670, 0x0670),
    (0x06D6, 0x06DC),
    (0x06DF, 0x06E4),
    (0x06E7, 0x06E8),
    (0x06EA, 0x06ED),
    (0x0711, 0x0711),
    (0x0730, 0x074A),
    (0x07A6, 0x07B0),
    (0x07EB, 0x07F3),
    (0x07FD, 0x07FD),
    (0x0816, 0x0819),
    (0x081B, 0x0823),
    (0x0825, 0x0827),
    (0x0829, 0x082D),
    (0x0859, 0x085B),
    (0x0897, 0x089F),
    (0x08CA, 0x08E1),
    (0x08E3, 0x0903),
    (0x093A, 0x093C),
    (0x093E, 0x094F),
    (0x0951, 0x0957),
    (0x0962, 0x0963),
    (0x0981, 0x0983),
    (0x09BC, 0x09BC),
    (0x09BE, 0x09C4),
    (0x09C7, 0x09C8),
    (0x09CB, 0x09CD),
    (0x09D7, 0x09D7),
    (0x09E2, 0x09E3),
    (0x09FE, 0x09FE),
    (0x0A01, 0x0A03),
    (0x0A3C, 0x0A3C),
    (0x0A3E, 0x0A42),
    (0x0A47, 0x0A48),
    (0x0A4B, 0x0A4D),
    (0x0A51, 0x0A51),
    (0x0A70, 0x0A71),
    (0x0A75, 0x0A75),
    (0x0A81, 0x0A83),
    (0x0ABC, 0x0ABC),
    (0x0ABE, 0x0AC5),
    (0x0AC7, 0x0AC9),
    (0x0ACB, 0x0ACD),
    (0x0AE2, 0x0AE3),
    (0x0AFA, 0x0AFF),
    (0x0B01, 0x0B03),
    (0x0B3C, 0x0B3C),
    (0x0B3E, 0x0B44),
    (0x0B47, 0x0B48),
    (0x0B4B, 0x0B4D),
    (0x0B55, 0x0B57),
    (0x0B62, 0x0B63),
    (0x0B82, 0x0B82),
    (0x0BBE, 0x0BC2),
    (0x0BC6, 0x0BC8),
    (0x0BCA, 0x0BCD),
    (0x0BD7, 0x0BD7),
    (0x0C00, 0x0C04),
    (0x0C3C, 0x0C3C),
    (0x0C3E, 0x0C44),
    (0x0C46, 0x0C48),
    (0x0C4A, 0x0C4D),
    (0x0C55, 0x0C56),
    (0x0C62, 0x0C63),
    (0x0C81, 0x0C83),
    (0x0CBC, 0x0CBC),
    (0x0CBE, 0x0CC4),
    (0x0CC6, 0x0CC8),
    (0x0CCA, 0x0CCD),
    (0x0CD5, 0x0CD6),
    (0x0CE2, 0x0CE3),
    (0x0CF3, 0x0CF3),
    (0x0D00, 0x0D03),
    (0x0D3B, 0x0D3C),
    (0x0D3E, 0x0D44),
    (0x0D46, 0x0D48),
    (0x0D4A, 0x0D4D),
    (0x0D57, 0x0D57),
    (0x0D62, 0x0D63),
    (0x0D81, 0x0D83),
    (0x0DCA, 0x0DCA),
    (0x0DCF, 0x0DD4),
    (0x0DD6, 0x0DD6),
    (0x0DD8, 0x0DDF),
    (0x0DF2, 0x0DF3),
    (0x0E31, 0x0E31),
    (0x0E34, 0x0E3A),
    (0x0E47, 0x0E4E),
    (0x0EB1, 0x0EB1),
    (0x0EB4, 0x0EBC),
    (0x0EC8, 0x0ECE),
    (0x0F18, 0x0F19),
    (0x0F35, 0x0F35),
    (0x0F37, 0x0F37),
    (0x0F39, 0x0F39),
    (0x0F3E, 0x0F3F),
    (0x0F71, 0x0F84),
    (0x0F86, 0x0F87),
    (0x0F8D, 0x0F97),
    (0x0F99, 0x0FBC),
    (0x0FC6, 0x0FC6),
    (0x102B, 0x103E),
    (0x1056, 0x1059),
    (0x105E, 0x1060),
    (0x1062, 0x1064),
    (0x1067, 0x106D),
    (0x1071, 0x1074),
    (0x1082, 0x108D),
    (0x108F, 0x108F),
    (0x109A, 0x109D),
    (0x135D, 0x135F),
    (0x1712, 0x1715),
    (0x1732, 0x1734),
    (0x1752, 0x1753),
    (0x1772, 0x1773),
    (0x17B4, 0x17D3),
    (0x17DD, 0x17DD),
    (0x180B, 0x180D),
    (0x180F, 0x180F),
    (0x1885, 0x1886),
    (0x18A9, 0x18A9),
    (0x1920, 0x192B),
    (0x1930, 0x193B),
    (0x1A17, 0x1A1B),
    (0x1A55, 0x1A5E),
    (0x1A60, 0x1A7C),
    (0x1A7F, 0x1A7F),
    (0x1AB0, 0x1ADD),
    (0x1AE0, 0x1AEB),
    (0x1B00, 0x1B04),
    (0x1B34, 0x1B44),
    (0x1B6B, 0x1B73),
    (0x1B80, 0x1B82),
    (0x1BA1, 0x1BAD),
    (0x1BE6, 0x1BF3),
    (0x1C24, 0x1C37),
    (0x1CD0, 0x1CD2),
    (0x1CD4, 0x1CE8),
    (0x1CED, 0x1CED),
    (0x1CF4, 0x1CF4),
    (0x1CF7, 0x1CF9),
    (0x1DC0, 0x1DFF),
    (0x20D0, 0x20F0),
    (0x2CEF, 0x2CF1),
    (0x2D7F, 0x2D7F),
    (0x2DE0, 0x2DFF),
    (0x302A, 0x302F),
    (0x3099, 0x309A),
    (0xA66F, 0xA672),
    (0xA674, 0xA67D),
    (0xA69E, 0xA69F),
    (0xA6F0, 0xA6F1),
    (0xA802, 0xA802),
    (0xA806, 0xA806),
    (0xA80B, 0xA80B),
    (0xA823, 0xA827),
    (0xA82C, 0xA82C),
    (0xA880, 0xA881),
    (0xA8B4, 0xA8C5),
    (0xA8E0, 0xA8F1),
    (0xA8FF, 0xA8FF),
    (0xA926, 0xA92D),
    (0xA947, 0xA953),
    (0xA980, 0xA983),
    (0xA9B3, 0xA9C0),
    (0xA9E5, 0xA9E5),
    (0xAA29, 0xAA36),
    (0xAA43, 0xAA43),
    (0xAA4C, 0xAA4D),
    (0xAA7B, 0xAA7D),
    (0xAAB0, 0xAAB0),
    (0xAAB2, 0xAAB4),
    (0xAAB7, 0xAAB8),
    (0xAABE, 0xAABF),
    (0xAAC1, 0xAAC1),
    (0xAAEB, 0xAAEF),
    (0xAAF5, 0xAAF6),
    (0xABE3, 0xABEA),
    (0xABEC, 0xABED),
    (0xFB1E, 0xFB1E),
    (0xFE00, 0xFE0F),
    (0xFE20, 0xFE2F),
    (0x101FD, 0x101FD),
    (0x102E0, 0x102E0),
    (0x10376, 0x1037A),
    (0x10A01, 0x10A03),
    (0x10A05, 0x10A06),
    (0x10A0C, 0x10A0F),
    (0x10A38, 0x10A3A),
    (0x10A3F, 0x10A3F),
    (0x10AE5, 0x10AE6),
    (0x10D24, 0x10D27),
    (0x10D69, 0x10D6D),
    (0x10EAB, 0x10EAC),
    (0x10EFA, 0x10EFF),
    (0x10F46, 0x10F50),
    (0x10F82, 0x10F85),
    (0x11000, 0x11002),
    (0x11038, 0x11046),
    (0x11070, 0x11070),
    (0x11073, 0x11074),
    (0x1107F, 0x11082),
    (0x110B0, 0x110BA),
    (0x110C2, 0x110C2),
    (0x11100, 0x11102),
    (0x11127, 0x11134),
    (0x11145, 0x11146),
    (0x11173, 0x11173),
    (0x11180, 0x11182),
    (0x111B3, 0x111C0),
    (0x111C9, 0x111CC),
    (0x111CE, 0x111CF),
    (0x1122C, 0x11237),
    (0x1123E, 0x1123E),
    (0x11241, 0x11241),
    (0x112DF, 0x112EA),
    (0x11300, 0x11303),
    (0x1133B, 0x1133C),
    (0x1133E, 0x11344),
    (0x11347, 0x11348),
    (0x1134B, 0x1134D),
    (0x11357, 0x11357),
    (0x11362, 0x11363),
    (0x11366, 0x1136C),
    (0x11370, 0x11374),
    (0x113B8, 0x113C0),
    (0x113C2, 0x113C2),
    (0x113C5, 0x113C5),
    (0x113C7, 0x113CA),
    (0x113CC, 0x113D0),
    (0x113D2, 0x113D2),
    (0x113E1, 0x113E2),
    (0x11435, 0x11446),
    (0x1145E, 0x1145E),
    (0x114B0, 0x114C3),
    (0x115AF, 0x115B5),
    (0x115B8, 0x115C0),
    (0x115DC, 0x115DD),
    (0x11630, 0x11640),
    (0x116AB, 0x116B7),
    (0x1171D, 0x1172B),
    (0x1182C, 0x1183A),
    (0x11930, 0x11935),
    (0x11937, 0x11938),
    (0x1193B, 0x1193E),
    (0x11940, 0x11940),
    (0x11942, 0x11943),
    (0x119D1, 0x119D7),
    (0x119DA, 0x119E0),
    (0x119E4, 0x119E4),
    (0x11A01, 0x11A0A),
    (0x11A33, 0x11A39),
    (0x11A3B, 0x11A3E),
    (0x11A47, 0x11A47),
    (0x11A51, 0x11A5B),
    (0x11A8A, 0x11A99),
    (0x11B60, 0x11B67),
    (0x11C2F, 0x11C36),
    (0x11C38, 0x11C3F),
    (0x11C92, 0x11CA7),
    (0x11CA9, 0x11CB6),
    (0x11D31, 0x11D36),
    (0x11D3A, 0x11D3A),
    (0x11D3C, 0x11D3D),
    (0x11D3F, 0x11D45),
    (0x11D47, 0x11D47),
    (0x11D8A, 0x11D8E),
    (0x11D90, 0x11D91),
    (0x11D93, 0x11D97),
    (0x11EF3, 0x11EF6),
    (0x11F00, 0x11F01),
    (0x11F03, 0x11F03),
    (0x11F34, 0x11F3A),
    (0x11F3E, 0x11F42),
    (0x11F5A, 0x11F5A),
    (0x13440, 0x13440),
    (0x13447, 0x13455),
    (0x1611E, 0x1612F),
    (0x16AF0, 0x16AF4),
    (0x16B30, 0x16B36),
    (0x16F4F, 0x16F4F),
    (0x16F51, 0x16F87),
    (0x16F8F, 0x16F92),
    (0x16FE4, 0x16FE4),
    (0x16FF0, 0x16FF1),
    (0x1BC9D, 0x1BC9E),
    (0x1CF00, 0x1CF2D),
    (0x1CF30, 0x1CF46),
    (0x1D165, 0x1D169),
    (0x1D16D, 0x1D172),
    (0x1D17B, 0x1D182),
    (0x1D185, 0x1D18B),
    (0x1D1AA, 0x1D1AD),
    (0x1D242, 0x1D244),
    (0x1DA00, 0x1DA36),
    (0x1DA3B, 0x1DA6C),
    (0x1DA75, 0x1DA75),
    (0x1DA84, 0x1DA84),
    (0x1DA9B, 0x1DA9F),
    (0x1DAA1, 0x1DAAF),
    (0x1E000, 0x1E006),
    (0x1E008, 0x1E018),
    (0x1E01B, 0x1E021),
    (0x1E023, 0x1E024),
    (0x1E026, 0x1E02A),
    (0x1E08F, 0x1E08F),
    (0x1E130, 0x1E136),
    (0x1E2AE, 0x1E2AE),
    (0x1E2EC, 0x1E2EF),
    (0x1E4EC, 0x1E4EF),
    (0x1E5EE, 0x1E5EF),
    (0x1E6E3, 0x1E6E3),
    (0x1E6E6, 0x1E6E6),
    (0x1E6EE, 0x1E6EF),
    (0x1E6F5, 0x1E6F5),
    (0x1E8D0, 0x1E8D6),
    (0x1E944, 0x1E94A),
    (0xE0100, 0xE01EF),
];

/// `\p{General_Category_-_Math_Symbol}` (from the test262 fixtures).
pub const GENERAL_CATEGORY___MATH_SYMBOL: &[(u32, u32)] = &[
    (0x002B, 0x002B),
    (0x003C, 0x003E),
    (0x007C, 0x007C),
    (0x007E, 0x007E),
    (0x00AC, 0x00AC),
    (0x00B1, 0x00B1),
    (0x00D7, 0x00D7),
    (0x00F7, 0x00F7),
    (0x03F6, 0x03F6),
    (0x0606, 0x0608),
    (0x2044, 0x2044),
    (0x2052, 0x2052),
    (0x207A, 0x207C),
    (0x208A, 0x208C),
    (0x2118, 0x2118),
    (0x2140, 0x2144),
    (0x214B, 0x214B),
    (0x2190, 0x2194),
    (0x219A, 0x219B),
    (0x21A0, 0x21A0),
    (0x21A3, 0x21A3),
    (0x21A6, 0x21A6),
    (0x21AE, 0x21AE),
    (0x21CE, 0x21CF),
    (0x21D2, 0x21D2),
    (0x21D4, 0x21D4),
    (0x21F4, 0x22FF),
    (0x2320, 0x2321),
    (0x237C, 0x237C),
    (0x239B, 0x23B3),
    (0x23DC, 0x23E1),
    (0x25B7, 0x25B7),
    (0x25C1, 0x25C1),
    (0x25F8, 0x25FF),
    (0x266F, 0x266F),
    (0x27C0, 0x27C4),
    (0x27C7, 0x27E5),
    (0x27F0, 0x27FF),
    (0x2900, 0x2982),
    (0x2999, 0x29D7),
    (0x29DC, 0x29FB),
    (0x29FE, 0x2AFF),
    (0x2B30, 0x2B44),
    (0x2B47, 0x2B4C),
    (0xFB29, 0xFB29),
    (0xFE62, 0xFE62),
    (0xFE64, 0xFE66),
    (0xFF0B, 0xFF0B),
    (0xFF1C, 0xFF1E),
    (0xFF5C, 0xFF5C),
    (0xFF5E, 0xFF5E),
    (0xFFE2, 0xFFE2),
    (0xFFE9, 0xFFEC),
    (0x10D8E, 0x10D8F),
    (0x1CEF0, 0x1CEF0),
    (0x1D6C1, 0x1D6C1),
    (0x1D6DB, 0x1D6DB),
    (0x1D6FB, 0x1D6FB),
    (0x1D715, 0x1D715),
    (0x1D735, 0x1D735),
    (0x1D74F, 0x1D74F),
    (0x1D76F, 0x1D76F),
    (0x1D789, 0x1D789),
    (0x1D7A9, 0x1D7A9),
    (0x1D7C3, 0x1D7C3),
    (0x1EEF0, 0x1EEF1),
    (0x1F8D0, 0x1F8D8),
];

/// `\p{General_Category_-_Modifier_Letter}` (from the test262 fixtures).
pub const GENERAL_CATEGORY___MODIFIER_LETTER: &[(u32, u32)] = &[
    (0x02B0, 0x02C1),
    (0x02C6, 0x02D1),
    (0x02E0, 0x02E4),
    (0x02EC, 0x02EC),
    (0x02EE, 0x02EE),
    (0x0374, 0x0374),
    (0x037A, 0x037A),
    (0x0559, 0x0559),
    (0x0640, 0x0640),
    (0x06E5, 0x06E6),
    (0x07F4, 0x07F5),
    (0x07FA, 0x07FA),
    (0x081A, 0x081A),
    (0x0824, 0x0824),
    (0x0828, 0x0828),
    (0x08C9, 0x08C9),
    (0x0971, 0x0971),
    (0x0E46, 0x0E46),
    (0x0EC6, 0x0EC6),
    (0x10FC, 0x10FC),
    (0x17D7, 0x17D7),
    (0x1843, 0x1843),
    (0x1AA7, 0x1AA7),
    (0x1C78, 0x1C7D),
    (0x1D2C, 0x1D6A),
    (0x1D78, 0x1D78),
    (0x1D9B, 0x1DBF),
    (0x2071, 0x2071),
    (0x207F, 0x207F),
    (0x2090, 0x209C),
    (0x2C7C, 0x2C7D),
    (0x2D6F, 0x2D6F),
    (0x2E2F, 0x2E2F),
    (0x3005, 0x3005),
    (0x3031, 0x3035),
    (0x303B, 0x303B),
    (0x309D, 0x309E),
    (0x30FC, 0x30FE),
    (0xA015, 0xA015),
    (0xA4F8, 0xA4FD),
    (0xA60C, 0xA60C),
    (0xA67F, 0xA67F),
    (0xA69C, 0xA69D),
    (0xA717, 0xA71F),
    (0xA770, 0xA770),
    (0xA788, 0xA788),
    (0xA7F1, 0xA7F4),
    (0xA7F8, 0xA7F9),
    (0xA9CF, 0xA9CF),
    (0xA9E6, 0xA9E6),
    (0xAA70, 0xAA70),
    (0xAADD, 0xAADD),
    (0xAAF3, 0xAAF4),
    (0xAB5C, 0xAB5F),
    (0xAB69, 0xAB69),
    (0xFF70, 0xFF70),
    (0xFF9E, 0xFF9F),
    (0x10780, 0x10785),
    (0x10787, 0x107B0),
    (0x107B2, 0x107BA),
    (0x10D4E, 0x10D4E),
    (0x10D6F, 0x10D6F),
    (0x10EC5, 0x10EC5),
    (0x11DD9, 0x11DD9),
    (0x16B40, 0x16B43),
    (0x16D40, 0x16D42),
    (0x16D6B, 0x16D6C),
    (0x16F93, 0x16F9F),
    (0x16FE0, 0x16FE1),
    (0x16FE3, 0x16FE3),
    (0x16FF2, 0x16FF3),
    (0x1AFF0, 0x1AFF3),
    (0x1AFF5, 0x1AFFB),
    (0x1AFFD, 0x1AFFE),
    (0x1E030, 0x1E06D),
    (0x1E137, 0x1E13D),
    (0x1E4EB, 0x1E4EB),
    (0x1E6FF, 0x1E6FF),
    (0x1E94B, 0x1E94B),
];

/// `\p{General_Category_-_Modifier_Symbol}` (from the test262 fixtures).
pub const GENERAL_CATEGORY___MODIFIER_SYMBOL: &[(u32, u32)] = &[
    (0x005E, 0x005E),
    (0x0060, 0x0060),
    (0x00A8, 0x00A8),
    (0x00AF, 0x00AF),
    (0x00B4, 0x00B4),
    (0x00B8, 0x00B8),
    (0x02C2, 0x02C5),
    (0x02D2, 0x02DF),
    (0x02E5, 0x02EB),
    (0x02ED, 0x02ED),
    (0x02EF, 0x02FF),
    (0x0375, 0x0375),
    (0x0384, 0x0385),
    (0x0888, 0x0888),
    (0x1FBD, 0x1FBD),
    (0x1FBF, 0x1FC1),
    (0x1FCD, 0x1FCF),
    (0x1FDD, 0x1FDF),
    (0x1FED, 0x1FEF),
    (0x1FFD, 0x1FFE),
    (0x309B, 0x309C),
    (0xA700, 0xA716),
    (0xA720, 0xA721),
    (0xA789, 0xA78A),
    (0xAB5B, 0xAB5B),
    (0xAB6A, 0xAB6B),
    (0xFBB2, 0xFBC2),
    (0xFF3E, 0xFF3E),
    (0xFF40, 0xFF40),
    (0xFFE3, 0xFFE3),
    (0x1F3FB, 0x1F3FF),
];

/// `\p{General_Category_-_Nonspacing_Mark}` (from the test262 fixtures).
pub const GENERAL_CATEGORY___NONSPACING_MARK: &[(u32, u32)] = &[
    (0x0300, 0x036F),
    (0x0483, 0x0487),
    (0x0591, 0x05BD),
    (0x05BF, 0x05BF),
    (0x05C1, 0x05C2),
    (0x05C4, 0x05C5),
    (0x05C7, 0x05C7),
    (0x0610, 0x061A),
    (0x064B, 0x065F),
    (0x0670, 0x0670),
    (0x06D6, 0x06DC),
    (0x06DF, 0x06E4),
    (0x06E7, 0x06E8),
    (0x06EA, 0x06ED),
    (0x0711, 0x0711),
    (0x0730, 0x074A),
    (0x07A6, 0x07B0),
    (0x07EB, 0x07F3),
    (0x07FD, 0x07FD),
    (0x0816, 0x0819),
    (0x081B, 0x0823),
    (0x0825, 0x0827),
    (0x0829, 0x082D),
    (0x0859, 0x085B),
    (0x0897, 0x089F),
    (0x08CA, 0x08E1),
    (0x08E3, 0x0902),
    (0x093A, 0x093A),
    (0x093C, 0x093C),
    (0x0941, 0x0948),
    (0x094D, 0x094D),
    (0x0951, 0x0957),
    (0x0962, 0x0963),
    (0x0981, 0x0981),
    (0x09BC, 0x09BC),
    (0x09C1, 0x09C4),
    (0x09CD, 0x09CD),
    (0x09E2, 0x09E3),
    (0x09FE, 0x09FE),
    (0x0A01, 0x0A02),
    (0x0A3C, 0x0A3C),
    (0x0A41, 0x0A42),
    (0x0A47, 0x0A48),
    (0x0A4B, 0x0A4D),
    (0x0A51, 0x0A51),
    (0x0A70, 0x0A71),
    (0x0A75, 0x0A75),
    (0x0A81, 0x0A82),
    (0x0ABC, 0x0ABC),
    (0x0AC1, 0x0AC5),
    (0x0AC7, 0x0AC8),
    (0x0ACD, 0x0ACD),
    (0x0AE2, 0x0AE3),
    (0x0AFA, 0x0AFF),
    (0x0B01, 0x0B01),
    (0x0B3C, 0x0B3C),
    (0x0B3F, 0x0B3F),
    (0x0B41, 0x0B44),
    (0x0B4D, 0x0B4D),
    (0x0B55, 0x0B56),
    (0x0B62, 0x0B63),
    (0x0B82, 0x0B82),
    (0x0BC0, 0x0BC0),
    (0x0BCD, 0x0BCD),
    (0x0C00, 0x0C00),
    (0x0C04, 0x0C04),
    (0x0C3C, 0x0C3C),
    (0x0C3E, 0x0C40),
    (0x0C46, 0x0C48),
    (0x0C4A, 0x0C4D),
    (0x0C55, 0x0C56),
    (0x0C62, 0x0C63),
    (0x0C81, 0x0C81),
    (0x0CBC, 0x0CBC),
    (0x0CBF, 0x0CBF),
    (0x0CC6, 0x0CC6),
    (0x0CCC, 0x0CCD),
    (0x0CE2, 0x0CE3),
    (0x0D00, 0x0D01),
    (0x0D3B, 0x0D3C),
    (0x0D41, 0x0D44),
    (0x0D4D, 0x0D4D),
    (0x0D62, 0x0D63),
    (0x0D81, 0x0D81),
    (0x0DCA, 0x0DCA),
    (0x0DD2, 0x0DD4),
    (0x0DD6, 0x0DD6),
    (0x0E31, 0x0E31),
    (0x0E34, 0x0E3A),
    (0x0E47, 0x0E4E),
    (0x0EB1, 0x0EB1),
    (0x0EB4, 0x0EBC),
    (0x0EC8, 0x0ECE),
    (0x0F18, 0x0F19),
    (0x0F35, 0x0F35),
    (0x0F37, 0x0F37),
    (0x0F39, 0x0F39),
    (0x0F71, 0x0F7E),
    (0x0F80, 0x0F84),
    (0x0F86, 0x0F87),
    (0x0F8D, 0x0F97),
    (0x0F99, 0x0FBC),
    (0x0FC6, 0x0FC6),
    (0x102D, 0x1030),
    (0x1032, 0x1037),
    (0x1039, 0x103A),
    (0x103D, 0x103E),
    (0x1058, 0x1059),
    (0x105E, 0x1060),
    (0x1071, 0x1074),
    (0x1082, 0x1082),
    (0x1085, 0x1086),
    (0x108D, 0x108D),
    (0x109D, 0x109D),
    (0x135D, 0x135F),
    (0x1712, 0x1714),
    (0x1732, 0x1733),
    (0x1752, 0x1753),
    (0x1772, 0x1773),
    (0x17B4, 0x17B5),
    (0x17B7, 0x17BD),
    (0x17C6, 0x17C6),
    (0x17C9, 0x17D3),
    (0x17DD, 0x17DD),
    (0x180B, 0x180D),
    (0x180F, 0x180F),
    (0x1885, 0x1886),
    (0x18A9, 0x18A9),
    (0x1920, 0x1922),
    (0x1927, 0x1928),
    (0x1932, 0x1932),
    (0x1939, 0x193B),
    (0x1A17, 0x1A18),
    (0x1A1B, 0x1A1B),
    (0x1A56, 0x1A56),
    (0x1A58, 0x1A5E),
    (0x1A60, 0x1A60),
    (0x1A62, 0x1A62),
    (0x1A65, 0x1A6C),
    (0x1A73, 0x1A7C),
    (0x1A7F, 0x1A7F),
    (0x1AB0, 0x1ABD),
    (0x1ABF, 0x1ADD),
    (0x1AE0, 0x1AEB),
    (0x1B00, 0x1B03),
    (0x1B34, 0x1B34),
    (0x1B36, 0x1B3A),
    (0x1B3C, 0x1B3C),
    (0x1B42, 0x1B42),
    (0x1B6B, 0x1B73),
    (0x1B80, 0x1B81),
    (0x1BA2, 0x1BA5),
    (0x1BA8, 0x1BA9),
    (0x1BAB, 0x1BAD),
    (0x1BE6, 0x1BE6),
    (0x1BE8, 0x1BE9),
    (0x1BED, 0x1BED),
    (0x1BEF, 0x1BF1),
    (0x1C2C, 0x1C33),
    (0x1C36, 0x1C37),
    (0x1CD0, 0x1CD2),
    (0x1CD4, 0x1CE0),
    (0x1CE2, 0x1CE8),
    (0x1CED, 0x1CED),
    (0x1CF4, 0x1CF4),
    (0x1CF8, 0x1CF9),
    (0x1DC0, 0x1DFF),
    (0x20D0, 0x20DC),
    (0x20E1, 0x20E1),
    (0x20E5, 0x20F0),
    (0x2CEF, 0x2CF1),
    (0x2D7F, 0x2D7F),
    (0x2DE0, 0x2DFF),
    (0x302A, 0x302D),
    (0x3099, 0x309A),
    (0xA66F, 0xA66F),
    (0xA674, 0xA67D),
    (0xA69E, 0xA69F),
    (0xA6F0, 0xA6F1),
    (0xA802, 0xA802),
    (0xA806, 0xA806),
    (0xA80B, 0xA80B),
    (0xA825, 0xA826),
    (0xA82C, 0xA82C),
    (0xA8C4, 0xA8C5),
    (0xA8E0, 0xA8F1),
    (0xA8FF, 0xA8FF),
    (0xA926, 0xA92D),
    (0xA947, 0xA951),
    (0xA980, 0xA982),
    (0xA9B3, 0xA9B3),
    (0xA9B6, 0xA9B9),
    (0xA9BC, 0xA9BD),
    (0xA9E5, 0xA9E5),
    (0xAA29, 0xAA2E),
    (0xAA31, 0xAA32),
    (0xAA35, 0xAA36),
    (0xAA43, 0xAA43),
    (0xAA4C, 0xAA4C),
    (0xAA7C, 0xAA7C),
    (0xAAB0, 0xAAB0),
    (0xAAB2, 0xAAB4),
    (0xAAB7, 0xAAB8),
    (0xAABE, 0xAABF),
    (0xAAC1, 0xAAC1),
    (0xAAEC, 0xAAED),
    (0xAAF6, 0xAAF6),
    (0xABE5, 0xABE5),
    (0xABE8, 0xABE8),
    (0xABED, 0xABED),
    (0xFB1E, 0xFB1E),
    (0xFE00, 0xFE0F),
    (0xFE20, 0xFE2F),
    (0x101FD, 0x101FD),
    (0x102E0, 0x102E0),
    (0x10376, 0x1037A),
    (0x10A01, 0x10A03),
    (0x10A05, 0x10A06),
    (0x10A0C, 0x10A0F),
    (0x10A38, 0x10A3A),
    (0x10A3F, 0x10A3F),
    (0x10AE5, 0x10AE6),
    (0x10D24, 0x10D27),
    (0x10D69, 0x10D6D),
    (0x10EAB, 0x10EAC),
    (0x10EFA, 0x10EFF),
    (0x10F46, 0x10F50),
    (0x10F82, 0x10F85),
    (0x11001, 0x11001),
    (0x11038, 0x11046),
    (0x11070, 0x11070),
    (0x11073, 0x11074),
    (0x1107F, 0x11081),
    (0x110B3, 0x110B6),
    (0x110B9, 0x110BA),
    (0x110C2, 0x110C2),
    (0x11100, 0x11102),
    (0x11127, 0x1112B),
    (0x1112D, 0x11134),
    (0x11173, 0x11173),
    (0x11180, 0x11181),
    (0x111B6, 0x111BE),
    (0x111C9, 0x111CC),
    (0x111CF, 0x111CF),
    (0x1122F, 0x11231),
    (0x11234, 0x11234),
    (0x11236, 0x11237),
    (0x1123E, 0x1123E),
    (0x11241, 0x11241),
    (0x112DF, 0x112DF),
    (0x112E3, 0x112EA),
    (0x11300, 0x11301),
    (0x1133B, 0x1133C),
    (0x11340, 0x11340),
    (0x11366, 0x1136C),
    (0x11370, 0x11374),
    (0x113BB, 0x113C0),
    (0x113CE, 0x113CE),
    (0x113D0, 0x113D0),
    (0x113D2, 0x113D2),
    (0x113E1, 0x113E2),
    (0x11438, 0x1143F),
    (0x11442, 0x11444),
    (0x11446, 0x11446),
    (0x1145E, 0x1145E),
    (0x114B3, 0x114B8),
    (0x114BA, 0x114BA),
    (0x114BF, 0x114C0),
    (0x114C2, 0x114C3),
    (0x115B2, 0x115B5),
    (0x115BC, 0x115BD),
    (0x115BF, 0x115C0),
    (0x115DC, 0x115DD),
    (0x11633, 0x1163A),
    (0x1163D, 0x1163D),
    (0x1163F, 0x11640),
    (0x116AB, 0x116AB),
    (0x116AD, 0x116AD),
    (0x116B0, 0x116B5),
    (0x116B7, 0x116B7),
    (0x1171D, 0x1171D),
    (0x1171F, 0x1171F),
    (0x11722, 0x11725),
    (0x11727, 0x1172B),
    (0x1182F, 0x11837),
    (0x11839, 0x1183A),
    (0x1193B, 0x1193C),
    (0x1193E, 0x1193E),
    (0x11943, 0x11943),
    (0x119D4, 0x119D7),
    (0x119DA, 0x119DB),
    (0x119E0, 0x119E0),
    (0x11A01, 0x11A0A),
    (0x11A33, 0x11A38),
    (0x11A3B, 0x11A3E),
    (0x11A47, 0x11A47),
    (0x11A51, 0x11A56),
    (0x11A59, 0x11A5B),
    (0x11A8A, 0x11A96),
    (0x11A98, 0x11A99),
    (0x11B60, 0x11B60),
    (0x11B62, 0x11B64),
    (0x11B66, 0x11B66),
    (0x11C30, 0x11C36),
    (0x11C38, 0x11C3D),
    (0x11C3F, 0x11C3F),
    (0x11C92, 0x11CA7),
    (0x11CAA, 0x11CB0),
    (0x11CB2, 0x11CB3),
    (0x11CB5, 0x11CB6),
    (0x11D31, 0x11D36),
    (0x11D3A, 0x11D3A),
    (0x11D3C, 0x11D3D),
    (0x11D3F, 0x11D45),
    (0x11D47, 0x11D47),
    (0x11D90, 0x11D91),
    (0x11D95, 0x11D95),
    (0x11D97, 0x11D97),
    (0x11EF3, 0x11EF4),
    (0x11F00, 0x11F01),
    (0x11F36, 0x11F3A),
    (0x11F40, 0x11F40),
    (0x11F42, 0x11F42),
    (0x11F5A, 0x11F5A),
    (0x13440, 0x13440),
    (0x13447, 0x13455),
    (0x1611E, 0x16129),
    (0x1612D, 0x1612F),
    (0x16AF0, 0x16AF4),
    (0x16B30, 0x16B36),
    (0x16F4F, 0x16F4F),
    (0x16F8F, 0x16F92),
    (0x16FE4, 0x16FE4),
    (0x1BC9D, 0x1BC9E),
    (0x1CF00, 0x1CF2D),
    (0x1CF30, 0x1CF46),
    (0x1D167, 0x1D169),
    (0x1D17B, 0x1D182),
    (0x1D185, 0x1D18B),
    (0x1D1AA, 0x1D1AD),
    (0x1D242, 0x1D244),
    (0x1DA00, 0x1DA36),
    (0x1DA3B, 0x1DA6C),
    (0x1DA75, 0x1DA75),
    (0x1DA84, 0x1DA84),
    (0x1DA9B, 0x1DA9F),
    (0x1DAA1, 0x1DAAF),
    (0x1E000, 0x1E006),
    (0x1E008, 0x1E018),
    (0x1E01B, 0x1E021),
    (0x1E023, 0x1E024),
    (0x1E026, 0x1E02A),
    (0x1E08F, 0x1E08F),
    (0x1E130, 0x1E136),
    (0x1E2AE, 0x1E2AE),
    (0x1E2EC, 0x1E2EF),
    (0x1E4EC, 0x1E4EF),
    (0x1E5EE, 0x1E5EF),
    (0x1E6E3, 0x1E6E3),
    (0x1E6E6, 0x1E6E6),
    (0x1E6EE, 0x1E6EF),
    (0x1E6F5, 0x1E6F5),
    (0x1E8D0, 0x1E8D6),
    (0x1E944, 0x1E94A),
    (0xE0100, 0xE01EF),
];

/// `\p{General_Category_-_Number}` (from the test262 fixtures).
pub const GENERAL_CATEGORY___NUMBER: &[(u32, u32)] = &[
    (0x0030, 0x0039),
    (0x00B2, 0x00B3),
    (0x00B9, 0x00B9),
    (0x00BC, 0x00BE),
    (0x0660, 0x0669),
    (0x06F0, 0x06F9),
    (0x07C0, 0x07C9),
    (0x0966, 0x096F),
    (0x09E6, 0x09EF),
    (0x09F4, 0x09F9),
    (0x0A66, 0x0A6F),
    (0x0AE6, 0x0AEF),
    (0x0B66, 0x0B6F),
    (0x0B72, 0x0B77),
    (0x0BE6, 0x0BF2),
    (0x0C66, 0x0C6F),
    (0x0C78, 0x0C7E),
    (0x0CE6, 0x0CEF),
    (0x0D58, 0x0D5E),
    (0x0D66, 0x0D78),
    (0x0DE6, 0x0DEF),
    (0x0E50, 0x0E59),
    (0x0ED0, 0x0ED9),
    (0x0F20, 0x0F33),
    (0x1040, 0x1049),
    (0x1090, 0x1099),
    (0x1369, 0x137C),
    (0x16EE, 0x16F0),
    (0x17E0, 0x17E9),
    (0x17F0, 0x17F9),
    (0x1810, 0x1819),
    (0x1946, 0x194F),
    (0x19D0, 0x19DA),
    (0x1A80, 0x1A89),
    (0x1A90, 0x1A99),
    (0x1B50, 0x1B59),
    (0x1BB0, 0x1BB9),
    (0x1C40, 0x1C49),
    (0x1C50, 0x1C59),
    (0x2070, 0x2070),
    (0x2074, 0x2079),
    (0x2080, 0x2089),
    (0x2150, 0x2182),
    (0x2185, 0x2189),
    (0x2460, 0x249B),
    (0x24EA, 0x24FF),
    (0x2776, 0x2793),
    (0x2CFD, 0x2CFD),
    (0x3007, 0x3007),
    (0x3021, 0x3029),
    (0x3038, 0x303A),
    (0x3192, 0x3195),
    (0x3220, 0x3229),
    (0x3248, 0x324F),
    (0x3251, 0x325F),
    (0x3280, 0x3289),
    (0x32B1, 0x32BF),
    (0xA620, 0xA629),
    (0xA6E6, 0xA6EF),
    (0xA830, 0xA835),
    (0xA8D0, 0xA8D9),
    (0xA900, 0xA909),
    (0xA9D0, 0xA9D9),
    (0xA9F0, 0xA9F9),
    (0xAA50, 0xAA59),
    (0xABF0, 0xABF9),
    (0xFF10, 0xFF19),
    (0x10107, 0x10133),
    (0x10140, 0x10178),
    (0x1018A, 0x1018B),
    (0x102E1, 0x102FB),
    (0x10320, 0x10323),
    (0x10341, 0x10341),
    (0x1034A, 0x1034A),
    (0x103D1, 0x103D5),
    (0x104A0, 0x104A9),
    (0x10858, 0x1085F),
    (0x10879, 0x1087F),
    (0x108A7, 0x108AF),
    (0x108FB, 0x108FF),
    (0x10916, 0x1091B),
    (0x109BC, 0x109BD),
    (0x109C0, 0x109CF),
    (0x109D2, 0x109FF),
    (0x10A40, 0x10A48),
    (0x10A7D, 0x10A7E),
    (0x10A9D, 0x10A9F),
    (0x10AEB, 0x10AEF),
    (0x10B58, 0x10B5F),
    (0x10B78, 0x10B7F),
    (0x10BA9, 0x10BAF),
    (0x10CFA, 0x10CFF),
    (0x10D30, 0x10D39),
    (0x10D40, 0x10D49),
    (0x10E60, 0x10E7E),
    (0x10F1D, 0x10F26),
    (0x10F51, 0x10F54),
    (0x10FC5, 0x10FCB),
    (0x11052, 0x1106F),
    (0x110F0, 0x110F9),
    (0x11136, 0x1113F),
    (0x111D0, 0x111D9),
    (0x111E1, 0x111F4),
    (0x112F0, 0x112F9),
    (0x11450, 0x11459),
    (0x114D0, 0x114D9),
    (0x11650, 0x11659),
    (0x116C0, 0x116C9),
    (0x116D0, 0x116E3),
    (0x11730, 0x1173B),
    (0x118E0, 0x118F2),
    (0x11950, 0x11959),
    (0x11BF0, 0x11BF9),
    (0x11C50, 0x11C6C),
    (0x11D50, 0x11D59),
    (0x11DA0, 0x11DA9),
    (0x11DE0, 0x11DE9),
    (0x11F50, 0x11F59),
    (0x11FC0, 0x11FD4),
    (0x12400, 0x1246E),
    (0x16130, 0x16139),
    (0x16A60, 0x16A69),
    (0x16AC0, 0x16AC9),
    (0x16B50, 0x16B59),
    (0x16B5B, 0x16B61),
    (0x16D70, 0x16D79),
    (0x16E80, 0x16E96),
    (0x16FF4, 0x16FF6),
    (0x1CCF0, 0x1CCF9),
    (0x1D2C0, 0x1D2D3),
    (0x1D2E0, 0x1D2F3),
    (0x1D360, 0x1D378),
    (0x1D7CE, 0x1D7FF),
    (0x1E140, 0x1E149),
    (0x1E2F0, 0x1E2F9),
    (0x1E4F0, 0x1E4F9),
    (0x1E5F1, 0x1E5FA),
    (0x1E8C7, 0x1E8CF),
    (0x1E950, 0x1E959),
    (0x1EC71, 0x1ECAB),
    (0x1ECAD, 0x1ECAF),
    (0x1ECB1, 0x1ECB4),
    (0x1ED01, 0x1ED2D),
    (0x1ED2F, 0x1ED3D),
    (0x1F100, 0x1F10C),
    (0x1FBF0, 0x1FBF9),
];

/// `\p{General_Category_-_Open_Punctuation}` (from the test262 fixtures).
pub const GENERAL_CATEGORY___OPEN_PUNCTUATION: &[(u32, u32)] = &[
    (0x0028, 0x0028),
    (0x005B, 0x005B),
    (0x007B, 0x007B),
    (0x0F3A, 0x0F3A),
    (0x0F3C, 0x0F3C),
    (0x169B, 0x169B),
    (0x201A, 0x201A),
    (0x201E, 0x201E),
    (0x2045, 0x2045),
    (0x207D, 0x207D),
    (0x208D, 0x208D),
    (0x2308, 0x2308),
    (0x230A, 0x230A),
    (0x2329, 0x2329),
    (0x2768, 0x2768),
    (0x276A, 0x276A),
    (0x276C, 0x276C),
    (0x276E, 0x276E),
    (0x2770, 0x2770),
    (0x2772, 0x2772),
    (0x2774, 0x2774),
    (0x27C5, 0x27C5),
    (0x27E6, 0x27E6),
    (0x27E8, 0x27E8),
    (0x27EA, 0x27EA),
    (0x27EC, 0x27EC),
    (0x27EE, 0x27EE),
    (0x2983, 0x2983),
    (0x2985, 0x2985),
    (0x2987, 0x2987),
    (0x2989, 0x2989),
    (0x298B, 0x298B),
    (0x298D, 0x298D),
    (0x298F, 0x298F),
    (0x2991, 0x2991),
    (0x2993, 0x2993),
    (0x2995, 0x2995),
    (0x2997, 0x2997),
    (0x29D8, 0x29D8),
    (0x29DA, 0x29DA),
    (0x29FC, 0x29FC),
    (0x2E22, 0x2E22),
    (0x2E24, 0x2E24),
    (0x2E26, 0x2E26),
    (0x2E28, 0x2E28),
    (0x2E42, 0x2E42),
    (0x2E55, 0x2E55),
    (0x2E57, 0x2E57),
    (0x2E59, 0x2E59),
    (0x2E5B, 0x2E5B),
    (0x3008, 0x3008),
    (0x300A, 0x300A),
    (0x300C, 0x300C),
    (0x300E, 0x300E),
    (0x3010, 0x3010),
    (0x3014, 0x3014),
    (0x3016, 0x3016),
    (0x3018, 0x3018),
    (0x301A, 0x301A),
    (0x301D, 0x301D),
    (0xFD3F, 0xFD3F),
    (0xFE17, 0xFE17),
    (0xFE35, 0xFE35),
    (0xFE37, 0xFE37),
    (0xFE39, 0xFE39),
    (0xFE3B, 0xFE3B),
    (0xFE3D, 0xFE3D),
    (0xFE3F, 0xFE3F),
    (0xFE41, 0xFE41),
    (0xFE43, 0xFE43),
    (0xFE47, 0xFE47),
    (0xFE59, 0xFE59),
    (0xFE5B, 0xFE5B),
    (0xFE5D, 0xFE5D),
    (0xFF08, 0xFF08),
    (0xFF3B, 0xFF3B),
    (0xFF5B, 0xFF5B),
    (0xFF5F, 0xFF5F),
    (0xFF62, 0xFF62),
];

/// `\p{General_Category_-_Other}` (from the test262 fixtures).
pub const GENERAL_CATEGORY___OTHER: &[(u32, u32)] = &[
    (0x0000, 0x001F),
    (0x007F, 0x009F),
    (0x00AD, 0x00AD),
    (0x0378, 0x0379),
    (0x0380, 0x0383),
    (0x038B, 0x038B),
    (0x038D, 0x038D),
    (0x03A2, 0x03A2),
    (0x0530, 0x0530),
    (0x0557, 0x0558),
    (0x058B, 0x058C),
    (0x0590, 0x0590),
    (0x05C8, 0x05CF),
    (0x05EB, 0x05EE),
    (0x05F5, 0x0605),
    (0x061C, 0x061C),
    (0x06DD, 0x06DD),
    (0x070E, 0x070F),
    (0x074B, 0x074C),
    (0x07B2, 0x07BF),
    (0x07FB, 0x07FC),
    (0x082E, 0x082F),
    (0x083F, 0x083F),
    (0x085C, 0x085D),
    (0x085F, 0x085F),
    (0x086B, 0x086F),
    (0x0890, 0x0896),
    (0x08E2, 0x08E2),
    (0x0984, 0x0984),
    (0x098D, 0x098E),
    (0x0991, 0x0992),
    (0x09A9, 0x09A9),
    (0x09B1, 0x09B1),
    (0x09B3, 0x09B5),
    (0x09BA, 0x09BB),
    (0x09C5, 0x09C6),
    (0x09C9, 0x09CA),
    (0x09CF, 0x09D6),
    (0x09D8, 0x09DB),
    (0x09DE, 0x09DE),
    (0x09E4, 0x09E5),
    (0x09FF, 0x0A00),
    (0x0A04, 0x0A04),
    (0x0A0B, 0x0A0E),
    (0x0A11, 0x0A12),
    (0x0A29, 0x0A29),
    (0x0A31, 0x0A31),
    (0x0A34, 0x0A34),
    (0x0A37, 0x0A37),
    (0x0A3A, 0x0A3B),
    (0x0A3D, 0x0A3D),
    (0x0A43, 0x0A46),
    (0x0A49, 0x0A4A),
    (0x0A4E, 0x0A50),
    (0x0A52, 0x0A58),
    (0x0A5D, 0x0A5D),
    (0x0A5F, 0x0A65),
    (0x0A77, 0x0A80),
    (0x0A84, 0x0A84),
    (0x0A8E, 0x0A8E),
    (0x0A92, 0x0A92),
    (0x0AA9, 0x0AA9),
    (0x0AB1, 0x0AB1),
    (0x0AB4, 0x0AB4),
    (0x0ABA, 0x0ABB),
    (0x0AC6, 0x0AC6),
    (0x0ACA, 0x0ACA),
    (0x0ACE, 0x0ACF),
    (0x0AD1, 0x0ADF),
    (0x0AE4, 0x0AE5),
    (0x0AF2, 0x0AF8),
    (0x0B00, 0x0B00),
    (0x0B04, 0x0B04),
    (0x0B0D, 0x0B0E),
    (0x0B11, 0x0B12),
    (0x0B29, 0x0B29),
    (0x0B31, 0x0B31),
    (0x0B34, 0x0B34),
    (0x0B3A, 0x0B3B),
    (0x0B45, 0x0B46),
    (0x0B49, 0x0B4A),
    (0x0B4E, 0x0B54),
    (0x0B58, 0x0B5B),
    (0x0B5E, 0x0B5E),
    (0x0B64, 0x0B65),
    (0x0B78, 0x0B81),
    (0x0B84, 0x0B84),
    (0x0B8B, 0x0B8D),
    (0x0B91, 0x0B91),
    (0x0B96, 0x0B98),
    (0x0B9B, 0x0B9B),
    (0x0B9D, 0x0B9D),
    (0x0BA0, 0x0BA2),
    (0x0BA5, 0x0BA7),
    (0x0BAB, 0x0BAD),
    (0x0BBA, 0x0BBD),
    (0x0BC3, 0x0BC5),
    (0x0BC9, 0x0BC9),
    (0x0BCE, 0x0BCF),
    (0x0BD1, 0x0BD6),
    (0x0BD8, 0x0BE5),
    (0x0BFB, 0x0BFF),
    (0x0C0D, 0x0C0D),
    (0x0C11, 0x0C11),
    (0x0C29, 0x0C29),
    (0x0C3A, 0x0C3B),
    (0x0C45, 0x0C45),
    (0x0C49, 0x0C49),
    (0x0C4E, 0x0C54),
    (0x0C57, 0x0C57),
    (0x0C5B, 0x0C5B),
    (0x0C5E, 0x0C5F),
    (0x0C64, 0x0C65),
    (0x0C70, 0x0C76),
    (0x0C8D, 0x0C8D),
    (0x0C91, 0x0C91),
    (0x0CA9, 0x0CA9),
    (0x0CB4, 0x0CB4),
    (0x0CBA, 0x0CBB),
    (0x0CC5, 0x0CC5),
    (0x0CC9, 0x0CC9),
    (0x0CCE, 0x0CD4),
    (0x0CD7, 0x0CDB),
    (0x0CDF, 0x0CDF),
    (0x0CE4, 0x0CE5),
    (0x0CF0, 0x0CF0),
    (0x0CF4, 0x0CFF),
    (0x0D0D, 0x0D0D),
    (0x0D11, 0x0D11),
    (0x0D45, 0x0D45),
    (0x0D49, 0x0D49),
    (0x0D50, 0x0D53),
    (0x0D64, 0x0D65),
    (0x0D80, 0x0D80),
    (0x0D84, 0x0D84),
    (0x0D97, 0x0D99),
    (0x0DB2, 0x0DB2),
    (0x0DBC, 0x0DBC),
    (0x0DBE, 0x0DBF),
    (0x0DC7, 0x0DC9),
    (0x0DCB, 0x0DCE),
    (0x0DD5, 0x0DD5),
    (0x0DD7, 0x0DD7),
    (0x0DE0, 0x0DE5),
    (0x0DF0, 0x0DF1),
    (0x0DF5, 0x0E00),
    (0x0E3B, 0x0E3E),
    (0x0E5C, 0x0E80),
    (0x0E83, 0x0E83),
    (0x0E85, 0x0E85),
    (0x0E8B, 0x0E8B),
    (0x0EA4, 0x0EA4),
    (0x0EA6, 0x0EA6),
    (0x0EBE, 0x0EBF),
    (0x0EC5, 0x0EC5),
    (0x0EC7, 0x0EC7),
    (0x0ECF, 0x0ECF),
    (0x0EDA, 0x0EDB),
    (0x0EE0, 0x0EFF),
    (0x0F48, 0x0F48),
    (0x0F6D, 0x0F70),
    (0x0F98, 0x0F98),
    (0x0FBD, 0x0FBD),
    (0x0FCD, 0x0FCD),
    (0x0FDB, 0x0FFF),
    (0x10C6, 0x10C6),
    (0x10C8, 0x10CC),
    (0x10CE, 0x10CF),
    (0x1249, 0x1249),
    (0x124E, 0x124F),
    (0x1257, 0x1257),
    (0x1259, 0x1259),
    (0x125E, 0x125F),
    (0x1289, 0x1289),
    (0x128E, 0x128F),
    (0x12B1, 0x12B1),
    (0x12B6, 0x12B7),
    (0x12BF, 0x12BF),
    (0x12C1, 0x12C1),
    (0x12C6, 0x12C7),
    (0x12D7, 0x12D7),
    (0x1311, 0x1311),
    (0x1316, 0x1317),
    (0x135B, 0x135C),
    (0x137D, 0x137F),
    (0x139A, 0x139F),
    (0x13F6, 0x13F7),
    (0x13FE, 0x13FF),
    (0x169D, 0x169F),
    (0x16F9, 0x16FF),
    (0x1716, 0x171E),
    (0x1737, 0x173F),
    (0x1754, 0x175F),
    (0x176D, 0x176D),
    (0x1771, 0x1771),
    (0x1774, 0x177F),
    (0x17DE, 0x17DF),
    (0x17EA, 0x17EF),
    (0x17FA, 0x17FF),
    (0x180E, 0x180E),
    (0x181A, 0x181F),
    (0x1879, 0x187F),
    (0x18AB, 0x18AF),
    (0x18F6, 0x18FF),
    (0x191F, 0x191F),
    (0x192C, 0x192F),
    (0x193C, 0x193F),
    (0x1941, 0x1943),
    (0x196E, 0x196F),
    (0x1975, 0x197F),
    (0x19AC, 0x19AF),
    (0x19CA, 0x19CF),
    (0x19DB, 0x19DD),
    (0x1A1C, 0x1A1D),
    (0x1A5F, 0x1A5F),
    (0x1A7D, 0x1A7E),
    (0x1A8A, 0x1A8F),
    (0x1A9A, 0x1A9F),
    (0x1AAE, 0x1AAF),
    (0x1ADE, 0x1ADF),
    (0x1AEC, 0x1AFF),
    (0x1B4D, 0x1B4D),
    (0x1BF4, 0x1BFB),
    (0x1C38, 0x1C3A),
    (0x1C4A, 0x1C4C),
    (0x1C8B, 0x1C8F),
    (0x1CBB, 0x1CBC),
    (0x1CC8, 0x1CCF),
    (0x1CFB, 0x1CFF),
    (0x1F16, 0x1F17),
    (0x1F1E, 0x1F1F),
    (0x1F46, 0x1F47),
    (0x1F4E, 0x1F4F),
    (0x1F58, 0x1F58),
    (0x1F5A, 0x1F5A),
    (0x1F5C, 0x1F5C),
    (0x1F5E, 0x1F5E),
    (0x1F7E, 0x1F7F),
    (0x1FB5, 0x1FB5),
    (0x1FC5, 0x1FC5),
    (0x1FD4, 0x1FD5),
    (0x1FDC, 0x1FDC),
    (0x1FF0, 0x1FF1),
    (0x1FF5, 0x1FF5),
    (0x1FFF, 0x1FFF),
    (0x200B, 0x200F),
    (0x202A, 0x202E),
    (0x2060, 0x206F),
    (0x2072, 0x2073),
    (0x208F, 0x208F),
    (0x209D, 0x209F),
    (0x20C2, 0x20CF),
    (0x20F1, 0x20FF),
    (0x218C, 0x218F),
    (0x242A, 0x243F),
    (0x244B, 0x245F),
    (0x2B74, 0x2B75),
    (0x2CF4, 0x2CF8),
    (0x2D26, 0x2D26),
    (0x2D28, 0x2D2C),
    (0x2D2E, 0x2D2F),
    (0x2D68, 0x2D6E),
    (0x2D71, 0x2D7E),
    (0x2D97, 0x2D9F),
    (0x2DA7, 0x2DA7),
    (0x2DAF, 0x2DAF),
    (0x2DB7, 0x2DB7),
    (0x2DBF, 0x2DBF),
    (0x2DC7, 0x2DC7),
    (0x2DCF, 0x2DCF),
    (0x2DD7, 0x2DD7),
    (0x2DDF, 0x2DDF),
    (0x2E5E, 0x2E7F),
    (0x2E9A, 0x2E9A),
    (0x2EF4, 0x2EFF),
    (0x2FD6, 0x2FEF),
    (0x3040, 0x3040),
    (0x3097, 0x3098),
    (0x3100, 0x3104),
    (0x3130, 0x3130),
    (0x318F, 0x318F),
    (0x31E6, 0x31EE),
    (0x321F, 0x321F),
    (0xA48D, 0xA48F),
    (0xA4C7, 0xA4CF),
    (0xA62C, 0xA63F),
    (0xA6F8, 0xA6FF),
    (0xA7DD, 0xA7F0),
    (0xA82D, 0xA82F),
    (0xA83A, 0xA83F),
    (0xA878, 0xA87F),
    (0xA8C6, 0xA8CD),
    (0xA8DA, 0xA8DF),
    (0xA954, 0xA95E),
    (0xA97D, 0xA97F),
    (0xA9CE, 0xA9CE),
    (0xA9DA, 0xA9DD),
    (0xA9FF, 0xA9FF),
    (0xAA37, 0xAA3F),
    (0xAA4E, 0xAA4F),
    (0xAA5A, 0xAA5B),
    (0xAAC3, 0xAADA),
    (0xAAF7, 0xAB00),
    (0xAB07, 0xAB08),
    (0xAB0F, 0xAB10),
    (0xAB17, 0xAB1F),
    (0xAB27, 0xAB27),
    (0xAB2F, 0xAB2F),
    (0xAB6C, 0xAB6F),
    (0xABEE, 0xABEF),
    (0xABFA, 0xABFF),
    (0xD7A4, 0xD7AF),
    (0xD7C7, 0xD7CA),
    (0xD7FC, 0xF8FF),
    (0xFA6E, 0xFA6F),
    (0xFADA, 0xFAFF),
    (0xFB07, 0xFB12),
    (0xFB18, 0xFB1C),
    (0xFB37, 0xFB37),
    (0xFB3D, 0xFB3D),
    (0xFB3F, 0xFB3F),
    (0xFB42, 0xFB42),
    (0xFB45, 0xFB45),
    (0xFDD0, 0xFDEF),
    (0xFE1A, 0xFE1F),
    (0xFE53, 0xFE53),
    (0xFE67, 0xFE67),
    (0xFE6C, 0xFE6F),
    (0xFE75, 0xFE75),
    (0xFEFD, 0xFF00),
    (0xFFBF, 0xFFC1),
    (0xFFC8, 0xFFC9),
    (0xFFD0, 0xFFD1),
    (0xFFD8, 0xFFD9),
    (0xFFDD, 0xFFDF),
    (0xFFE7, 0xFFE7),
    (0xFFEF, 0xFFFB),
    (0xFFFE, 0xFFFF),
    (0x1000C, 0x1000C),
    (0x10027, 0x10027),
    (0x1003B, 0x1003B),
    (0x1003E, 0x1003E),
    (0x1004E, 0x1004F),
    (0x1005E, 0x1007F),
    (0x100FB, 0x100FF),
    (0x10103, 0x10106),
    (0x10134, 0x10136),
    (0x1018F, 0x1018F),
    (0x1019D, 0x1019F),
    (0x101A1, 0x101CF),
    (0x101FE, 0x1027F),
    (0x1029D, 0x1029F),
    (0x102D1, 0x102DF),
    (0x102FC, 0x102FF),
    (0x10324, 0x1032C),
    (0x1034B, 0x1034F),
    (0x1037B, 0x1037F),
    (0x1039E, 0x1039E),
    (0x103C4, 0x103C7),
    (0x103D6, 0x103FF),
    (0x1049E, 0x1049F),
    (0x104AA, 0x104AF),
    (0x104D4, 0x104D7),
    (0x104FC, 0x104FF),
    (0x10528, 0x1052F),
    (0x10564, 0x1056E),
    (0x1057B, 0x1057B),
    (0x1058B, 0x1058B),
    (0x10593, 0x10593),
    (0x10596, 0x10596),
    (0x105A2, 0x105A2),
    (0x105B2, 0x105B2),
    (0x105BA, 0x105BA),
    (0x105BD, 0x105BF),
    (0x105F4, 0x105FF),
    (0x10737, 0x1073F),
    (0x10756, 0x1075F),
    (0x10768, 0x1077F),
    (0x10786, 0x10786),
    (0x107B1, 0x107B1),
    (0x107BB, 0x107FF),
    (0x10806, 0x10807),
    (0x10809, 0x10809),
    (0x10836, 0x10836),
    (0x10839, 0x1083B),
    (0x1083D, 0x1083E),
    (0x10856, 0x10856),
    (0x1089F, 0x108A6),
    (0x108B0, 0x108DF),
    (0x108F3, 0x108F3),
    (0x108F6, 0x108FA),
    (0x1091C, 0x1091E),
    (0x1093A, 0x1093E),
    (0x1095A, 0x1097F),
    (0x109B8, 0x109BB),
    (0x109D0, 0x109D1),
    (0x10A04, 0x10A04),
    (0x10A07, 0x10A0B),
    (0x10A14, 0x10A14),
    (0x10A18, 0x10A18),
    (0x10A36, 0x10A37),
    (0x10A3B, 0x10A3E),
    (0x10A49, 0x10A4F),
    (0x10A59, 0x10A5F),
    (0x10AA0, 0x10ABF),
    (0x10AE7, 0x10AEA),
    (0x10AF7, 0x10AFF),
    (0x10B36, 0x10B38),
    (0x10B56, 0x10B57),
    (0x10B73, 0x10B77),
    (0x10B92, 0x10B98),
    (0x10B9D, 0x10BA8),
    (0x10BB0, 0x10BFF),
    (0x10C49, 0x10C7F),
    (0x10CB3, 0x10CBF),
    (0x10CF3, 0x10CF9),
    (0x10D28, 0x10D2F),
    (0x10D3A, 0x10D3F),
    (0x10D66, 0x10D68),
    (0x10D86, 0x10D8D),
    (0x10D90, 0x10E5F),
    (0x10E7F, 0x10E7F),
    (0x10EAA, 0x10EAA),
    (0x10EAE, 0x10EAF),
    (0x10EB2, 0x10EC1),
    (0x10EC8, 0x10ECF),
    (0x10ED9, 0x10EF9),
    (0x10F28, 0x10F2F),
    (0x10F5A, 0x10F6F),
    (0x10F8A, 0x10FAF),
    (0x10FCC, 0x10FDF),
    (0x10FF7, 0x10FFF),
    (0x1104E, 0x11051),
    (0x11076, 0x1107E),
    (0x110BD, 0x110BD),
    (0x110C3, 0x110CF),
    (0x110E9, 0x110EF),
    (0x110FA, 0x110FF),
    (0x11135, 0x11135),
    (0x11148, 0x1114F),
    (0x11177, 0x1117F),
    (0x111E0, 0x111E0),
    (0x111F5, 0x111FF),
    (0x11212, 0x11212),
    (0x11242, 0x1127F),
    (0x11287, 0x11287),
    (0x11289, 0x11289),
    (0x1128E, 0x1128E),
    (0x1129E, 0x1129E),
    (0x112AA, 0x112AF),
    (0x112EB, 0x112EF),
    (0x112FA, 0x112FF),
    (0x11304, 0x11304),
    (0x1130D, 0x1130E),
    (0x11311, 0x11312),
    (0x11329, 0x11329),
    (0x11331, 0x11331),
    (0x11334, 0x11334),
    (0x1133A, 0x1133A),
    (0x11345, 0x11346),
    (0x11349, 0x1134A),
    (0x1134E, 0x1134F),
    (0x11351, 0x11356),
    (0x11358, 0x1135C),
    (0x11364, 0x11365),
    (0x1136D, 0x1136F),
    (0x11375, 0x1137F),
    (0x1138A, 0x1138A),
    (0x1138C, 0x1138D),
    (0x1138F, 0x1138F),
    (0x113B6, 0x113B6),
    (0x113C1, 0x113C1),
    (0x113C3, 0x113C4),
    (0x113C6, 0x113C6),
    (0x113CB, 0x113CB),
    (0x113D6, 0x113D6),
    (0x113D9, 0x113E0),
    (0x113E3, 0x113FF),
    (0x1145C, 0x1145C),
    (0x11462, 0x1147F),
    (0x114C8, 0x114CF),
    (0x114DA, 0x1157F),
    (0x115B6, 0x115B7),
    (0x115DE, 0x115FF),
    (0x11645, 0x1164F),
    (0x1165A, 0x1165F),
    (0x1166D, 0x1167F),
    (0x116BA, 0x116BF),
    (0x116CA, 0x116CF),
    (0x116E4, 0x116FF),
    (0x1171B, 0x1171C),
    (0x1172C, 0x1172F),
    (0x11747, 0x117FF),
    (0x1183C, 0x1189F),
    (0x118F3, 0x118FE),
    (0x11907, 0x11908),
    (0x1190A, 0x1190B),
    (0x11914, 0x11914),
    (0x11917, 0x11917),
    (0x11936, 0x11936),
    (0x11939, 0x1193A),
    (0x11947, 0x1194F),
    (0x1195A, 0x1199F),
    (0x119A8, 0x119A9),
    (0x119D8, 0x119D9),
    (0x119E5, 0x119FF),
    (0x11A48, 0x11A4F),
    (0x11AA3, 0x11AAF),
    (0x11AF9, 0x11AFF),
    (0x11B0A, 0x11B5F),
    (0x11B68, 0x11BBF),
    (0x11BE2, 0x11BEF),
    (0x11BFA, 0x11BFF),
    (0x11C09, 0x11C09),
    (0x11C37, 0x11C37),
    (0x11C46, 0x11C4F),
    (0x11C6D, 0x11C6F),
    (0x11C90, 0x11C91),
    (0x11CA8, 0x11CA8),
    (0x11CB7, 0x11CFF),
    (0x11D07, 0x11D07),
    (0x11D0A, 0x11D0A),
    (0x11D37, 0x11D39),
    (0x11D3B, 0x11D3B),
    (0x11D3E, 0x11D3E),
    (0x11D48, 0x11D4F),
    (0x11D5A, 0x11D5F),
    (0x11D66, 0x11D66),
    (0x11D69, 0x11D69),
    (0x11D8F, 0x11D8F),
    (0x11D92, 0x11D92),
    (0x11D99, 0x11D9F),
    (0x11DAA, 0x11DAF),
    (0x11DDC, 0x11DDF),
    (0x11DEA, 0x11EDF),
    (0x11EF9, 0x11EFF),
    (0x11F11, 0x11F11),
    (0x11F3B, 0x11F3D),
    (0x11F5B, 0x11FAF),
    (0x11FB1, 0x11FBF),
    (0x11FF2, 0x11FFE),
    (0x1239A, 0x123FF),
    (0x1246F, 0x1246F),
    (0x12475, 0x1247F),
    (0x12544, 0x12F8F),
    (0x12FF3, 0x12FFF),
    (0x13430, 0x1343F),
    (0x13456, 0x1345F),
    (0x143FB, 0x143FF),
    (0x14647, 0x160FF),
    (0x1613A, 0x167FF),
    (0x16A39, 0x16A3F),
    (0x16A5F, 0x16A5F),
    (0x16A6A, 0x16A6D),
    (0x16ABF, 0x16ABF),
    (0x16ACA, 0x16ACF),
    (0x16AEE, 0x16AEF),
    (0x16AF6, 0x16AFF),
    (0x16B46, 0x16B4F),
    (0x16B5A, 0x16B5A),
    (0x16B62, 0x16B62),
    (0x16B78, 0x16B7C),
    (0x16B90, 0x16D3F),
    (0x16D7A, 0x16E3F),
    (0x16E9B, 0x16E9F),
    (0x16EB9, 0x16EBA),
    (0x16ED4, 0x16EFF),
    (0x16F4B, 0x16F4E),
    (0x16F88, 0x16F8E),
    (0x16FA0, 0x16FDF),
    (0x16FE5, 0x16FEF),
    (0x16FF7, 0x16FFF),
    (0x18CD6, 0x18CFE),
    (0x18D1F, 0x18D7F),
    (0x18DF3, 0x1AFEF),
    (0x1AFF4, 0x1AFF4),
    (0x1AFFC, 0x1AFFC),
    (0x1AFFF, 0x1AFFF),
    (0x1B123, 0x1B131),
    (0x1B133, 0x1B14F),
    (0x1B153, 0x1B154),
    (0x1B156, 0x1B163),
    (0x1B168, 0x1B16F),
    (0x1B2FC, 0x1BBFF),
    (0x1BC6B, 0x1BC6F),
    (0x1BC7D, 0x1BC7F),
    (0x1BC89, 0x1BC8F),
    (0x1BC9A, 0x1BC9B),
    (0x1BCA0, 0x1CBFF),
    (0x1CCFD, 0x1CCFF),
    (0x1CEB4, 0x1CEB9),
    (0x1CED1, 0x1CEDF),
    (0x1CEF1, 0x1CEFF),
    (0x1CF2E, 0x1CF2F),
    (0x1CF47, 0x1CF4F),
    (0x1CFC4, 0x1CFFF),
    (0x1D0F6, 0x1D0FF),
    (0x1D127, 0x1D128),
    (0x1D173, 0x1D17A),
    (0x1D1EB, 0x1D1FF),
    (0x1D246, 0x1D2BF),
    (0x1D2D4, 0x1D2DF),
    (0x1D2F4, 0x1D2FF),
    (0x1D357, 0x1D35F),
    (0x1D379, 0x1D3FF),
    (0x1D455, 0x1D455),
    (0x1D49D, 0x1D49D),
    (0x1D4A0, 0x1D4A1),
    (0x1D4A3, 0x1D4A4),
    (0x1D4A7, 0x1D4A8),
    (0x1D4AD, 0x1D4AD),
    (0x1D4BA, 0x1D4BA),
    (0x1D4BC, 0x1D4BC),
    (0x1D4C4, 0x1D4C4),
    (0x1D506, 0x1D506),
    (0x1D50B, 0x1D50C),
    (0x1D515, 0x1D515),
    (0x1D51D, 0x1D51D),
    (0x1D53A, 0x1D53A),
    (0x1D53F, 0x1D53F),
    (0x1D545, 0x1D545),
    (0x1D547, 0x1D549),
    (0x1D551, 0x1D551),
    (0x1D6A6, 0x1D6A7),
    (0x1D7CC, 0x1D7CD),
    (0x1DA8C, 0x1DA9A),
    (0x1DAA0, 0x1DAA0),
    (0x1DAB0, 0x1DEFF),
    (0x1DF1F, 0x1DF24),
    (0x1DF2B, 0x1DFFF),
    (0x1E007, 0x1E007),
    (0x1E019, 0x1E01A),
    (0x1E022, 0x1E022),
    (0x1E025, 0x1E025),
    (0x1E02B, 0x1E02F),
    (0x1E06E, 0x1E08E),
    (0x1E090, 0x1E0FF),
    (0x1E12D, 0x1E12F),
    (0x1E13E, 0x1E13F),
    (0x1E14A, 0x1E14D),
    (0x1E150, 0x1E28F),
    (0x1E2AF, 0x1E2BF),
    (0x1E2FA, 0x1E2FE),
    (0x1E300, 0x1E4CF),
    (0x1E4FA, 0x1E5CF),
    (0x1E5FB, 0x1E5FE),
    (0x1E600, 0x1E6BF),
    (0x1E6DF, 0x1E6DF),
    (0x1E6F6, 0x1E6FD),
    (0x1E700, 0x1E7DF),
    (0x1E7E7, 0x1E7E7),
    (0x1E7EC, 0x1E7EC),
    (0x1E7EF, 0x1E7EF),
    (0x1E7FF, 0x1E7FF),
    (0x1E8C5, 0x1E8C6),
    (0x1E8D7, 0x1E8FF),
    (0x1E94C, 0x1E94F),
    (0x1E95A, 0x1E95D),
    (0x1E960, 0x1EC70),
    (0x1ECB5, 0x1ED00),
    (0x1ED3E, 0x1EDFF),
    (0x1EE04, 0x1EE04),
    (0x1EE20, 0x1EE20),
    (0x1EE23, 0x1EE23),
    (0x1EE25, 0x1EE26),
    (0x1EE28, 0x1EE28),
    (0x1EE33, 0x1EE33),
    (0x1EE38, 0x1EE38),
    (0x1EE3A, 0x1EE3A),
    (0x1EE3C, 0x1EE41),
    (0x1EE43, 0x1EE46),
    (0x1EE48, 0x1EE48),
    (0x1EE4A, 0x1EE4A),
    (0x1EE4C, 0x1EE4C),
    (0x1EE50, 0x1EE50),
    (0x1EE53, 0x1EE53),
    (0x1EE55, 0x1EE56),
    (0x1EE58, 0x1EE58),
    (0x1EE5A, 0x1EE5A),
    (0x1EE5C, 0x1EE5C),
    (0x1EE5E, 0x1EE5E),
    (0x1EE60, 0x1EE60),
    (0x1EE63, 0x1EE63),
    (0x1EE65, 0x1EE66),
    (0x1EE6B, 0x1EE6B),
    (0x1EE73, 0x1EE73),
    (0x1EE78, 0x1EE78),
    (0x1EE7D, 0x1EE7D),
    (0x1EE7F, 0x1EE7F),
    (0x1EE8A, 0x1EE8A),
    (0x1EE9C, 0x1EEA0),
    (0x1EEA4, 0x1EEA4),
    (0x1EEAA, 0x1EEAA),
    (0x1EEBC, 0x1EEEF),
    (0x1EEF2, 0x1EFFF),
    (0x1F02C, 0x1F02F),
    (0x1F094, 0x1F09F),
    (0x1F0AF, 0x1F0B0),
    (0x1F0C0, 0x1F0C0),
    (0x1F0D0, 0x1F0D0),
    (0x1F0F6, 0x1F0FF),
    (0x1F1AE, 0x1F1E5),
    (0x1F203, 0x1F20F),
    (0x1F23C, 0x1F23F),
    (0x1F249, 0x1F24F),
    (0x1F252, 0x1F25F),
    (0x1F266, 0x1F2FF),
    (0x1F6D9, 0x1F6DB),
    (0x1F6ED, 0x1F6EF),
    (0x1F6FD, 0x1F6FF),
    (0x1F7DA, 0x1F7DF),
    (0x1F7EC, 0x1F7EF),
    (0x1F7F1, 0x1F7FF),
    (0x1F80C, 0x1F80F),
    (0x1F848, 0x1F84F),
    (0x1F85A, 0x1F85F),
    (0x1F888, 0x1F88F),
    (0x1F8AE, 0x1F8AF),
    (0x1F8BC, 0x1F8BF),
    (0x1F8C2, 0x1F8CF),
    (0x1F8D9, 0x1F8FF),
    (0x1FA58, 0x1FA5F),
    (0x1FA6E, 0x1FA6F),
    (0x1FA7D, 0x1FA7F),
    (0x1FA8B, 0x1FA8D),
    (0x1FAC7, 0x1FAC7),
    (0x1FAC9, 0x1FACC),
    (0x1FADD, 0x1FADE),
    (0x1FAEB, 0x1FAEE),
    (0x1FAF9, 0x1FAFF),
    (0x1FB93, 0x1FB93),
    (0x1FBFB, 0x1FFFF),
    (0x2A6E0, 0x2A6FF),
    (0x2B81E, 0x2B81F),
    (0x2CEAE, 0x2CEAF),
    (0x2EBE1, 0x2EBEF),
    (0x2EE5E, 0x2F7FF),
    (0x2FA1E, 0x2FFFF),
    (0x3134B, 0x3134F),
    (0x3347A, 0xE00FF),
    (0xE01F0, 0x10FFFF),
];

/// `\p{General_Category_-_Other_Letter}` (from the test262 fixtures).
pub const GENERAL_CATEGORY___OTHER_LETTER: &[(u32, u32)] = &[
    (0x00AA, 0x00AA),
    (0x00BA, 0x00BA),
    (0x01BB, 0x01BB),
    (0x01C0, 0x01C3),
    (0x0294, 0x0295),
    (0x05D0, 0x05EA),
    (0x05EF, 0x05F2),
    (0x0620, 0x063F),
    (0x0641, 0x064A),
    (0x066E, 0x066F),
    (0x0671, 0x06D3),
    (0x06D5, 0x06D5),
    (0x06EE, 0x06EF),
    (0x06FA, 0x06FC),
    (0x06FF, 0x06FF),
    (0x0710, 0x0710),
    (0x0712, 0x072F),
    (0x074D, 0x07A5),
    (0x07B1, 0x07B1),
    (0x07CA, 0x07EA),
    (0x0800, 0x0815),
    (0x0840, 0x0858),
    (0x0860, 0x086A),
    (0x0870, 0x0887),
    (0x0889, 0x088F),
    (0x08A0, 0x08C8),
    (0x0904, 0x0939),
    (0x093D, 0x093D),
    (0x0950, 0x0950),
    (0x0958, 0x0961),
    (0x0972, 0x0980),
    (0x0985, 0x098C),
    (0x098F, 0x0990),
    (0x0993, 0x09A8),
    (0x09AA, 0x09B0),
    (0x09B2, 0x09B2),
    (0x09B6, 0x09B9),
    (0x09BD, 0x09BD),
    (0x09CE, 0x09CE),
    (0x09DC, 0x09DD),
    (0x09DF, 0x09E1),
    (0x09F0, 0x09F1),
    (0x09FC, 0x09FC),
    (0x0A05, 0x0A0A),
    (0x0A0F, 0x0A10),
    (0x0A13, 0x0A28),
    (0x0A2A, 0x0A30),
    (0x0A32, 0x0A33),
    (0x0A35, 0x0A36),
    (0x0A38, 0x0A39),
    (0x0A59, 0x0A5C),
    (0x0A5E, 0x0A5E),
    (0x0A72, 0x0A74),
    (0x0A85, 0x0A8D),
    (0x0A8F, 0x0A91),
    (0x0A93, 0x0AA8),
    (0x0AAA, 0x0AB0),
    (0x0AB2, 0x0AB3),
    (0x0AB5, 0x0AB9),
    (0x0ABD, 0x0ABD),
    (0x0AD0, 0x0AD0),
    (0x0AE0, 0x0AE1),
    (0x0AF9, 0x0AF9),
    (0x0B05, 0x0B0C),
    (0x0B0F, 0x0B10),
    (0x0B13, 0x0B28),
    (0x0B2A, 0x0B30),
    (0x0B32, 0x0B33),
    (0x0B35, 0x0B39),
    (0x0B3D, 0x0B3D),
    (0x0B5C, 0x0B5D),
    (0x0B5F, 0x0B61),
    (0x0B71, 0x0B71),
    (0x0B83, 0x0B83),
    (0x0B85, 0x0B8A),
    (0x0B8E, 0x0B90),
    (0x0B92, 0x0B95),
    (0x0B99, 0x0B9A),
    (0x0B9C, 0x0B9C),
    (0x0B9E, 0x0B9F),
    (0x0BA3, 0x0BA4),
    (0x0BA8, 0x0BAA),
    (0x0BAE, 0x0BB9),
    (0x0BD0, 0x0BD0),
    (0x0C05, 0x0C0C),
    (0x0C0E, 0x0C10),
    (0x0C12, 0x0C28),
    (0x0C2A, 0x0C39),
    (0x0C3D, 0x0C3D),
    (0x0C58, 0x0C5A),
    (0x0C5C, 0x0C5D),
    (0x0C60, 0x0C61),
    (0x0C80, 0x0C80),
    (0x0C85, 0x0C8C),
    (0x0C8E, 0x0C90),
    (0x0C92, 0x0CA8),
    (0x0CAA, 0x0CB3),
    (0x0CB5, 0x0CB9),
    (0x0CBD, 0x0CBD),
    (0x0CDC, 0x0CDE),
    (0x0CE0, 0x0CE1),
    (0x0CF1, 0x0CF2),
    (0x0D04, 0x0D0C),
    (0x0D0E, 0x0D10),
    (0x0D12, 0x0D3A),
    (0x0D3D, 0x0D3D),
    (0x0D4E, 0x0D4E),
    (0x0D54, 0x0D56),
    (0x0D5F, 0x0D61),
    (0x0D7A, 0x0D7F),
    (0x0D85, 0x0D96),
    (0x0D9A, 0x0DB1),
    (0x0DB3, 0x0DBB),
    (0x0DBD, 0x0DBD),
    (0x0DC0, 0x0DC6),
    (0x0E01, 0x0E30),
    (0x0E32, 0x0E33),
    (0x0E40, 0x0E45),
    (0x0E81, 0x0E82),
    (0x0E84, 0x0E84),
    (0x0E86, 0x0E8A),
    (0x0E8C, 0x0EA3),
    (0x0EA5, 0x0EA5),
    (0x0EA7, 0x0EB0),
    (0x0EB2, 0x0EB3),
    (0x0EBD, 0x0EBD),
    (0x0EC0, 0x0EC4),
    (0x0EDC, 0x0EDF),
    (0x0F00, 0x0F00),
    (0x0F40, 0x0F47),
    (0x0F49, 0x0F6C),
    (0x0F88, 0x0F8C),
    (0x1000, 0x102A),
    (0x103F, 0x103F),
    (0x1050, 0x1055),
    (0x105A, 0x105D),
    (0x1061, 0x1061),
    (0x1065, 0x1066),
    (0x106E, 0x1070),
    (0x1075, 0x1081),
    (0x108E, 0x108E),
    (0x1100, 0x1248),
    (0x124A, 0x124D),
    (0x1250, 0x1256),
    (0x1258, 0x1258),
    (0x125A, 0x125D),
    (0x1260, 0x1288),
    (0x128A, 0x128D),
    (0x1290, 0x12B0),
    (0x12B2, 0x12B5),
    (0x12B8, 0x12BE),
    (0x12C0, 0x12C0),
    (0x12C2, 0x12C5),
    (0x12C8, 0x12D6),
    (0x12D8, 0x1310),
    (0x1312, 0x1315),
    (0x1318, 0x135A),
    (0x1380, 0x138F),
    (0x1401, 0x166C),
    (0x166F, 0x167F),
    (0x1681, 0x169A),
    (0x16A0, 0x16EA),
    (0x16F1, 0x16F8),
    (0x1700, 0x1711),
    (0x171F, 0x1731),
    (0x1740, 0x1751),
    (0x1760, 0x176C),
    (0x176E, 0x1770),
    (0x1780, 0x17B3),
    (0x17DC, 0x17DC),
    (0x1820, 0x1842),
    (0x1844, 0x1878),
    (0x1880, 0x1884),
    (0x1887, 0x18A8),
    (0x18AA, 0x18AA),
    (0x18B0, 0x18F5),
    (0x1900, 0x191E),
    (0x1950, 0x196D),
    (0x1970, 0x1974),
    (0x1980, 0x19AB),
    (0x19B0, 0x19C9),
    (0x1A00, 0x1A16),
    (0x1A20, 0x1A54),
    (0x1B05, 0x1B33),
    (0x1B45, 0x1B4C),
    (0x1B83, 0x1BA0),
    (0x1BAE, 0x1BAF),
    (0x1BBA, 0x1BE5),
    (0x1C00, 0x1C23),
    (0x1C4D, 0x1C4F),
    (0x1C5A, 0x1C77),
    (0x1CE9, 0x1CEC),
    (0x1CEE, 0x1CF3),
    (0x1CF5, 0x1CF6),
    (0x1CFA, 0x1CFA),
    (0x2135, 0x2138),
    (0x2D30, 0x2D67),
    (0x2D80, 0x2D96),
    (0x2DA0, 0x2DA6),
    (0x2DA8, 0x2DAE),
    (0x2DB0, 0x2DB6),
    (0x2DB8, 0x2DBE),
    (0x2DC0, 0x2DC6),
    (0x2DC8, 0x2DCE),
    (0x2DD0, 0x2DD6),
    (0x2DD8, 0x2DDE),
    (0x3006, 0x3006),
    (0x303C, 0x303C),
    (0x3041, 0x3096),
    (0x309F, 0x309F),
    (0x30A1, 0x30FA),
    (0x30FF, 0x30FF),
    (0x3105, 0x312F),
    (0x3131, 0x318E),
    (0x31A0, 0x31BF),
    (0x31F0, 0x31FF),
    (0x3400, 0x4DBF),
    (0x4E00, 0xA014),
    (0xA016, 0xA48C),
    (0xA4D0, 0xA4F7),
    (0xA500, 0xA60B),
    (0xA610, 0xA61F),
    (0xA62A, 0xA62B),
    (0xA66E, 0xA66E),
    (0xA6A0, 0xA6E5),
    (0xA78F, 0xA78F),
    (0xA7F7, 0xA7F7),
    (0xA7FB, 0xA801),
    (0xA803, 0xA805),
    (0xA807, 0xA80A),
    (0xA80C, 0xA822),
    (0xA840, 0xA873),
    (0xA882, 0xA8B3),
    (0xA8F2, 0xA8F7),
    (0xA8FB, 0xA8FB),
    (0xA8FD, 0xA8FE),
    (0xA90A, 0xA925),
    (0xA930, 0xA946),
    (0xA960, 0xA97C),
    (0xA984, 0xA9B2),
    (0xA9E0, 0xA9E4),
    (0xA9E7, 0xA9EF),
    (0xA9FA, 0xA9FE),
    (0xAA00, 0xAA28),
    (0xAA40, 0xAA42),
    (0xAA44, 0xAA4B),
    (0xAA60, 0xAA6F),
    (0xAA71, 0xAA76),
    (0xAA7A, 0xAA7A),
    (0xAA7E, 0xAAAF),
    (0xAAB1, 0xAAB1),
    (0xAAB5, 0xAAB6),
    (0xAAB9, 0xAABD),
    (0xAAC0, 0xAAC0),
    (0xAAC2, 0xAAC2),
    (0xAADB, 0xAADC),
    (0xAAE0, 0xAAEA),
    (0xAAF2, 0xAAF2),
    (0xAB01, 0xAB06),
    (0xAB09, 0xAB0E),
    (0xAB11, 0xAB16),
    (0xAB20, 0xAB26),
    (0xAB28, 0xAB2E),
    (0xABC0, 0xABE2),
    (0xAC00, 0xD7A3),
    (0xD7B0, 0xD7C6),
    (0xD7CB, 0xD7FB),
    (0xF900, 0xFA6D),
    (0xFA70, 0xFAD9),
    (0xFB1D, 0xFB1D),
    (0xFB1F, 0xFB28),
    (0xFB2A, 0xFB36),
    (0xFB38, 0xFB3C),
    (0xFB3E, 0xFB3E),
    (0xFB40, 0xFB41),
    (0xFB43, 0xFB44),
    (0xFB46, 0xFBB1),
    (0xFBD3, 0xFD3D),
    (0xFD50, 0xFD8F),
    (0xFD92, 0xFDC7),
    (0xFDF0, 0xFDFB),
    (0xFE70, 0xFE74),
    (0xFE76, 0xFEFC),
    (0xFF66, 0xFF6F),
    (0xFF71, 0xFF9D),
    (0xFFA0, 0xFFBE),
    (0xFFC2, 0xFFC7),
    (0xFFCA, 0xFFCF),
    (0xFFD2, 0xFFD7),
    (0xFFDA, 0xFFDC),
    (0x10000, 0x1000B),
    (0x1000D, 0x10026),
    (0x10028, 0x1003A),
    (0x1003C, 0x1003D),
    (0x1003F, 0x1004D),
    (0x10050, 0x1005D),
    (0x10080, 0x100FA),
    (0x10280, 0x1029C),
    (0x102A0, 0x102D0),
    (0x10300, 0x1031F),
    (0x1032D, 0x10340),
    (0x10342, 0x10349),
    (0x10350, 0x10375),
    (0x10380, 0x1039D),
    (0x103A0, 0x103C3),
    (0x103C8, 0x103CF),
    (0x10450, 0x1049D),
    (0x10500, 0x10527),
    (0x10530, 0x10563),
    (0x105C0, 0x105F3),
    (0x10600, 0x10736),
    (0x10740, 0x10755),
    (0x10760, 0x10767),
    (0x10800, 0x10805),
    (0x10808, 0x10808),
    (0x1080A, 0x10835),
    (0x10837, 0x10838),
    (0x1083C, 0x1083C),
    (0x1083F, 0x10855),
    (0x10860, 0x10876),
    (0x10880, 0x1089E),
    (0x108E0, 0x108F2),
    (0x108F4, 0x108F5),
    (0x10900, 0x10915),
    (0x10920, 0x10939),
    (0x10940, 0x10959),
    (0x10980, 0x109B7),
    (0x109BE, 0x109BF),
    (0x10A00, 0x10A00),
    (0x10A10, 0x10A13),
    (0x10A15, 0x10A17),
    (0x10A19, 0x10A35),
    (0x10A60, 0x10A7C),
    (0x10A80, 0x10A9C),
    (0x10AC0, 0x10AC7),
    (0x10AC9, 0x10AE4),
    (0x10B00, 0x10B35),
    (0x10B40, 0x10B55),
    (0x10B60, 0x10B72),
    (0x10B80, 0x10B91),
    (0x10C00, 0x10C48),
    (0x10D00, 0x10D23),
    (0x10D4A, 0x10D4D),
    (0x10D4F, 0x10D4F),
    (0x10E80, 0x10EA9),
    (0x10EB0, 0x10EB1),
    (0x10EC2, 0x10EC4),
    (0x10EC6, 0x10EC7),
    (0x10F00, 0x10F1C),
    (0x10F27, 0x10F27),
    (0x10F30, 0x10F45),
    (0x10F70, 0x10F81),
    (0x10FB0, 0x10FC4),
    (0x10FE0, 0x10FF6),
    (0x11003, 0x11037),
    (0x11071, 0x11072),
    (0x11075, 0x11075),
    (0x11083, 0x110AF),
    (0x110D0, 0x110E8),
    (0x11103, 0x11126),
    (0x11144, 0x11144),
    (0x11147, 0x11147),
    (0x11150, 0x11172),
    (0x11176, 0x11176),
    (0x11183, 0x111B2),
    (0x111C1, 0x111C4),
    (0x111DA, 0x111DA),
    (0x111DC, 0x111DC),
    (0x11200, 0x11211),
    (0x11213, 0x1122B),
    (0x1123F, 0x11240),
    (0x11280, 0x11286),
    (0x11288, 0x11288),
    (0x1128A, 0x1128D),
    (0x1128F, 0x1129D),
    (0x1129F, 0x112A8),
    (0x112B0, 0x112DE),
    (0x11305, 0x1130C),
    (0x1130F, 0x11310),
    (0x11313, 0x11328),
    (0x1132A, 0x11330),
    (0x11332, 0x11333),
    (0x11335, 0x11339),
    (0x1133D, 0x1133D),
    (0x11350, 0x11350),
    (0x1135D, 0x11361),
    (0x11380, 0x11389),
    (0x1138B, 0x1138B),
    (0x1138E, 0x1138E),
    (0x11390, 0x113B5),
    (0x113B7, 0x113B7),
    (0x113D1, 0x113D1),
    (0x113D3, 0x113D3),
    (0x11400, 0x11434),
    (0x11447, 0x1144A),
    (0x1145F, 0x11461),
    (0x11480, 0x114AF),
    (0x114C4, 0x114C5),
    (0x114C7, 0x114C7),
    (0x11580, 0x115AE),
    (0x115D8, 0x115DB),
    (0x11600, 0x1162F),
    (0x11644, 0x11644),
    (0x11680, 0x116AA),
    (0x116B8, 0x116B8),
    (0x11700, 0x1171A),
    (0x11740, 0x11746),
    (0x11800, 0x1182B),
    (0x118FF, 0x11906),
    (0x11909, 0x11909),
    (0x1190C, 0x11913),
    (0x11915, 0x11916),
    (0x11918, 0x1192F),
    (0x1193F, 0x1193F),
    (0x11941, 0x11941),
    (0x119A0, 0x119A7),
    (0x119AA, 0x119D0),
    (0x119E1, 0x119E1),
    (0x119E3, 0x119E3),
    (0x11A00, 0x11A00),
    (0x11A0B, 0x11A32),
    (0x11A3A, 0x11A3A),
    (0x11A50, 0x11A50),
    (0x11A5C, 0x11A89),
    (0x11A9D, 0x11A9D),
    (0x11AB0, 0x11AF8),
    (0x11BC0, 0x11BE0),
    (0x11C00, 0x11C08),
    (0x11C0A, 0x11C2E),
    (0x11C40, 0x11C40),
    (0x11C72, 0x11C8F),
    (0x11D00, 0x11D06),
    (0x11D08, 0x11D09),
    (0x11D0B, 0x11D30),
    (0x11D46, 0x11D46),
    (0x11D60, 0x11D65),
    (0x11D67, 0x11D68),
    (0x11D6A, 0x11D89),
    (0x11D98, 0x11D98),
    (0x11DB0, 0x11DD8),
    (0x11DDA, 0x11DDB),
    (0x11EE0, 0x11EF2),
    (0x11F02, 0x11F02),
    (0x11F04, 0x11F10),
    (0x11F12, 0x11F33),
    (0x11FB0, 0x11FB0),
    (0x12000, 0x12399),
    (0x12480, 0x12543),
    (0x12F90, 0x12FF0),
    (0x13000, 0x1342F),
    (0x13441, 0x13446),
    (0x13460, 0x143FA),
    (0x14400, 0x14646),
    (0x16100, 0x1611D),
    (0x16800, 0x16A38),
    (0x16A40, 0x16A5E),
    (0x16A70, 0x16ABE),
    (0x16AD0, 0x16AED),
    (0x16B00, 0x16B2F),
    (0x16B63, 0x16B77),
    (0x16B7D, 0x16B8F),
    (0x16D43, 0x16D6A),
    (0x16F00, 0x16F4A),
    (0x16F50, 0x16F50),
    (0x17000, 0x18CD5),
    (0x18CFF, 0x18D1E),
    (0x18D80, 0x18DF2),
    (0x1B000, 0x1B122),
    (0x1B132, 0x1B132),
    (0x1B150, 0x1B152),
    (0x1B155, 0x1B155),
    (0x1B164, 0x1B167),
    (0x1B170, 0x1B2FB),
    (0x1BC00, 0x1BC6A),
    (0x1BC70, 0x1BC7C),
    (0x1BC80, 0x1BC88),
    (0x1BC90, 0x1BC99),
    (0x1DF0A, 0x1DF0A),
    (0x1E100, 0x1E12C),
    (0x1E14E, 0x1E14E),
    (0x1E290, 0x1E2AD),
    (0x1E2C0, 0x1E2EB),
    (0x1E4D0, 0x1E4EA),
    (0x1E5D0, 0x1E5ED),
    (0x1E5F0, 0x1E5F0),
    (0x1E6C0, 0x1E6DE),
    (0x1E6E0, 0x1E6E2),
    (0x1E6E4, 0x1E6E5),
    (0x1E6E7, 0x1E6ED),
    (0x1E6F0, 0x1E6F4),
    (0x1E6FE, 0x1E6FE),
    (0x1E7E0, 0x1E7E6),
    (0x1E7E8, 0x1E7EB),
    (0x1E7ED, 0x1E7EE),
    (0x1E7F0, 0x1E7FE),
    (0x1E800, 0x1E8C4),
    (0x1EE00, 0x1EE03),
    (0x1EE05, 0x1EE1F),
    (0x1EE21, 0x1EE22),
    (0x1EE24, 0x1EE24),
    (0x1EE27, 0x1EE27),
    (0x1EE29, 0x1EE32),
    (0x1EE34, 0x1EE37),
    (0x1EE39, 0x1EE39),
    (0x1EE3B, 0x1EE3B),
    (0x1EE42, 0x1EE42),
    (0x1EE47, 0x1EE47),
    (0x1EE49, 0x1EE49),
    (0x1EE4B, 0x1EE4B),
    (0x1EE4D, 0x1EE4F),
    (0x1EE51, 0x1EE52),
    (0x1EE54, 0x1EE54),
    (0x1EE57, 0x1EE57),
    (0x1EE59, 0x1EE59),
    (0x1EE5B, 0x1EE5B),
    (0x1EE5D, 0x1EE5D),
    (0x1EE5F, 0x1EE5F),
    (0x1EE61, 0x1EE62),
    (0x1EE64, 0x1EE64),
    (0x1EE67, 0x1EE6A),
    (0x1EE6C, 0x1EE72),
    (0x1EE74, 0x1EE77),
    (0x1EE79, 0x1EE7C),
    (0x1EE7E, 0x1EE7E),
    (0x1EE80, 0x1EE89),
    (0x1EE8B, 0x1EE9B),
    (0x1EEA1, 0x1EEA3),
    (0x1EEA5, 0x1EEA9),
    (0x1EEAB, 0x1EEBB),
    (0x20000, 0x2A6DF),
    (0x2A700, 0x2B81D),
    (0x2B820, 0x2CEAD),
    (0x2CEB0, 0x2EBE0),
    (0x2EBF0, 0x2EE5D),
    (0x2F800, 0x2FA1D),
    (0x30000, 0x3134A),
    (0x31350, 0x33479),
];

/// `\p{General_Category_-_Other_Number}` (from the test262 fixtures).
pub const GENERAL_CATEGORY___OTHER_NUMBER: &[(u32, u32)] = &[
    (0x00B2, 0x00B3),
    (0x00B9, 0x00B9),
    (0x00BC, 0x00BE),
    (0x09F4, 0x09F9),
    (0x0B72, 0x0B77),
    (0x0BF0, 0x0BF2),
    (0x0C78, 0x0C7E),
    (0x0D58, 0x0D5E),
    (0x0D70, 0x0D78),
    (0x0F2A, 0x0F33),
    (0x1369, 0x137C),
    (0x17F0, 0x17F9),
    (0x19DA, 0x19DA),
    (0x2070, 0x2070),
    (0x2074, 0x2079),
    (0x2080, 0x2089),
    (0x2150, 0x215F),
    (0x2189, 0x2189),
    (0x2460, 0x249B),
    (0x24EA, 0x24FF),
    (0x2776, 0x2793),
    (0x2CFD, 0x2CFD),
    (0x3192, 0x3195),
    (0x3220, 0x3229),
    (0x3248, 0x324F),
    (0x3251, 0x325F),
    (0x3280, 0x3289),
    (0x32B1, 0x32BF),
    (0xA830, 0xA835),
    (0x10107, 0x10133),
    (0x10175, 0x10178),
    (0x1018A, 0x1018B),
    (0x102E1, 0x102FB),
    (0x10320, 0x10323),
    (0x10858, 0x1085F),
    (0x10879, 0x1087F),
    (0x108A7, 0x108AF),
    (0x108FB, 0x108FF),
    (0x10916, 0x1091B),
    (0x109BC, 0x109BD),
    (0x109C0, 0x109CF),
    (0x109D2, 0x109FF),
    (0x10A40, 0x10A48),
    (0x10A7D, 0x10A7E),
    (0x10A9D, 0x10A9F),
    (0x10AEB, 0x10AEF),
    (0x10B58, 0x10B5F),
    (0x10B78, 0x10B7F),
    (0x10BA9, 0x10BAF),
    (0x10CFA, 0x10CFF),
    (0x10E60, 0x10E7E),
    (0x10F1D, 0x10F26),
    (0x10F51, 0x10F54),
    (0x10FC5, 0x10FCB),
    (0x11052, 0x11065),
    (0x111E1, 0x111F4),
    (0x1173A, 0x1173B),
    (0x118EA, 0x118F2),
    (0x11C5A, 0x11C6C),
    (0x11FC0, 0x11FD4),
    (0x16B5B, 0x16B61),
    (0x16E80, 0x16E96),
    (0x1D2C0, 0x1D2D3),
    (0x1D2E0, 0x1D2F3),
    (0x1D360, 0x1D378),
    (0x1E8C7, 0x1E8CF),
    (0x1EC71, 0x1ECAB),
    (0x1ECAD, 0x1ECAF),
    (0x1ECB1, 0x1ECB4),
    (0x1ED01, 0x1ED2D),
    (0x1ED2F, 0x1ED3D),
    (0x1F100, 0x1F10C),
];

/// `\p{General_Category_-_Other_Punctuation}` (from the test262 fixtures).
pub const GENERAL_CATEGORY___OTHER_PUNCTUATION: &[(u32, u32)] = &[
    (0x0021, 0x0023),
    (0x0025, 0x0027),
    (0x002A, 0x002A),
    (0x002C, 0x002C),
    (0x002E, 0x002F),
    (0x003A, 0x003B),
    (0x003F, 0x0040),
    (0x005C, 0x005C),
    (0x00A1, 0x00A1),
    (0x00A7, 0x00A7),
    (0x00B6, 0x00B7),
    (0x00BF, 0x00BF),
    (0x037E, 0x037E),
    (0x0387, 0x0387),
    (0x055A, 0x055F),
    (0x0589, 0x0589),
    (0x05C0, 0x05C0),
    (0x05C3, 0x05C3),
    (0x05C6, 0x05C6),
    (0x05F3, 0x05F4),
    (0x0609, 0x060A),
    (0x060C, 0x060D),
    (0x061B, 0x061B),
    (0x061D, 0x061F),
    (0x066A, 0x066D),
    (0x06D4, 0x06D4),
    (0x0700, 0x070D),
    (0x07F7, 0x07F9),
    (0x0830, 0x083E),
    (0x085E, 0x085E),
    (0x0964, 0x0965),
    (0x0970, 0x0970),
    (0x09FD, 0x09FD),
    (0x0A76, 0x0A76),
    (0x0AF0, 0x0AF0),
    (0x0C77, 0x0C77),
    (0x0C84, 0x0C84),
    (0x0DF4, 0x0DF4),
    (0x0E4F, 0x0E4F),
    (0x0E5A, 0x0E5B),
    (0x0F04, 0x0F12),
    (0x0F14, 0x0F14),
    (0x0F85, 0x0F85),
    (0x0FD0, 0x0FD4),
    (0x0FD9, 0x0FDA),
    (0x104A, 0x104F),
    (0x10FB, 0x10FB),
    (0x1360, 0x1368),
    (0x166E, 0x166E),
    (0x16EB, 0x16ED),
    (0x1735, 0x1736),
    (0x17D4, 0x17D6),
    (0x17D8, 0x17DA),
    (0x1800, 0x1805),
    (0x1807, 0x180A),
    (0x1944, 0x1945),
    (0x1A1E, 0x1A1F),
    (0x1AA0, 0x1AA6),
    (0x1AA8, 0x1AAD),
    (0x1B4E, 0x1B4F),
    (0x1B5A, 0x1B60),
    (0x1B7D, 0x1B7F),
    (0x1BFC, 0x1BFF),
    (0x1C3B, 0x1C3F),
    (0x1C7E, 0x1C7F),
    (0x1CC0, 0x1CC7),
    (0x1CD3, 0x1CD3),
    (0x2016, 0x2017),
    (0x2020, 0x2027),
    (0x2030, 0x2038),
    (0x203B, 0x203E),
    (0x2041, 0x2043),
    (0x2047, 0x2051),
    (0x2053, 0x2053),
    (0x2055, 0x205E),
    (0x2CF9, 0x2CFC),
    (0x2CFE, 0x2CFF),
    (0x2D70, 0x2D70),
    (0x2E00, 0x2E01),
    (0x2E06, 0x2E08),
    (0x2E0B, 0x2E0B),
    (0x2E0E, 0x2E16),
    (0x2E18, 0x2E19),
    (0x2E1B, 0x2E1B),
    (0x2E1E, 0x2E1F),
    (0x2E2A, 0x2E2E),
    (0x2E30, 0x2E39),
    (0x2E3C, 0x2E3F),
    (0x2E41, 0x2E41),
    (0x2E43, 0x2E4F),
    (0x2E52, 0x2E54),
    (0x3001, 0x3003),
    (0x303D, 0x303D),
    (0x30FB, 0x30FB),
    (0xA4FE, 0xA4FF),
    (0xA60D, 0xA60F),
    (0xA673, 0xA673),
    (0xA67E, 0xA67E),
    (0xA6F2, 0xA6F7),
    (0xA874, 0xA877),
    (0xA8CE, 0xA8CF),
    (0xA8F8, 0xA8FA),
    (0xA8FC, 0xA8FC),
    (0xA92E, 0xA92F),
    (0xA95F, 0xA95F),
    (0xA9C1, 0xA9CD),
    (0xA9DE, 0xA9DF),
    (0xAA5C, 0xAA5F),
    (0xAADE, 0xAADF),
    (0xAAF0, 0xAAF1),
    (0xABEB, 0xABEB),
    (0xFE10, 0xFE16),
    (0xFE19, 0xFE19),
    (0xFE30, 0xFE30),
    (0xFE45, 0xFE46),
    (0xFE49, 0xFE4C),
    (0xFE50, 0xFE52),
    (0xFE54, 0xFE57),
    (0xFE5F, 0xFE61),
    (0xFE68, 0xFE68),
    (0xFE6A, 0xFE6B),
    (0xFF01, 0xFF03),
    (0xFF05, 0xFF07),
    (0xFF0A, 0xFF0A),
    (0xFF0C, 0xFF0C),
    (0xFF0E, 0xFF0F),
    (0xFF1A, 0xFF1B),
    (0xFF1F, 0xFF20),
    (0xFF3C, 0xFF3C),
    (0xFF61, 0xFF61),
    (0xFF64, 0xFF65),
    (0x10100, 0x10102),
    (0x1039F, 0x1039F),
    (0x103D0, 0x103D0),
    (0x1056F, 0x1056F),
    (0x10857, 0x10857),
    (0x1091F, 0x1091F),
    (0x1093F, 0x1093F),
    (0x10A50, 0x10A58),
    (0x10A7F, 0x10A7F),
    (0x10AF0, 0x10AF6),
    (0x10B39, 0x10B3F),
    (0x10B99, 0x10B9C),
    (0x10ED0, 0x10ED0),
    (0x10F55, 0x10F59),
    (0x10F86, 0x10F89),
    (0x11047, 0x1104D),
    (0x110BB, 0x110BC),
    (0x110BE, 0x110C1),
    (0x11140, 0x11143),
    (0x11174, 0x11175),
    (0x111C5, 0x111C8),
    (0x111CD, 0x111CD),
    (0x111DB, 0x111DB),
    (0x111DD, 0x111DF),
    (0x11238, 0x1123D),
    (0x112A9, 0x112A9),
    (0x113D4, 0x113D5),
    (0x113D7, 0x113D8),
    (0x1144B, 0x1144F),
    (0x1145A, 0x1145B),
    (0x1145D, 0x1145D),
    (0x114C6, 0x114C6),
    (0x115C1, 0x115D7),
    (0x11641, 0x11643),
    (0x11660, 0x1166C),
    (0x116B9, 0x116B9),
    (0x1173C, 0x1173E),
    (0x1183B, 0x1183B),
    (0x11944, 0x11946),
    (0x119E2, 0x119E2),
    (0x11A3F, 0x11A46),
    (0x11A9A, 0x11A9C),
    (0x11A9E, 0x11AA2),
    (0x11B00, 0x11B09),
    (0x11BE1, 0x11BE1),
    (0x11C41, 0x11C45),
    (0x11C70, 0x11C71),
    (0x11EF7, 0x11EF8),
    (0x11F43, 0x11F4F),
    (0x11FFF, 0x11FFF),
    (0x12470, 0x12474),
    (0x12FF1, 0x12FF2),
    (0x16A6E, 0x16A6F),
    (0x16AF5, 0x16AF5),
    (0x16B37, 0x16B3B),
    (0x16B44, 0x16B44),
    (0x16D6D, 0x16D6F),
    (0x16E97, 0x16E9A),
    (0x16FE2, 0x16FE2),
    (0x1BC9F, 0x1BC9F),
    (0x1DA87, 0x1DA8B),
    (0x1E5FF, 0x1E5FF),
    (0x1E95E, 0x1E95F),
];

/// `\p{General_Category_-_Other_Symbol}` (from the test262 fixtures).
pub const GENERAL_CATEGORY___OTHER_SYMBOL: &[(u32, u32)] = &[
    (0x00A6, 0x00A6),
    (0x00A9, 0x00A9),
    (0x00AE, 0x00AE),
    (0x00B0, 0x00B0),
    (0x0482, 0x0482),
    (0x058D, 0x058E),
    (0x060E, 0x060F),
    (0x06DE, 0x06DE),
    (0x06E9, 0x06E9),
    (0x06FD, 0x06FE),
    (0x07F6, 0x07F6),
    (0x09FA, 0x09FA),
    (0x0B70, 0x0B70),
    (0x0BF3, 0x0BF8),
    (0x0BFA, 0x0BFA),
    (0x0C7F, 0x0C7F),
    (0x0D4F, 0x0D4F),
    (0x0D79, 0x0D79),
    (0x0F01, 0x0F03),
    (0x0F13, 0x0F13),
    (0x0F15, 0x0F17),
    (0x0F1A, 0x0F1F),
    (0x0F34, 0x0F34),
    (0x0F36, 0x0F36),
    (0x0F38, 0x0F38),
    (0x0FBE, 0x0FC5),
    (0x0FC7, 0x0FCC),
    (0x0FCE, 0x0FCF),
    (0x0FD5, 0x0FD8),
    (0x109E, 0x109F),
    (0x1390, 0x1399),
    (0x166D, 0x166D),
    (0x1940, 0x1940),
    (0x19DE, 0x19FF),
    (0x1B61, 0x1B6A),
    (0x1B74, 0x1B7C),
    (0x2100, 0x2101),
    (0x2103, 0x2106),
    (0x2108, 0x2109),
    (0x2114, 0x2114),
    (0x2116, 0x2117),
    (0x211E, 0x2123),
    (0x2125, 0x2125),
    (0x2127, 0x2127),
    (0x2129, 0x2129),
    (0x212E, 0x212E),
    (0x213A, 0x213B),
    (0x214A, 0x214A),
    (0x214C, 0x214D),
    (0x214F, 0x214F),
    (0x218A, 0x218B),
    (0x2195, 0x2199),
    (0x219C, 0x219F),
    (0x21A1, 0x21A2),
    (0x21A4, 0x21A5),
    (0x21A7, 0x21AD),
    (0x21AF, 0x21CD),
    (0x21D0, 0x21D1),
    (0x21D3, 0x21D3),
    (0x21D5, 0x21F3),
    (0x2300, 0x2307),
    (0x230C, 0x231F),
    (0x2322, 0x2328),
    (0x232B, 0x237B),
    (0x237D, 0x239A),
    (0x23B4, 0x23DB),
    (0x23E2, 0x2429),
    (0x2440, 0x244A),
    (0x249C, 0x24E9),
    (0x2500, 0x25B6),
    (0x25B8, 0x25C0),
    (0x25C2, 0x25F7),
    (0x2600, 0x266E),
    (0x2670, 0x2767),
    (0x2794, 0x27BF),
    (0x2800, 0x28FF),
    (0x2B00, 0x2B2F),
    (0x2B45, 0x2B46),
    (0x2B4D, 0x2B73),
    (0x2B76, 0x2BFF),
    (0x2CE5, 0x2CEA),
    (0x2E50, 0x2E51),
    (0x2E80, 0x2E99),
    (0x2E9B, 0x2EF3),
    (0x2F00, 0x2FD5),
    (0x2FF0, 0x2FFF),
    (0x3004, 0x3004),
    (0x3012, 0x3013),
    (0x3020, 0x3020),
    (0x3036, 0x3037),
    (0x303E, 0x303F),
    (0x3190, 0x3191),
    (0x3196, 0x319F),
    (0x31C0, 0x31E5),
    (0x31EF, 0x31EF),
    (0x3200, 0x321E),
    (0x322A, 0x3247),
    (0x3250, 0x3250),
    (0x3260, 0x327F),
    (0x328A, 0x32B0),
    (0x32C0, 0x33FF),
    (0x4DC0, 0x4DFF),
    (0xA490, 0xA4C6),
    (0xA828, 0xA82B),
    (0xA836, 0xA837),
    (0xA839, 0xA839),
    (0xAA77, 0xAA79),
    (0xFBC3, 0xFBD2),
    (0xFD40, 0xFD4F),
    (0xFD90, 0xFD91),
    (0xFDC8, 0xFDCF),
    (0xFDFD, 0xFDFF),
    (0xFFE4, 0xFFE4),
    (0xFFE8, 0xFFE8),
    (0xFFED, 0xFFEE),
    (0xFFFC, 0xFFFD),
    (0x10137, 0x1013F),
    (0x10179, 0x10189),
    (0x1018C, 0x1018E),
    (0x10190, 0x1019C),
    (0x101A0, 0x101A0),
    (0x101D0, 0x101FC),
    (0x10877, 0x10878),
    (0x10AC8, 0x10AC8),
    (0x10ED1, 0x10ED8),
    (0x1173F, 0x1173F),
    (0x11FD5, 0x11FDC),
    (0x11FE1, 0x11FF1),
    (0x16B3C, 0x16B3F),
    (0x16B45, 0x16B45),
    (0x1BC9C, 0x1BC9C),
    (0x1CC00, 0x1CCEF),
    (0x1CCFA, 0x1CCFC),
    (0x1CD00, 0x1CEB3),
    (0x1CEBA, 0x1CED0),
    (0x1CEE0, 0x1CEEF),
    (0x1CF50, 0x1CFC3),
    (0x1D000, 0x1D0F5),
    (0x1D100, 0x1D126),
    (0x1D129, 0x1D164),
    (0x1D16A, 0x1D16C),
    (0x1D183, 0x1D184),
    (0x1D18C, 0x1D1A9),
    (0x1D1AE, 0x1D1EA),
    (0x1D200, 0x1D241),
    (0x1D245, 0x1D245),
    (0x1D300, 0x1D356),
    (0x1D800, 0x1D9FF),
    (0x1DA37, 0x1DA3A),
    (0x1DA6D, 0x1DA74),
    (0x1DA76, 0x1DA83),
    (0x1DA85, 0x1DA86),
    (0x1E14F, 0x1E14F),
    (0x1ECAC, 0x1ECAC),
    (0x1ED2E, 0x1ED2E),
    (0x1F000, 0x1F02B),
    (0x1F030, 0x1F093),
    (0x1F0A0, 0x1F0AE),
    (0x1F0B1, 0x1F0BF),
    (0x1F0C1, 0x1F0CF),
    (0x1F0D1, 0x1F0F5),
    (0x1F10D, 0x1F1AD),
    (0x1F1E6, 0x1F202),
    (0x1F210, 0x1F23B),
    (0x1F240, 0x1F248),
    (0x1F250, 0x1F251),
    (0x1F260, 0x1F265),
    (0x1F300, 0x1F3FA),
    (0x1F400, 0x1F6D8),
    (0x1F6DC, 0x1F6EC),
    (0x1F6F0, 0x1F6FC),
    (0x1F700, 0x1F7D9),
    (0x1F7E0, 0x1F7EB),
    (0x1F7F0, 0x1F7F0),
    (0x1F800, 0x1F80B),
    (0x1F810, 0x1F847),
    (0x1F850, 0x1F859),
    (0x1F860, 0x1F887),
    (0x1F890, 0x1F8AD),
    (0x1F8B0, 0x1F8BB),
    (0x1F8C0, 0x1F8C1),
    (0x1F900, 0x1FA57),
    (0x1FA60, 0x1FA6D),
    (0x1FA70, 0x1FA7C),
    (0x1FA80, 0x1FA8A),
    (0x1FA8E, 0x1FAC6),
    (0x1FAC8, 0x1FAC8),
    (0x1FACD, 0x1FADC),
    (0x1FADF, 0x1FAEA),
    (0x1FAEF, 0x1FAF8),
    (0x1FB00, 0x1FB92),
    (0x1FB94, 0x1FBEF),
    (0x1FBFA, 0x1FBFA),
];

/// `\p{General_Category_-_Paragraph_Separator}` (from the test262 fixtures).
pub const GENERAL_CATEGORY___PARAGRAPH_SEPARATOR: &[(u32, u32)] = &[
    (0x2029, 0x2029),
];

/// `\p{General_Category_-_Private_Use}` (from the test262 fixtures).
pub const GENERAL_CATEGORY___PRIVATE_USE: &[(u32, u32)] = &[
    (0xE000, 0xF8FF),
    (0xF0000, 0xFFFFD),
    (0x100000, 0x10FFFD),
];

/// `\p{General_Category_-_Punctuation}` (from the test262 fixtures).
pub const GENERAL_CATEGORY___PUNCTUATION: &[(u32, u32)] = &[
    (0x0021, 0x0023),
    (0x0025, 0x002A),
    (0x002C, 0x002F),
    (0x003A, 0x003B),
    (0x003F, 0x0040),
    (0x005B, 0x005D),
    (0x005F, 0x005F),
    (0x007B, 0x007B),
    (0x007D, 0x007D),
    (0x00A1, 0x00A1),
    (0x00A7, 0x00A7),
    (0x00AB, 0x00AB),
    (0x00B6, 0x00B7),
    (0x00BB, 0x00BB),
    (0x00BF, 0x00BF),
    (0x037E, 0x037E),
    (0x0387, 0x0387),
    (0x055A, 0x055F),
    (0x0589, 0x058A),
    (0x05BE, 0x05BE),
    (0x05C0, 0x05C0),
    (0x05C3, 0x05C3),
    (0x05C6, 0x05C6),
    (0x05F3, 0x05F4),
    (0x0609, 0x060A),
    (0x060C, 0x060D),
    (0x061B, 0x061B),
    (0x061D, 0x061F),
    (0x066A, 0x066D),
    (0x06D4, 0x06D4),
    (0x0700, 0x070D),
    (0x07F7, 0x07F9),
    (0x0830, 0x083E),
    (0x085E, 0x085E),
    (0x0964, 0x0965),
    (0x0970, 0x0970),
    (0x09FD, 0x09FD),
    (0x0A76, 0x0A76),
    (0x0AF0, 0x0AF0),
    (0x0C77, 0x0C77),
    (0x0C84, 0x0C84),
    (0x0DF4, 0x0DF4),
    (0x0E4F, 0x0E4F),
    (0x0E5A, 0x0E5B),
    (0x0F04, 0x0F12),
    (0x0F14, 0x0F14),
    (0x0F3A, 0x0F3D),
    (0x0F85, 0x0F85),
    (0x0FD0, 0x0FD4),
    (0x0FD9, 0x0FDA),
    (0x104A, 0x104F),
    (0x10FB, 0x10FB),
    (0x1360, 0x1368),
    (0x1400, 0x1400),
    (0x166E, 0x166E),
    (0x169B, 0x169C),
    (0x16EB, 0x16ED),
    (0x1735, 0x1736),
    (0x17D4, 0x17D6),
    (0x17D8, 0x17DA),
    (0x1800, 0x180A),
    (0x1944, 0x1945),
    (0x1A1E, 0x1A1F),
    (0x1AA0, 0x1AA6),
    (0x1AA8, 0x1AAD),
    (0x1B4E, 0x1B4F),
    (0x1B5A, 0x1B60),
    (0x1B7D, 0x1B7F),
    (0x1BFC, 0x1BFF),
    (0x1C3B, 0x1C3F),
    (0x1C7E, 0x1C7F),
    (0x1CC0, 0x1CC7),
    (0x1CD3, 0x1CD3),
    (0x2010, 0x2027),
    (0x2030, 0x2043),
    (0x2045, 0x2051),
    (0x2053, 0x205E),
    (0x207D, 0x207E),
    (0x208D, 0x208E),
    (0x2308, 0x230B),
    (0x2329, 0x232A),
    (0x2768, 0x2775),
    (0x27C5, 0x27C6),
    (0x27E6, 0x27EF),
    (0x2983, 0x2998),
    (0x29D8, 0x29DB),
    (0x29FC, 0x29FD),
    (0x2CF9, 0x2CFC),
    (0x2CFE, 0x2CFF),
    (0x2D70, 0x2D70),
    (0x2E00, 0x2E2E),
    (0x2E30, 0x2E4F),
    (0x2E52, 0x2E5D),
    (0x3001, 0x3003),
    (0x3008, 0x3011),
    (0x3014, 0x301F),
    (0x3030, 0x3030),
    (0x303D, 0x303D),
    (0x30A0, 0x30A0),
    (0x30FB, 0x30FB),
    (0xA4FE, 0xA4FF),
    (0xA60D, 0xA60F),
    (0xA673, 0xA673),
    (0xA67E, 0xA67E),
    (0xA6F2, 0xA6F7),
    (0xA874, 0xA877),
    (0xA8CE, 0xA8CF),
    (0xA8F8, 0xA8FA),
    (0xA8FC, 0xA8FC),
    (0xA92E, 0xA92F),
    (0xA95F, 0xA95F),
    (0xA9C1, 0xA9CD),
    (0xA9DE, 0xA9DF),
    (0xAA5C, 0xAA5F),
    (0xAADE, 0xAADF),
    (0xAAF0, 0xAAF1),
    (0xABEB, 0xABEB),
    (0xFD3E, 0xFD3F),
    (0xFE10, 0xFE19),
    (0xFE30, 0xFE52),
    (0xFE54, 0xFE61),
    (0xFE63, 0xFE63),
    (0xFE68, 0xFE68),
    (0xFE6A, 0xFE6B),
    (0xFF01, 0xFF03),
    (0xFF05, 0xFF0A),
    (0xFF0C, 0xFF0F),
    (0xFF1A, 0xFF1B),
    (0xFF1F, 0xFF20),
    (0xFF3B, 0xFF3D),
    (0xFF3F, 0xFF3F),
    (0xFF5B, 0xFF5B),
    (0xFF5D, 0xFF5D),
    (0xFF5F, 0xFF65),
    (0x10100, 0x10102),
    (0x1039F, 0x1039F),
    (0x103D0, 0x103D0),
    (0x1056F, 0x1056F),
    (0x10857, 0x10857),
    (0x1091F, 0x1091F),
    (0x1093F, 0x1093F),
    (0x10A50, 0x10A58),
    (0x10A7F, 0x10A7F),
    (0x10AF0, 0x10AF6),
    (0x10B39, 0x10B3F),
    (0x10B99, 0x10B9C),
    (0x10D6E, 0x10D6E),
    (0x10EAD, 0x10EAD),
    (0x10ED0, 0x10ED0),
    (0x10F55, 0x10F59),
    (0x10F86, 0x10F89),
    (0x11047, 0x1104D),
    (0x110BB, 0x110BC),
    (0x110BE, 0x110C1),
    (0x11140, 0x11143),
    (0x11174, 0x11175),
    (0x111C5, 0x111C8),
    (0x111CD, 0x111CD),
    (0x111DB, 0x111DB),
    (0x111DD, 0x111DF),
    (0x11238, 0x1123D),
    (0x112A9, 0x112A9),
    (0x113D4, 0x113D5),
    (0x113D7, 0x113D8),
    (0x1144B, 0x1144F),
    (0x1145A, 0x1145B),
    (0x1145D, 0x1145D),
    (0x114C6, 0x114C6),
    (0x115C1, 0x115D7),
    (0x11641, 0x11643),
    (0x11660, 0x1166C),
    (0x116B9, 0x116B9),
    (0x1173C, 0x1173E),
    (0x1183B, 0x1183B),
    (0x11944, 0x11946),
    (0x119E2, 0x119E2),
    (0x11A3F, 0x11A46),
    (0x11A9A, 0x11A9C),
    (0x11A9E, 0x11AA2),
    (0x11B00, 0x11B09),
    (0x11BE1, 0x11BE1),
    (0x11C41, 0x11C45),
    (0x11C70, 0x11C71),
    (0x11EF7, 0x11EF8),
    (0x11F43, 0x11F4F),
    (0x11FFF, 0x11FFF),
    (0x12470, 0x12474),
    (0x12FF1, 0x12FF2),
    (0x16A6E, 0x16A6F),
    (0x16AF5, 0x16AF5),
    (0x16B37, 0x16B3B),
    (0x16B44, 0x16B44),
    (0x16D6D, 0x16D6F),
    (0x16E97, 0x16E9A),
    (0x16FE2, 0x16FE2),
    (0x1BC9F, 0x1BC9F),
    (0x1DA87, 0x1DA8B),
    (0x1E5FF, 0x1E5FF),
    (0x1E95E, 0x1E95F),
];

/// `\p{General_Category_-_Separator}` (from the test262 fixtures).
pub const GENERAL_CATEGORY___SEPARATOR: &[(u32, u32)] = &[
    (0x0020, 0x0020),
    (0x00A0, 0x00A0),
    (0x1680, 0x1680),
    (0x2000, 0x200A),
    (0x2028, 0x2029),
    (0x202F, 0x202F),
    (0x205F, 0x205F),
    (0x3000, 0x3000),
];

/// `\p{General_Category_-_Space_Separator}` (from the test262 fixtures).
pub const GENERAL_CATEGORY___SPACE_SEPARATOR: &[(u32, u32)] = &[
    (0x0020, 0x0020),
    (0x00A0, 0x00A0),
    (0x1680, 0x1680),
    (0x2000, 0x200A),
    (0x202F, 0x202F),
    (0x205F, 0x205F),
    (0x3000, 0x3000),
];

/// `\p{General_Category_-_Spacing_Mark}` (from the test262 fixtures).
pub const GENERAL_CATEGORY___SPACING_MARK: &[(u32, u32)] = &[
    (0x0903, 0x0903),
    (0x093B, 0x093B),
    (0x093E, 0x0940),
    (0x0949, 0x094C),
    (0x094E, 0x094F),
    (0x0982, 0x0983),
    (0x09BE, 0x09C0),
    (0x09C7, 0x09C8),
    (0x09CB, 0x09CC),
    (0x09D7, 0x09D7),
    (0x0A03, 0x0A03),
    (0x0A3E, 0x0A40),
    (0x0A83, 0x0A83),
    (0x0ABE, 0x0AC0),
    (0x0AC9, 0x0AC9),
    (0x0ACB, 0x0ACC),
    (0x0B02, 0x0B03),
    (0x0B3E, 0x0B3E),
    (0x0B40, 0x0B40),
    (0x0B47, 0x0B48),
    (0x0B4B, 0x0B4C),
    (0x0B57, 0x0B57),
    (0x0BBE, 0x0BBF),
    (0x0BC1, 0x0BC2),
    (0x0BC6, 0x0BC8),
    (0x0BCA, 0x0BCC),
    (0x0BD7, 0x0BD7),
    (0x0C01, 0x0C03),
    (0x0C41, 0x0C44),
    (0x0C82, 0x0C83),
    (0x0CBE, 0x0CBE),
    (0x0CC0, 0x0CC4),
    (0x0CC7, 0x0CC8),
    (0x0CCA, 0x0CCB),
    (0x0CD5, 0x0CD6),
    (0x0CF3, 0x0CF3),
    (0x0D02, 0x0D03),
    (0x0D3E, 0x0D40),
    (0x0D46, 0x0D48),
    (0x0D4A, 0x0D4C),
    (0x0D57, 0x0D57),
    (0x0D82, 0x0D83),
    (0x0DCF, 0x0DD1),
    (0x0DD8, 0x0DDF),
    (0x0DF2, 0x0DF3),
    (0x0F3E, 0x0F3F),
    (0x0F7F, 0x0F7F),
    (0x102B, 0x102C),
    (0x1031, 0x1031),
    (0x1038, 0x1038),
    (0x103B, 0x103C),
    (0x1056, 0x1057),
    (0x1062, 0x1064),
    (0x1067, 0x106D),
    (0x1083, 0x1084),
    (0x1087, 0x108C),
    (0x108F, 0x108F),
    (0x109A, 0x109C),
    (0x1715, 0x1715),
    (0x1734, 0x1734),
    (0x17B6, 0x17B6),
    (0x17BE, 0x17C5),
    (0x17C7, 0x17C8),
    (0x1923, 0x1926),
    (0x1929, 0x192B),
    (0x1930, 0x1931),
    (0x1933, 0x1938),
    (0x1A19, 0x1A1A),
    (0x1A55, 0x1A55),
    (0x1A57, 0x1A57),
    (0x1A61, 0x1A61),
    (0x1A63, 0x1A64),
    (0x1A6D, 0x1A72),
    (0x1B04, 0x1B04),
    (0x1B35, 0x1B35),
    (0x1B3B, 0x1B3B),
    (0x1B3D, 0x1B41),
    (0x1B43, 0x1B44),
    (0x1B82, 0x1B82),
    (0x1BA1, 0x1BA1),
    (0x1BA6, 0x1BA7),
    (0x1BAA, 0x1BAA),
    (0x1BE7, 0x1BE7),
    (0x1BEA, 0x1BEC),
    (0x1BEE, 0x1BEE),
    (0x1BF2, 0x1BF3),
    (0x1C24, 0x1C2B),
    (0x1C34, 0x1C35),
    (0x1CE1, 0x1CE1),
    (0x1CF7, 0x1CF7),
    (0x302E, 0x302F),
    (0xA823, 0xA824),
    (0xA827, 0xA827),
    (0xA880, 0xA881),
    (0xA8B4, 0xA8C3),
    (0xA952, 0xA953),
    (0xA983, 0xA983),
    (0xA9B4, 0xA9B5),
    (0xA9BA, 0xA9BB),
    (0xA9BE, 0xA9C0),
    (0xAA2F, 0xAA30),
    (0xAA33, 0xAA34),
    (0xAA4D, 0xAA4D),
    (0xAA7B, 0xAA7B),
    (0xAA7D, 0xAA7D),
    (0xAAEB, 0xAAEB),
    (0xAAEE, 0xAAEF),
    (0xAAF5, 0xAAF5),
    (0xABE3, 0xABE4),
    (0xABE6, 0xABE7),
    (0xABE9, 0xABEA),
    (0xABEC, 0xABEC),
    (0x11000, 0x11000),
    (0x11002, 0x11002),
    (0x11082, 0x11082),
    (0x110B0, 0x110B2),
    (0x110B7, 0x110B8),
    (0x1112C, 0x1112C),
    (0x11145, 0x11146),
    (0x11182, 0x11182),
    (0x111B3, 0x111B5),
    (0x111BF, 0x111C0),
    (0x111CE, 0x111CE),
    (0x1122C, 0x1122E),
    (0x11232, 0x11233),
    (0x11235, 0x11235),
    (0x112E0, 0x112E2),
    (0x11302, 0x11303),
    (0x1133E, 0x1133F),
    (0x11341, 0x11344),
    (0x11347, 0x11348),
    (0x1134B, 0x1134D),
    (0x11357, 0x11357),
    (0x11362, 0x11363),
    (0x113B8, 0x113BA),
    (0x113C2, 0x113C2),
    (0x113C5, 0x113C5),
    (0x113C7, 0x113CA),
    (0x113CC, 0x113CD),
    (0x113CF, 0x113CF),
    (0x11435, 0x11437),
    (0x11440, 0x11441),
    (0x11445, 0x11445),
    (0x114B0, 0x114B2),
    (0x114B9, 0x114B9),
    (0x114BB, 0x114BE),
    (0x114C1, 0x114C1),
    (0x115AF, 0x115B1),
    (0x115B8, 0x115BB),
    (0x115BE, 0x115BE),
    (0x11630, 0x11632),
    (0x1163B, 0x1163C),
    (0x1163E, 0x1163E),
    (0x116AC, 0x116AC),
    (0x116AE, 0x116AF),
    (0x116B6, 0x116B6),
    (0x1171E, 0x1171E),
    (0x11720, 0x11721),
    (0x11726, 0x11726),
    (0x1182C, 0x1182E),
    (0x11838, 0x11838),
    (0x11930, 0x11935),
    (0x11937, 0x11938),
    (0x1193D, 0x1193D),
    (0x11940, 0x11940),
    (0x11942, 0x11942),
    (0x119D1, 0x119D3),
    (0x119DC, 0x119DF),
    (0x119E4, 0x119E4),
    (0x11A39, 0x11A39),
    (0x11A57, 0x11A58),
    (0x11A97, 0x11A97),
    (0x11B61, 0x11B61),
    (0x11B65, 0x11B65),
    (0x11B67, 0x11B67),
    (0x11C2F, 0x11C2F),
    (0x11C3E, 0x11C3E),
    (0x11CA9, 0x11CA9),
    (0x11CB1, 0x11CB1),
    (0x11CB4, 0x11CB4),
    (0x11D8A, 0x11D8E),
    (0x11D93, 0x11D94),
    (0x11D96, 0x11D96),
    (0x11EF5, 0x11EF6),
    (0x11F03, 0x11F03),
    (0x11F34, 0x11F35),
    (0x11F3E, 0x11F3F),
    (0x11F41, 0x11F41),
    (0x1612A, 0x1612C),
    (0x16F51, 0x16F87),
    (0x16FF0, 0x16FF1),
    (0x1D165, 0x1D166),
    (0x1D16D, 0x1D172),
];

/// `\p{General_Category_-_Surrogate}` (from the test262 fixtures).
pub const GENERAL_CATEGORY___SURROGATE: &[(u32, u32)] = &[
    (0xD800, 0xDFFF),
];

/// `\p{General_Category_-_Symbol}` (from the test262 fixtures).
pub const GENERAL_CATEGORY___SYMBOL: &[(u32, u32)] = &[
    (0x0024, 0x0024),
    (0x002B, 0x002B),
    (0x003C, 0x003E),
    (0x005E, 0x005E),
    (0x0060, 0x0060),
    (0x007C, 0x007C),
    (0x007E, 0x007E),
    (0x00A2, 0x00A6),
    (0x00A8, 0x00A9),
    (0x00AC, 0x00AC),
    (0x00AE, 0x00B1),
    (0x00B4, 0x00B4),
    (0x00B8, 0x00B8),
    (0x00D7, 0x00D7),
    (0x00F7, 0x00F7),
    (0x02C2, 0x02C5),
    (0x02D2, 0x02DF),
    (0x02E5, 0x02EB),
    (0x02ED, 0x02ED),
    (0x02EF, 0x02FF),
    (0x0375, 0x0375),
    (0x0384, 0x0385),
    (0x03F6, 0x03F6),
    (0x0482, 0x0482),
    (0x058D, 0x058F),
    (0x0606, 0x0608),
    (0x060B, 0x060B),
    (0x060E, 0x060F),
    (0x06DE, 0x06DE),
    (0x06E9, 0x06E9),
    (0x06FD, 0x06FE),
    (0x07F6, 0x07F6),
    (0x07FE, 0x07FF),
    (0x0888, 0x0888),
    (0x09F2, 0x09F3),
    (0x09FA, 0x09FB),
    (0x0AF1, 0x0AF1),
    (0x0B70, 0x0B70),
    (0x0BF3, 0x0BFA),
    (0x0C7F, 0x0C7F),
    (0x0D4F, 0x0D4F),
    (0x0D79, 0x0D79),
    (0x0E3F, 0x0E3F),
    (0x0F01, 0x0F03),
    (0x0F13, 0x0F13),
    (0x0F15, 0x0F17),
    (0x0F1A, 0x0F1F),
    (0x0F34, 0x0F34),
    (0x0F36, 0x0F36),
    (0x0F38, 0x0F38),
    (0x0FBE, 0x0FC5),
    (0x0FC7, 0x0FCC),
    (0x0FCE, 0x0FCF),
    (0x0FD5, 0x0FD8),
    (0x109E, 0x109F),
    (0x1390, 0x1399),
    (0x166D, 0x166D),
    (0x17DB, 0x17DB),
    (0x1940, 0x1940),
    (0x19DE, 0x19FF),
    (0x1B61, 0x1B6A),
    (0x1B74, 0x1B7C),
    (0x1FBD, 0x1FBD),
    (0x1FBF, 0x1FC1),
    (0x1FCD, 0x1FCF),
    (0x1FDD, 0x1FDF),
    (0x1FED, 0x1FEF),
    (0x1FFD, 0x1FFE),
    (0x2044, 0x2044),
    (0x2052, 0x2052),
    (0x207A, 0x207C),
    (0x208A, 0x208C),
    (0x20A0, 0x20C1),
    (0x2100, 0x2101),
    (0x2103, 0x2106),
    (0x2108, 0x2109),
    (0x2114, 0x2114),
    (0x2116, 0x2118),
    (0x211E, 0x2123),
    (0x2125, 0x2125),
    (0x2127, 0x2127),
    (0x2129, 0x2129),
    (0x212E, 0x212E),
    (0x213A, 0x213B),
    (0x2140, 0x2144),
    (0x214A, 0x214D),
    (0x214F, 0x214F),
    (0x218A, 0x218B),
    (0x2190, 0x2307),
    (0x230C, 0x2328),
    (0x232B, 0x2429),
    (0x2440, 0x244A),
    (0x249C, 0x24E9),
    (0x2500, 0x2767),
    (0x2794, 0x27C4),
    (0x27C7, 0x27E5),
    (0x27F0, 0x2982),
    (0x2999, 0x29D7),
    (0x29DC, 0x29FB),
    (0x29FE, 0x2B73),
    (0x2B76, 0x2BFF),
    (0x2CE5, 0x2CEA),
    (0x2E50, 0x2E51),
    (0x2E80, 0x2E99),
    (0x2E9B, 0x2EF3),
    (0x2F00, 0x2FD5),
    (0x2FF0, 0x2FFF),
    (0x3004, 0x3004),
    (0x3012, 0x3013),
    (0x3020, 0x3020),
    (0x3036, 0x3037),
    (0x303E, 0x303F),
    (0x309B, 0x309C),
    (0x3190, 0x3191),
    (0x3196, 0x319F),
    (0x31C0, 0x31E5),
    (0x31EF, 0x31EF),
    (0x3200, 0x321E),
    (0x322A, 0x3247),
    (0x3250, 0x3250),
    (0x3260, 0x327F),
    (0x328A, 0x32B0),
    (0x32C0, 0x33FF),
    (0x4DC0, 0x4DFF),
    (0xA490, 0xA4C6),
    (0xA700, 0xA716),
    (0xA720, 0xA721),
    (0xA789, 0xA78A),
    (0xA828, 0xA82B),
    (0xA836, 0xA839),
    (0xAA77, 0xAA79),
    (0xAB5B, 0xAB5B),
    (0xAB6A, 0xAB6B),
    (0xFB29, 0xFB29),
    (0xFBB2, 0xFBD2),
    (0xFD40, 0xFD4F),
    (0xFD90, 0xFD91),
    (0xFDC8, 0xFDCF),
    (0xFDFC, 0xFDFF),
    (0xFE62, 0xFE62),
    (0xFE64, 0xFE66),
    (0xFE69, 0xFE69),
    (0xFF04, 0xFF04),
    (0xFF0B, 0xFF0B),
    (0xFF1C, 0xFF1E),
    (0xFF3E, 0xFF3E),
    (0xFF40, 0xFF40),
    (0xFF5C, 0xFF5C),
    (0xFF5E, 0xFF5E),
    (0xFFE0, 0xFFE6),
    (0xFFE8, 0xFFEE),
    (0xFFFC, 0xFFFD),
    (0x10137, 0x1013F),
    (0x10179, 0x10189),
    (0x1018C, 0x1018E),
    (0x10190, 0x1019C),
    (0x101A0, 0x101A0),
    (0x101D0, 0x101FC),
    (0x10877, 0x10878),
    (0x10AC8, 0x10AC8),
    (0x10D8E, 0x10D8F),
    (0x10ED1, 0x10ED8),
    (0x1173F, 0x1173F),
    (0x11FD5, 0x11FF1),
    (0x16B3C, 0x16B3F),
    (0x16B45, 0x16B45),
    (0x1BC9C, 0x1BC9C),
    (0x1CC00, 0x1CCEF),
    (0x1CCFA, 0x1CCFC),
    (0x1CD00, 0x1CEB3),
    (0x1CEBA, 0x1CED0),
    (0x1CEE0, 0x1CEF0),
    (0x1CF50, 0x1CFC3),
    (0x1D000, 0x1D0F5),
    (0x1D100, 0x1D126),
    (0x1D129, 0x1D164),
    (0x1D16A, 0x1D16C),
    (0x1D183, 0x1D184),
    (0x1D18C, 0x1D1A9),
    (0x1D1AE, 0x1D1EA),
    (0x1D200, 0x1D241),
    (0x1D245, 0x1D245),
    (0x1D300, 0x1D356),
    (0x1D6C1, 0x1D6C1),
    (0x1D6DB, 0x1D6DB),
    (0x1D6FB, 0x1D6FB),
    (0x1D715, 0x1D715),
    (0x1D735, 0x1D735),
    (0x1D74F, 0x1D74F),
    (0x1D76F, 0x1D76F),
    (0x1D789, 0x1D789),
    (0x1D7A9, 0x1D7A9),
    (0x1D7C3, 0x1D7C3),
    (0x1D800, 0x1D9FF),
    (0x1DA37, 0x1DA3A),
    (0x1DA6D, 0x1DA74),
    (0x1DA76, 0x1DA83),
    (0x1DA85, 0x1DA86),
    (0x1E14F, 0x1E14F),
    (0x1E2FF, 0x1E2FF),
    (0x1ECAC, 0x1ECAC),
    (0x1ECB0, 0x1ECB0),
    (0x1ED2E, 0x1ED2E),
    (0x1EEF0, 0x1EEF1),
    (0x1F000, 0x1F02B),
    (0x1F030, 0x1F093),
    (0x1F0A0, 0x1F0AE),
    (0x1F0B1, 0x1F0BF),
    (0x1F0C1, 0x1F0CF),
    (0x1F0D1, 0x1F0F5),
    (0x1F10D, 0x1F1AD),
    (0x1F1E6, 0x1F202),
    (0x1F210, 0x1F23B),
    (0x1F240, 0x1F248),
    (0x1F250, 0x1F251),
    (0x1F260, 0x1F265),
    (0x1F300, 0x1F6D8),
    (0x1F6DC, 0x1F6EC),
    (0x1F6F0, 0x1F6FC),
    (0x1F700, 0x1F7D9),
    (0x1F7E0, 0x1F7EB),
    (0x1F7F0, 0x1F7F0),
    (0x1F800, 0x1F80B),
    (0x1F810, 0x1F847),
    (0x1F850, 0x1F859),
    (0x1F860, 0x1F887),
    (0x1F890, 0x1F8AD),
    (0x1F8B0, 0x1F8BB),
    (0x1F8C0, 0x1F8C1),
    (0x1F8D0, 0x1F8D8),
    (0x1F900, 0x1FA57),
    (0x1FA60, 0x1FA6D),
    (0x1FA70, 0x1FA7C),
    (0x1FA80, 0x1FA8A),
    (0x1FA8E, 0x1FAC6),
    (0x1FAC8, 0x1FAC8),
    (0x1FACD, 0x1FADC),
    (0x1FADF, 0x1FAEA),
    (0x1FAEF, 0x1FAF8),
    (0x1FB00, 0x1FB92),
    (0x1FB94, 0x1FBEF),
    (0x1FBFA, 0x1FBFA),
];

/// `\p{General_Category_-_Titlecase_Letter}` (from the test262 fixtures).
pub const GENERAL_CATEGORY___TITLECASE_LETTER: &[(u32, u32)] = &[
    (0x01C5, 0x01C5),
    (0x01C8, 0x01C8),
    (0x01CB, 0x01CB),
    (0x01F2, 0x01F2),
    (0x1F88, 0x1F8F),
    (0x1F98, 0x1F9F),
    (0x1FA8, 0x1FAF),
    (0x1FBC, 0x1FBC),
    (0x1FCC, 0x1FCC),
    (0x1FFC, 0x1FFC),
];

/// `\p{General_Category_-_Unassigned}` (from the test262 fixtures).
pub const GENERAL_CATEGORY___UNASSIGNED: &[(u32, u32)] = &[
    (0x0378, 0x0379),
    (0x0380, 0x0383),
    (0x038B, 0x038B),
    (0x038D, 0x038D),
    (0x03A2, 0x03A2),
    (0x0530, 0x0530),
    (0x0557, 0x0558),
    (0x058B, 0x058C),
    (0x0590, 0x0590),
    (0x05C8, 0x05CF),
    (0x05EB, 0x05EE),
    (0x05F5, 0x05FF),
    (0x070E, 0x070E),
    (0x074B, 0x074C),
    (0x07B2, 0x07BF),
    (0x07FB, 0x07FC),
    (0x082E, 0x082F),
    (0x083F, 0x083F),
    (0x085C, 0x085D),
    (0x085F, 0x085F),
    (0x086B, 0x086F),
    (0x0892, 0x0896),
    (0x0984, 0x0984),
    (0x098D, 0x098E),
    (0x0991, 0x0992),
    (0x09A9, 0x09A9),
    (0x09B1, 0x09B1),
    (0x09B3, 0x09B5),
    (0x09BA, 0x09BB),
    (0x09C5, 0x09C6),
    (0x09C9, 0x09CA),
    (0x09CF, 0x09D6),
    (0x09D8, 0x09DB),
    (0x09DE, 0x09DE),
    (0x09E4, 0x09E5),
    (0x09FF, 0x0A00),
    (0x0A04, 0x0A04),
    (0x0A0B, 0x0A0E),
    (0x0A11, 0x0A12),
    (0x0A29, 0x0A29),
    (0x0A31, 0x0A31),
    (0x0A34, 0x0A34),
    (0x0A37, 0x0A37),
    (0x0A3A, 0x0A3B),
    (0x0A3D, 0x0A3D),
    (0x0A43, 0x0A46),
    (0x0A49, 0x0A4A),
    (0x0A4E, 0x0A50),
    (0x0A52, 0x0A58),
    (0x0A5D, 0x0A5D),
    (0x0A5F, 0x0A65),
    (0x0A77, 0x0A80),
    (0x0A84, 0x0A84),
    (0x0A8E, 0x0A8E),
    (0x0A92, 0x0A92),
    (0x0AA9, 0x0AA9),
    (0x0AB1, 0x0AB1),
    (0x0AB4, 0x0AB4),
    (0x0ABA, 0x0ABB),
    (0x0AC6, 0x0AC6),
    (0x0ACA, 0x0ACA),
    (0x0ACE, 0x0ACF),
    (0x0AD1, 0x0ADF),
    (0x0AE4, 0x0AE5),
    (0x0AF2, 0x0AF8),
    (0x0B00, 0x0B00),
    (0x0B04, 0x0B04),
    (0x0B0D, 0x0B0E),
    (0x0B11, 0x0B12),
    (0x0B29, 0x0B29),
    (0x0B31, 0x0B31),
    (0x0B34, 0x0B34),
    (0x0B3A, 0x0B3B),
    (0x0B45, 0x0B46),
    (0x0B49, 0x0B4A),
    (0x0B4E, 0x0B54),
    (0x0B58, 0x0B5B),
    (0x0B5E, 0x0B5E),
    (0x0B64, 0x0B65),
    (0x0B78, 0x0B81),
    (0x0B84, 0x0B84),
    (0x0B8B, 0x0B8D),
    (0x0B91, 0x0B91),
    (0x0B96, 0x0B98),
    (0x0B9B, 0x0B9B),
    (0x0B9D, 0x0B9D),
    (0x0BA0, 0x0BA2),
    (0x0BA5, 0x0BA7),
    (0x0BAB, 0x0BAD),
    (0x0BBA, 0x0BBD),
    (0x0BC3, 0x0BC5),
    (0x0BC9, 0x0BC9),
    (0x0BCE, 0x0BCF),
    (0x0BD1, 0x0BD6),
    (0x0BD8, 0x0BE5),
    (0x0BFB, 0x0BFF),
    (0x0C0D, 0x0C0D),
    (0x0C11, 0x0C11),
    (0x0C29, 0x0C29),
    (0x0C3A, 0x0C3B),
    (0x0C45, 0x0C45),
    (0x0C49, 0x0C49),
    (0x0C4E, 0x0C54),
    (0x0C57, 0x0C57),
    (0x0C5B, 0x0C5B),
    (0x0C5E, 0x0C5F),
    (0x0C64, 0x0C65),
    (0x0C70, 0x0C76),
    (0x0C8D, 0x0C8D),
    (0x0C91, 0x0C91),
    (0x0CA9, 0x0CA9),
    (0x0CB4, 0x0CB4),
    (0x0CBA, 0x0CBB),
    (0x0CC5, 0x0CC5),
    (0x0CC9, 0x0CC9),
    (0x0CCE, 0x0CD4),
    (0x0CD7, 0x0CDB),
    (0x0CDF, 0x0CDF),
    (0x0CE4, 0x0CE5),
    (0x0CF0, 0x0CF0),
    (0x0CF4, 0x0CFF),
    (0x0D0D, 0x0D0D),
    (0x0D11, 0x0D11),
    (0x0D45, 0x0D45),
    (0x0D49, 0x0D49),
    (0x0D50, 0x0D53),
    (0x0D64, 0x0D65),
    (0x0D80, 0x0D80),
    (0x0D84, 0x0D84),
    (0x0D97, 0x0D99),
    (0x0DB2, 0x0DB2),
    (0x0DBC, 0x0DBC),
    (0x0DBE, 0x0DBF),
    (0x0DC7, 0x0DC9),
    (0x0DCB, 0x0DCE),
    (0x0DD5, 0x0DD5),
    (0x0DD7, 0x0DD7),
    (0x0DE0, 0x0DE5),
    (0x0DF0, 0x0DF1),
    (0x0DF5, 0x0E00),
    (0x0E3B, 0x0E3E),
    (0x0E5C, 0x0E80),
    (0x0E83, 0x0E83),
    (0x0E85, 0x0E85),
    (0x0E8B, 0x0E8B),
    (0x0EA4, 0x0EA4),
    (0x0EA6, 0x0EA6),
    (0x0EBE, 0x0EBF),
    (0x0EC5, 0x0EC5),
    (0x0EC7, 0x0EC7),
    (0x0ECF, 0x0ECF),
    (0x0EDA, 0x0EDB),
    (0x0EE0, 0x0EFF),
    (0x0F48, 0x0F48),
    (0x0F6D, 0x0F70),
    (0x0F98, 0x0F98),
    (0x0FBD, 0x0FBD),
    (0x0FCD, 0x0FCD),
    (0x0FDB, 0x0FFF),
    (0x10C6, 0x10C6),
    (0x10C8, 0x10CC),
    (0x10CE, 0x10CF),
    (0x1249, 0x1249),
    (0x124E, 0x124F),
    (0x1257, 0x1257),
    (0x1259, 0x1259),
    (0x125E, 0x125F),
    (0x1289, 0x1289),
    (0x128E, 0x128F),
    (0x12B1, 0x12B1),
    (0x12B6, 0x12B7),
    (0x12BF, 0x12BF),
    (0x12C1, 0x12C1),
    (0x12C6, 0x12C7),
    (0x12D7, 0x12D7),
    (0x1311, 0x1311),
    (0x1316, 0x1317),
    (0x135B, 0x135C),
    (0x137D, 0x137F),
    (0x139A, 0x139F),
    (0x13F6, 0x13F7),
    (0x13FE, 0x13FF),
    (0x169D, 0x169F),
    (0x16F9, 0x16FF),
    (0x1716, 0x171E),
    (0x1737, 0x173F),
    (0x1754, 0x175F),
    (0x176D, 0x176D),
    (0x1771, 0x1771),
    (0x1774, 0x177F),
    (0x17DE, 0x17DF),
    (0x17EA, 0x17EF),
    (0x17FA, 0x17FF),
    (0x181A, 0x181F),
    (0x1879, 0x187F),
    (0x18AB, 0x18AF),
    (0x18F6, 0x18FF),
    (0x191F, 0x191F),
    (0x192C, 0x192F),
    (0x193C, 0x193F),
    (0x1941, 0x1943),
    (0x196E, 0x196F),
    (0x1975, 0x197F),
    (0x19AC, 0x19AF),
    (0x19CA, 0x19CF),
    (0x19DB, 0x19DD),
    (0x1A1C, 0x1A1D),
    (0x1A5F, 0x1A5F),
    (0x1A7D, 0x1A7E),
    (0x1A8A, 0x1A8F),
    (0x1A9A, 0x1A9F),
    (0x1AAE, 0x1AAF),
    (0x1ADE, 0x1ADF),
    (0x1AEC, 0x1AFF),
    (0x1B4D, 0x1B4D),
    (0x1BF4, 0x1BFB),
    (0x1C38, 0x1C3A),
    (0x1C4A, 0x1C4C),
    (0x1C8B, 0x1C8F),
    (0x1CBB, 0x1CBC),
    (0x1CC8, 0x1CCF),
    (0x1CFB, 0x1CFF),
    (0x1F16, 0x1F17),
    (0x1F1E, 0x1F1F),
    (0x1F46, 0x1F47),
    (0x1F4E, 0x1F4F),
    (0x1F58, 0x1F58),
    (0x1F5A, 0x1F5A),
    (0x1F5C, 0x1F5C),
    (0x1F5E, 0x1F5E),
    (0x1F7E, 0x1F7F),
    (0x1FB5, 0x1FB5),
    (0x1FC5, 0x1FC5),
    (0x1FD4, 0x1FD5),
    (0x1FDC, 0x1FDC),
    (0x1FF0, 0x1FF1),
    (0x1FF5, 0x1FF5),
    (0x1FFF, 0x1FFF),
    (0x2065, 0x2065),
    (0x2072, 0x2073),
    (0x208F, 0x208F),
    (0x209D, 0x209F),
    (0x20C2, 0x20CF),
    (0x20F1, 0x20FF),
    (0x218C, 0x218F),
    (0x242A, 0x243F),
    (0x244B, 0x245F),
    (0x2B74, 0x2B75),
    (0x2CF4, 0x2CF8),
    (0x2D26, 0x2D26),
    (0x2D28, 0x2D2C),
    (0x2D2E, 0x2D2F),
    (0x2D68, 0x2D6E),
    (0x2D71, 0x2D7E),
    (0x2D97, 0x2D9F),
    (0x2DA7, 0x2DA7),
    (0x2DAF, 0x2DAF),
    (0x2DB7, 0x2DB7),
    (0x2DBF, 0x2DBF),
    (0x2DC7, 0x2DC7),
    (0x2DCF, 0x2DCF),
    (0x2DD7, 0x2DD7),
    (0x2DDF, 0x2DDF),
    (0x2E5E, 0x2E7F),
    (0x2E9A, 0x2E9A),
    (0x2EF4, 0x2EFF),
    (0x2FD6, 0x2FEF),
    (0x3040, 0x3040),
    (0x3097, 0x3098),
    (0x3100, 0x3104),
    (0x3130, 0x3130),
    (0x318F, 0x318F),
    (0x31E6, 0x31EE),
    (0x321F, 0x321F),
    (0xA48D, 0xA48F),
    (0xA4C7, 0xA4CF),
    (0xA62C, 0xA63F),
    (0xA6F8, 0xA6FF),
    (0xA7DD, 0xA7F0),
    (0xA82D, 0xA82F),
    (0xA83A, 0xA83F),
    (0xA878, 0xA87F),
    (0xA8C6, 0xA8CD),
    (0xA8DA, 0xA8DF),
    (0xA954, 0xA95E),
    (0xA97D, 0xA97F),
    (0xA9CE, 0xA9CE),
    (0xA9DA, 0xA9DD),
    (0xA9FF, 0xA9FF),
    (0xAA37, 0xAA3F),
    (0xAA4E, 0xAA4F),
    (0xAA5A, 0xAA5B),
    (0xAAC3, 0xAADA),
    (0xAAF7, 0xAB00),
    (0xAB07, 0xAB08),
    (0xAB0F, 0xAB10),
    (0xAB17, 0xAB1F),
    (0xAB27, 0xAB27),
    (0xAB2F, 0xAB2F),
    (0xAB6C, 0xAB6F),
    (0xABEE, 0xABEF),
    (0xABFA, 0xABFF),
    (0xD7A4, 0xD7AF),
    (0xD7C7, 0xD7CA),
    (0xD7FC, 0xD7FF),
    (0xFA6E, 0xFA6F),
    (0xFADA, 0xFAFF),
    (0xFB07, 0xFB12),
    (0xFB18, 0xFB1C),
    (0xFB37, 0xFB37),
    (0xFB3D, 0xFB3D),
    (0xFB3F, 0xFB3F),
    (0xFB42, 0xFB42),
    (0xFB45, 0xFB45),
    (0xFDD0, 0xFDEF),
    (0xFE1A, 0xFE1F),
    (0xFE53, 0xFE53),
    (0xFE67, 0xFE67),
    (0xFE6C, 0xFE6F),
    (0xFE75, 0xFE75),
    (0xFEFD, 0xFEFE),
    (0xFF00, 0xFF00),
    (0xFFBF, 0xFFC1),
    (0xFFC8, 0xFFC9),
    (0xFFD0, 0xFFD1),
    (0xFFD8, 0xFFD9),
    (0xFFDD, 0xFFDF),
    (0xFFE7, 0xFFE7),
    (0xFFEF, 0xFFF8),
    (0xFFFE, 0xFFFF),
    (0x1000C, 0x1000C),
    (0x10027, 0x10027),
    (0x1003B, 0x1003B),
    (0x1003E, 0x1003E),
    (0x1004E, 0x1004F),
    (0x1005E, 0x1007F),
    (0x100FB, 0x100FF),
    (0x10103, 0x10106),
    (0x10134, 0x10136),
    (0x1018F, 0x1018F),
    (0x1019D, 0x1019F),
    (0x101A1, 0x101CF),
    (0x101FE, 0x1027F),
    (0x1029D, 0x1029F),
    (0x102D1, 0x102DF),
    (0x102FC, 0x102FF),
    (0x10324, 0x1032C),
    (0x1034B, 0x1034F),
    (0x1037B, 0x1037F),
    (0x1039E, 0x1039E),
    (0x103C4, 0x103C7),
    (0x103D6, 0x103FF),
    (0x1049E, 0x1049F),
    (0x104AA, 0x104AF),
    (0x104D4, 0x104D7),
    (0x104FC, 0x104FF),
    (0x10528, 0x1052F),
    (0x10564, 0x1056E),
    (0x1057B, 0x1057B),
    (0x1058B, 0x1058B),
    (0x10593, 0x10593),
    (0x10596, 0x10596),
    (0x105A2, 0x105A2),
    (0x105B2, 0x105B2),
    (0x105BA, 0x105BA),
    (0x105BD, 0x105BF),
    (0x105F4, 0x105FF),
    (0x10737, 0x1073F),
    (0x10756, 0x1075F),
    (0x10768, 0x1077F),
    (0x10786, 0x10786),
    (0x107B1, 0x107B1),
    (0x107BB, 0x107FF),
    (0x10806, 0x10807),
    (0x10809, 0x10809),
    (0x10836, 0x10836),
    (0x10839, 0x1083B),
    (0x1083D, 0x1083E),
    (0x10856, 0x10856),
    (0x1089F, 0x108A6),
    (0x108B0, 0x108DF),
    (0x108F3, 0x108F3),
    (0x108F6, 0x108FA),
    (0x1091C, 0x1091E),
    (0x1093A, 0x1093E),
    (0x1095A, 0x1097F),
    (0x109B8, 0x109BB),
    (0x109D0, 0x109D1),
    (0x10A04, 0x10A04),
    (0x10A07, 0x10A0B),
    (0x10A14, 0x10A14),
    (0x10A18, 0x10A18),
    (0x10A36, 0x10A37),
    (0x10A3B, 0x10A3E),
    (0x10A49, 0x10A4F),
    (0x10A59, 0x10A5F),
    (0x10AA0, 0x10ABF),
    (0x10AE7, 0x10AEA),
    (0x10AF7, 0x10AFF),
    (0x10B36, 0x10B38),
    (0x10B56, 0x10B57),
    (0x10B73, 0x10B77),
    (0x10B92, 0x10B98),
    (0x10B9D, 0x10BA8),
    (0x10BB0, 0x10BFF),
    (0x10C49, 0x10C7F),
    (0x10CB3, 0x10CBF),
    (0x10CF3, 0x10CF9),
    (0x10D28, 0x10D2F),
    (0x10D3A, 0x10D3F),
    (0x10D66, 0x10D68),
    (0x10D86, 0x10D8D),
    (0x10D90, 0x10E5F),
    (0x10E7F, 0x10E7F),
    (0x10EAA, 0x10EAA),
    (0x10EAE, 0x10EAF),
    (0x10EB2, 0x10EC1),
    (0x10EC8, 0x10ECF),
    (0x10ED9, 0x10EF9),
    (0x10F28, 0x10F2F),
    (0x10F5A, 0x10F6F),
    (0x10F8A, 0x10FAF),
    (0x10FCC, 0x10FDF),
    (0x10FF7, 0x10FFF),
    (0x1104E, 0x11051),
    (0x11076, 0x1107E),
    (0x110C3, 0x110CC),
    (0x110CE, 0x110CF),
    (0x110E9, 0x110EF),
    (0x110FA, 0x110FF),
    (0x11135, 0x11135),
    (0x11148, 0x1114F),
    (0x11177, 0x1117F),
    (0x111E0, 0x111E0),
    (0x111F5, 0x111FF),
    (0x11212, 0x11212),
    (0x11242, 0x1127F),
    (0x11287, 0x11287),
    (0x11289, 0x11289),
    (0x1128E, 0x1128E),
    (0x1129E, 0x1129E),
    (0x112AA, 0x112AF),
    (0x112EB, 0x112EF),
    (0x112FA, 0x112FF),
    (0x11304, 0x11304),
    (0x1130D, 0x1130E),
    (0x11311, 0x11312),
    (0x11329, 0x11329),
    (0x11331, 0x11331),
    (0x11334, 0x11334),
    (0x1133A, 0x1133A),
    (0x11345, 0x11346),
    (0x11349, 0x1134A),
    (0x1134E, 0x1134F),
    (0x11351, 0x11356),
    (0x11358, 0x1135C),
    (0x11364, 0x11365),
    (0x1136D, 0x1136F),
    (0x11375, 0x1137F),
    (0x1138A, 0x1138A),
    (0x1138C, 0x1138D),
    (0x1138F, 0x1138F),
    (0x113B6, 0x113B6),
    (0x113C1, 0x113C1),
    (0x113C3, 0x113C4),
    (0x113C6, 0x113C6),
    (0x113CB, 0x113CB),
    (0x113D6, 0x113D6),
    (0x113D9, 0x113E0),
    (0x113E3, 0x113FF),
    (0x1145C, 0x1145C),
    (0x11462, 0x1147F),
    (0x114C8, 0x114CF),
    (0x114DA, 0x1157F),
    (0x115B6, 0x115B7),
    (0x115DE, 0x115FF),
    (0x11645, 0x1164F),
    (0x1165A, 0x1165F),
    (0x1166D, 0x1167F),
    (0x116BA, 0x116BF),
    (0x116CA, 0x116CF),
    (0x116E4, 0x116FF),
    (0x1171B, 0x1171C),
    (0x1172C, 0x1172F),
    (0x11747, 0x117FF),
    (0x1183C, 0x1189F),
    (0x118F3, 0x118FE),
    (0x11907, 0x11908),
    (0x1190A, 0x1190B),
    (0x11914, 0x11914),
    (0x11917, 0x11917),
    (0x11936, 0x11936),
    (0x11939, 0x1193A),
    (0x11947, 0x1194F),
    (0x1195A, 0x1199F),
    (0x119A8, 0x119A9),
    (0x119D8, 0x119D9),
    (0x119E5, 0x119FF),
    (0x11A48, 0x11A4F),
    (0x11AA3, 0x11AAF),
    (0x11AF9, 0x11AFF),
    (0x11B0A, 0x11B5F),
    (0x11B68, 0x11BBF),
    (0x11BE2, 0x11BEF),
    (0x11BFA, 0x11BFF),
    (0x11C09, 0x11C09),
    (0x11C37, 0x11C37),
    (0x11C46, 0x11C4F),
    (0x11C6D, 0x11C6F),
    (0x11C90, 0x11C91),
    (0x11CA8, 0x11CA8),
    (0x11CB7, 0x11CFF),
    (0x11D07, 0x11D07),
    (0x11D0A, 0x11D0A),
    (0x11D37, 0x11D39),
    (0x11D3B, 0x11D3B),
    (0x11D3E, 0x11D3E),
    (0x11D48, 0x11D4F),
    (0x11D5A, 0x11D5F),
    (0x11D66, 0x11D66),
    (0x11D69, 0x11D69),
    (0x11D8F, 0x11D8F),
    (0x11D92, 0x11D92),
    (0x11D99, 0x11D9F),
    (0x11DAA, 0x11DAF),
    (0x11DDC, 0x11DDF),
    (0x11DEA, 0x11EDF),
    (0x11EF9, 0x11EFF),
    (0x11F11, 0x11F11),
    (0x11F3B, 0x11F3D),
    (0x11F5B, 0x11FAF),
    (0x11FB1, 0x11FBF),
    (0x11FF2, 0x11FFE),
    (0x1239A, 0x123FF),
    (0x1246F, 0x1246F),
    (0x12475, 0x1247F),
    (0x12544, 0x12F8F),
    (0x12FF3, 0x12FFF),
    (0x13456, 0x1345F),
    (0x143FB, 0x143FF),
    (0x14647, 0x160FF),
    (0x1613A, 0x167FF),
    (0x16A39, 0x16A3F),
    (0x16A5F, 0x16A5F),
    (0x16A6A, 0x16A6D),
    (0x16ABF, 0x16ABF),
    (0x16ACA, 0x16ACF),
    (0x16AEE, 0x16AEF),
    (0x16AF6, 0x16AFF),
    (0x16B46, 0x16B4F),
    (0x16B5A, 0x16B5A),
    (0x16B62, 0x16B62),
    (0x16B78, 0x16B7C),
    (0x16B90, 0x16D3F),
    (0x16D7A, 0x16E3F),
    (0x16E9B, 0x16E9F),
    (0x16EB9, 0x16EBA),
    (0x16ED4, 0x16EFF),
    (0x16F4B, 0x16F4E),
    (0x16F88, 0x16F8E),
    (0x16FA0, 0x16FDF),
    (0x16FE5, 0x16FEF),
    (0x16FF7, 0x16FFF),
    (0x18CD6, 0x18CFE),
    (0x18D1F, 0x18D7F),
    (0x18DF3, 0x1AFEF),
    (0x1AFF4, 0x1AFF4),
    (0x1AFFC, 0x1AFFC),
    (0x1AFFF, 0x1AFFF),
    (0x1B123, 0x1B131),
    (0x1B133, 0x1B14F),
    (0x1B153, 0x1B154),
    (0x1B156, 0x1B163),
    (0x1B168, 0x1B16F),
    (0x1B2FC, 0x1BBFF),
    (0x1BC6B, 0x1BC6F),
    (0x1BC7D, 0x1BC7F),
    (0x1BC89, 0x1BC8F),
    (0x1BC9A, 0x1BC9B),
    (0x1BCA4, 0x1CBFF),
    (0x1CCFD, 0x1CCFF),
    (0x1CEB4, 0x1CEB9),
    (0x1CED1, 0x1CEDF),
    (0x1CEF1, 0x1CEFF),
    (0x1CF2E, 0x1CF2F),
    (0x1CF47, 0x1CF4F),
    (0x1CFC4, 0x1CFFF),
    (0x1D0F6, 0x1D0FF),
    (0x1D127, 0x1D128),
    (0x1D1EB, 0x1D1FF),
    (0x1D246, 0x1D2BF),
    (0x1D2D4, 0x1D2DF),
    (0x1D2F4, 0x1D2FF),
    (0x1D357, 0x1D35F),
    (0x1D379, 0x1D3FF),
    (0x1D455, 0x1D455),
    (0x1D49D, 0x1D49D),
    (0x1D4A0, 0x1D4A1),
    (0x1D4A3, 0x1D4A4),
    (0x1D4A7, 0x1D4A8),
    (0x1D4AD, 0x1D4AD),
    (0x1D4BA, 0x1D4BA),
    (0x1D4BC, 0x1D4BC),
    (0x1D4C4, 0x1D4C4),
    (0x1D506, 0x1D506),
    (0x1D50B, 0x1D50C),
    (0x1D515, 0x1D515),
    (0x1D51D, 0x1D51D),
    (0x1D53A, 0x1D53A),
    (0x1D53F, 0x1D53F),
    (0x1D545, 0x1D545),
    (0x1D547, 0x1D549),
    (0x1D551, 0x1D551),
    (0x1D6A6, 0x1D6A7),
    (0x1D7CC, 0x1D7CD),
    (0x1DA8C, 0x1DA9A),
    (0x1DAA0, 0x1DAA0),
    (0x1DAB0, 0x1DEFF),
    (0x1DF1F, 0x1DF24),
    (0x1DF2B, 0x1DFFF),
    (0x1E007, 0x1E007),
    (0x1E019, 0x1E01A),
    (0x1E022, 0x1E022),
    (0x1E025, 0x1E025),
    (0x1E02B, 0x1E02F),
    (0x1E06E, 0x1E08E),
    (0x1E090, 0x1E0FF),
    (0x1E12D, 0x1E12F),
    (0x1E13E, 0x1E13F),
    (0x1E14A, 0x1E14D),
    (0x1E150, 0x1E28F),
    (0x1E2AF, 0x1E2BF),
    (0x1E2FA, 0x1E2FE),
    (0x1E300, 0x1E4CF),
    (0x1E4FA, 0x1E5CF),
    (0x1E5FB, 0x1E5FE),
    (0x1E600, 0x1E6BF),
    (0x1E6DF, 0x1E6DF),
    (0x1E6F6, 0x1E6FD),
    (0x1E700, 0x1E7DF),
    (0x1E7E7, 0x1E7E7),
    (0x1E7EC, 0x1E7EC),
    (0x1E7EF, 0x1E7EF),
    (0x1E7FF, 0x1E7FF),
    (0x1E8C5, 0x1E8C6),
    (0x1E8D7, 0x1E8FF),
    (0x1E94C, 0x1E94F),
    (0x1E95A, 0x1E95D),
    (0x1E960, 0x1EC70),
    (0x1ECB5, 0x1ED00),
    (0x1ED3E, 0x1EDFF),
    (0x1EE04, 0x1EE04),
    (0x1EE20, 0x1EE20),
    (0x1EE23, 0x1EE23),
    (0x1EE25, 0x1EE26),
    (0x1EE28, 0x1EE28),
    (0x1EE33, 0x1EE33),
    (0x1EE38, 0x1EE38),
    (0x1EE3A, 0x1EE3A),
    (0x1EE3C, 0x1EE41),
    (0x1EE43, 0x1EE46),
    (0x1EE48, 0x1EE48),
    (0x1EE4A, 0x1EE4A),
    (0x1EE4C, 0x1EE4C),
    (0x1EE50, 0x1EE50),
    (0x1EE53, 0x1EE53),
    (0x1EE55, 0x1EE56),
    (0x1EE58, 0x1EE58),
    (0x1EE5A, 0x1EE5A),
    (0x1EE5C, 0x1EE5C),
    (0x1EE5E, 0x1EE5E),
    (0x1EE60, 0x1EE60),
    (0x1EE63, 0x1EE63),
    (0x1EE65, 0x1EE66),
    (0x1EE6B, 0x1EE6B),
    (0x1EE73, 0x1EE73),
    (0x1EE78, 0x1EE78),
    (0x1EE7D, 0x1EE7D),
    (0x1EE7F, 0x1EE7F),
    (0x1EE8A, 0x1EE8A),
    (0x1EE9C, 0x1EEA0),
    (0x1EEA4, 0x1EEA4),
    (0x1EEAA, 0x1EEAA),
    (0x1EEBC, 0x1EEEF),
    (0x1EEF2, 0x1EFFF),
    (0x1F02C, 0x1F02F),
    (0x1F094, 0x1F09F),
    (0x1F0AF, 0x1F0B0),
    (0x1F0C0, 0x1F0C0),
    (0x1F0D0, 0x1F0D0),
    (0x1F0F6, 0x1F0FF),
    (0x1F1AE, 0x1F1E5),
    (0x1F203, 0x1F20F),
    (0x1F23C, 0x1F23F),
    (0x1F249, 0x1F24F),
    (0x1F252, 0x1F25F),
    (0x1F266, 0x1F2FF),
    (0x1F6D9, 0x1F6DB),
    (0x1F6ED, 0x1F6EF),
    (0x1F6FD, 0x1F6FF),
    (0x1F7DA, 0x1F7DF),
    (0x1F7EC, 0x1F7EF),
    (0x1F7F1, 0x1F7FF),
    (0x1F80C, 0x1F80F),
    (0x1F848, 0x1F84F),
    (0x1F85A, 0x1F85F),
    (0x1F888, 0x1F88F),
    (0x1F8AE, 0x1F8AF),
    (0x1F8BC, 0x1F8BF),
    (0x1F8C2, 0x1F8CF),
    (0x1F8D9, 0x1F8FF),
    (0x1FA58, 0x1FA5F),
    (0x1FA6E, 0x1FA6F),
    (0x1FA7D, 0x1FA7F),
    (0x1FA8B, 0x1FA8D),
    (0x1FAC7, 0x1FAC7),
    (0x1FAC9, 0x1FACC),
    (0x1FADD, 0x1FADE),
    (0x1FAEB, 0x1FAEE),
    (0x1FAF9, 0x1FAFF),
    (0x1FB93, 0x1FB93),
    (0x1FBFB, 0x1FFFF),
    (0x2A6E0, 0x2A6FF),
    (0x2B81E, 0x2B81F),
    (0x2CEAE, 0x2CEAF),
    (0x2EBE1, 0x2EBEF),
    (0x2EE5E, 0x2F7FF),
    (0x2FA1E, 0x2FFFF),
    (0x3134B, 0x3134F),
    (0x3347A, 0xE0000),
    (0xE0002, 0xE001F),
    (0xE0080, 0xE00FF),
    (0xE01F0, 0xEFFFF),
    (0xFFFFE, 0xFFFFF),
    (0x10FFFE, 0x10FFFF),
];

/// `\p{General_Category_-_Uppercase_Letter}` (from the test262 fixtures).
pub const GENERAL_CATEGORY___UPPERCASE_LETTER: &[(u32, u32)] = &[
    (0x0041, 0x005A),
    (0x00C0, 0x00D6),
    (0x00D8, 0x00DE),
    (0x0100, 0x0100),
    (0x0102, 0x0102),
    (0x0104, 0x0104),
    (0x0106, 0x0106),
    (0x0108, 0x0108),
    (0x010A, 0x010A),
    (0x010C, 0x010C),
    (0x010E, 0x010E),
    (0x0110, 0x0110),
    (0x0112, 0x0112),
    (0x0114, 0x0114),
    (0x0116, 0x0116),
    (0x0118, 0x0118),
    (0x011A, 0x011A),
    (0x011C, 0x011C),
    (0x011E, 0x011E),
    (0x0120, 0x0120),
    (0x0122, 0x0122),
    (0x0124, 0x0124),
    (0x0126, 0x0126),
    (0x0128, 0x0128),
    (0x012A, 0x012A),
    (0x012C, 0x012C),
    (0x012E, 0x012E),
    (0x0130, 0x0130),
    (0x0132, 0x0132),
    (0x0134, 0x0134),
    (0x0136, 0x0136),
    (0x0139, 0x0139),
    (0x013B, 0x013B),
    (0x013D, 0x013D),
    (0x013F, 0x013F),
    (0x0141, 0x0141),
    (0x0143, 0x0143),
    (0x0145, 0x0145),
    (0x0147, 0x0147),
    (0x014A, 0x014A),
    (0x014C, 0x014C),
    (0x014E, 0x014E),
    (0x0150, 0x0150),
    (0x0152, 0x0152),
    (0x0154, 0x0154),
    (0x0156, 0x0156),
    (0x0158, 0x0158),
    (0x015A, 0x015A),
    (0x015C, 0x015C),
    (0x015E, 0x015E),
    (0x0160, 0x0160),
    (0x0162, 0x0162),
    (0x0164, 0x0164),
    (0x0166, 0x0166),
    (0x0168, 0x0168),
    (0x016A, 0x016A),
    (0x016C, 0x016C),
    (0x016E, 0x016E),
    (0x0170, 0x0170),
    (0x0172, 0x0172),
    (0x0174, 0x0174),
    (0x0176, 0x0176),
    (0x0178, 0x0179),
    (0x017B, 0x017B),
    (0x017D, 0x017D),
    (0x0181, 0x0182),
    (0x0184, 0x0184),
    (0x0186, 0x0187),
    (0x0189, 0x018B),
    (0x018E, 0x0191),
    (0x0193, 0x0194),
    (0x0196, 0x0198),
    (0x019C, 0x019D),
    (0x019F, 0x01A0),
    (0x01A2, 0x01A2),
    (0x01A4, 0x01A4),
    (0x01A6, 0x01A7),
    (0x01A9, 0x01A9),
    (0x01AC, 0x01AC),
    (0x01AE, 0x01AF),
    (0x01B1, 0x01B3),
    (0x01B5, 0x01B5),
    (0x01B7, 0x01B8),
    (0x01BC, 0x01BC),
    (0x01C4, 0x01C4),
    (0x01C7, 0x01C7),
    (0x01CA, 0x01CA),
    (0x01CD, 0x01CD),
    (0x01CF, 0x01CF),
    (0x01D1, 0x01D1),
    (0x01D3, 0x01D3),
    (0x01D5, 0x01D5),
    (0x01D7, 0x01D7),
    (0x01D9, 0x01D9),
    (0x01DB, 0x01DB),
    (0x01DE, 0x01DE),
    (0x01E0, 0x01E0),
    (0x01E2, 0x01E2),
    (0x01E4, 0x01E4),
    (0x01E6, 0x01E6),
    (0x01E8, 0x01E8),
    (0x01EA, 0x01EA),
    (0x01EC, 0x01EC),
    (0x01EE, 0x01EE),
    (0x01F1, 0x01F1),
    (0x01F4, 0x01F4),
    (0x01F6, 0x01F8),
    (0x01FA, 0x01FA),
    (0x01FC, 0x01FC),
    (0x01FE, 0x01FE),
    (0x0200, 0x0200),
    (0x0202, 0x0202),
    (0x0204, 0x0204),
    (0x0206, 0x0206),
    (0x0208, 0x0208),
    (0x020A, 0x020A),
    (0x020C, 0x020C),
    (0x020E, 0x020E),
    (0x0210, 0x0210),
    (0x0212, 0x0212),
    (0x0214, 0x0214),
    (0x0216, 0x0216),
    (0x0218, 0x0218),
    (0x021A, 0x021A),
    (0x021C, 0x021C),
    (0x021E, 0x021E),
    (0x0220, 0x0220),
    (0x0222, 0x0222),
    (0x0224, 0x0224),
    (0x0226, 0x0226),
    (0x0228, 0x0228),
    (0x022A, 0x022A),
    (0x022C, 0x022C),
    (0x022E, 0x022E),
    (0x0230, 0x0230),
    (0x0232, 0x0232),
    (0x023A, 0x023B),
    (0x023D, 0x023E),
    (0x0241, 0x0241),
    (0x0243, 0x0246),
    (0x0248, 0x0248),
    (0x024A, 0x024A),
    (0x024C, 0x024C),
    (0x024E, 0x024E),
    (0x0370, 0x0370),
    (0x0372, 0x0372),
    (0x0376, 0x0376),
    (0x037F, 0x037F),
    (0x0386, 0x0386),
    (0x0388, 0x038A),
    (0x038C, 0x038C),
    (0x038E, 0x038F),
    (0x0391, 0x03A1),
    (0x03A3, 0x03AB),
    (0x03CF, 0x03CF),
    (0x03D2, 0x03D4),
    (0x03D8, 0x03D8),
    (0x03DA, 0x03DA),
    (0x03DC, 0x03DC),
    (0x03DE, 0x03DE),
    (0x03E0, 0x03E0),
    (0x03E2, 0x03E2),
    (0x03E4, 0x03E4),
    (0x03E6, 0x03E6),
    (0x03E8, 0x03E8),
    (0x03EA, 0x03EA),
    (0x03EC, 0x03EC),
    (0x03EE, 0x03EE),
    (0x03F4, 0x03F4),
    (0x03F7, 0x03F7),
    (0x03F9, 0x03FA),
    (0x03FD, 0x042F),
    (0x0460, 0x0460),
    (0x0462, 0x0462),
    (0x0464, 0x0464),
    (0x0466, 0x0466),
    (0x0468, 0x0468),
    (0x046A, 0x046A),
    (0x046C, 0x046C),
    (0x046E, 0x046E),
    (0x0470, 0x0470),
    (0x0472, 0x0472),
    (0x0474, 0x0474),
    (0x0476, 0x0476),
    (0x0478, 0x0478),
    (0x047A, 0x047A),
    (0x047C, 0x047C),
    (0x047E, 0x047E),
    (0x0480, 0x0480),
    (0x048A, 0x048A),
    (0x048C, 0x048C),
    (0x048E, 0x048E),
    (0x0490, 0x0490),
    (0x0492, 0x0492),
    (0x0494, 0x0494),
    (0x0496, 0x0496),
    (0x0498, 0x0498),
    (0x049A, 0x049A),
    (0x049C, 0x049C),
    (0x049E, 0x049E),
    (0x04A0, 0x04A0),
    (0x04A2, 0x04A2),
    (0x04A4, 0x04A4),
    (0x04A6, 0x04A6),
    (0x04A8, 0x04A8),
    (0x04AA, 0x04AA),
    (0x04AC, 0x04AC),
    (0x04AE, 0x04AE),
    (0x04B0, 0x04B0),
    (0x04B2, 0x04B2),
    (0x04B4, 0x04B4),
    (0x04B6, 0x04B6),
    (0x04B8, 0x04B8),
    (0x04BA, 0x04BA),
    (0x04BC, 0x04BC),
    (0x04BE, 0x04BE),
    (0x04C0, 0x04C1),
    (0x04C3, 0x04C3),
    (0x04C5, 0x04C5),
    (0x04C7, 0x04C7),
    (0x04C9, 0x04C9),
    (0x04CB, 0x04CB),
    (0x04CD, 0x04CD),
    (0x04D0, 0x04D0),
    (0x04D2, 0x04D2),
    (0x04D4, 0x04D4),
    (0x04D6, 0x04D6),
    (0x04D8, 0x04D8),
    (0x04DA, 0x04DA),
    (0x04DC, 0x04DC),
    (0x04DE, 0x04DE),
    (0x04E0, 0x04E0),
    (0x04E2, 0x04E2),
    (0x04E4, 0x04E4),
    (0x04E6, 0x04E6),
    (0x04E8, 0x04E8),
    (0x04EA, 0x04EA),
    (0x04EC, 0x04EC),
    (0x04EE, 0x04EE),
    (0x04F0, 0x04F0),
    (0x04F2, 0x04F2),
    (0x04F4, 0x04F4),
    (0x04F6, 0x04F6),
    (0x04F8, 0x04F8),
    (0x04FA, 0x04FA),
    (0x04FC, 0x04FC),
    (0x04FE, 0x04FE),
    (0x0500, 0x0500),
    (0x0502, 0x0502),
    (0x0504, 0x0504),
    (0x0506, 0x0506),
    (0x0508, 0x0508),
    (0x050A, 0x050A),
    (0x050C, 0x050C),
    (0x050E, 0x050E),
    (0x0510, 0x0510),
    (0x0512, 0x0512),
    (0x0514, 0x0514),
    (0x0516, 0x0516),
    (0x0518, 0x0518),
    (0x051A, 0x051A),
    (0x051C, 0x051C),
    (0x051E, 0x051E),
    (0x0520, 0x0520),
    (0x0522, 0x0522),
    (0x0524, 0x0524),
    (0x0526, 0x0526),
    (0x0528, 0x0528),
    (0x052A, 0x052A),
    (0x052C, 0x052C),
    (0x052E, 0x052E),
    (0x0531, 0x0556),
    (0x10A0, 0x10C5),
    (0x10C7, 0x10C7),
    (0x10CD, 0x10CD),
    (0x13A0, 0x13F5),
    (0x1C89, 0x1C89),
    (0x1C90, 0x1CBA),
    (0x1CBD, 0x1CBF),
    (0x1E00, 0x1E00),
    (0x1E02, 0x1E02),
    (0x1E04, 0x1E04),
    (0x1E06, 0x1E06),
    (0x1E08, 0x1E08),
    (0x1E0A, 0x1E0A),
    (0x1E0C, 0x1E0C),
    (0x1E0E, 0x1E0E),
    (0x1E10, 0x1E10),
    (0x1E12, 0x1E12),
    (0x1E14, 0x1E14),
    (0x1E16, 0x1E16),
    (0x1E18, 0x1E18),
    (0x1E1A, 0x1E1A),
    (0x1E1C, 0x1E1C),
    (0x1E1E, 0x1E1E),
    (0x1E20, 0x1E20),
    (0x1E22, 0x1E22),
    (0x1E24, 0x1E24),
    (0x1E26, 0x1E26),
    (0x1E28, 0x1E28),
    (0x1E2A, 0x1E2A),
    (0x1E2C, 0x1E2C),
    (0x1E2E, 0x1E2E),
    (0x1E30, 0x1E30),
    (0x1E32, 0x1E32),
    (0x1E34, 0x1E34),
    (0x1E36, 0x1E36),
    (0x1E38, 0x1E38),
    (0x1E3A, 0x1E3A),
    (0x1E3C, 0x1E3C),
    (0x1E3E, 0x1E3E),
    (0x1E40, 0x1E40),
    (0x1E42, 0x1E42),
    (0x1E44, 0x1E44),
    (0x1E46, 0x1E46),
    (0x1E48, 0x1E48),
    (0x1E4A, 0x1E4A),
    (0x1E4C, 0x1E4C),
    (0x1E4E, 0x1E4E),
    (0x1E50, 0x1E50),
    (0x1E52, 0x1E52),
    (0x1E54, 0x1E54),
    (0x1E56, 0x1E56),
    (0x1E58, 0x1E58),
    (0x1E5A, 0x1E5A),
    (0x1E5C, 0x1E5C),
    (0x1E5E, 0x1E5E),
    (0x1E60, 0x1E60),
    (0x1E62, 0x1E62),
    (0x1E64, 0x1E64),
    (0x1E66, 0x1E66),
    (0x1E68, 0x1E68),
    (0x1E6A, 0x1E6A),
    (0x1E6C, 0x1E6C),
    (0x1E6E, 0x1E6E),
    (0x1E70, 0x1E70),
    (0x1E72, 0x1E72),
    (0x1E74, 0x1E74),
    (0x1E76, 0x1E76),
    (0x1E78, 0x1E78),
    (0x1E7A, 0x1E7A),
    (0x1E7C, 0x1E7C),
    (0x1E7E, 0x1E7E),
    (0x1E80, 0x1E80),
    (0x1E82, 0x1E82),
    (0x1E84, 0x1E84),
    (0x1E86, 0x1E86),
    (0x1E88, 0x1E88),
    (0x1E8A, 0x1E8A),
    (0x1E8C, 0x1E8C),
    (0x1E8E, 0x1E8E),
    (0x1E90, 0x1E90),
    (0x1E92, 0x1E92),
    (0x1E94, 0x1E94),
    (0x1E9E, 0x1E9E),
    (0x1EA0, 0x1EA0),
    (0x1EA2, 0x1EA2),
    (0x1EA4, 0x1EA4),
    (0x1EA6, 0x1EA6),
    (0x1EA8, 0x1EA8),
    (0x1EAA, 0x1EAA),
    (0x1EAC, 0x1EAC),
    (0x1EAE, 0x1EAE),
    (0x1EB0, 0x1EB0),
    (0x1EB2, 0x1EB2),
    (0x1EB4, 0x1EB4),
    (0x1EB6, 0x1EB6),
    (0x1EB8, 0x1EB8),
    (0x1EBA, 0x1EBA),
    (0x1EBC, 0x1EBC),
    (0x1EBE, 0x1EBE),
    (0x1EC0, 0x1EC0),
    (0x1EC2, 0x1EC2),
    (0x1EC4, 0x1EC4),
    (0x1EC6, 0x1EC6),
    (0x1EC8, 0x1EC8),
    (0x1ECA, 0x1ECA),
    (0x1ECC, 0x1ECC),
    (0x1ECE, 0x1ECE),
    (0x1ED0, 0x1ED0),
    (0x1ED2, 0x1ED2),
    (0x1ED4, 0x1ED4),
    (0x1ED6, 0x1ED6),
    (0x1ED8, 0x1ED8),
    (0x1EDA, 0x1EDA),
    (0x1EDC, 0x1EDC),
    (0x1EDE, 0x1EDE),
    (0x1EE0, 0x1EE0),
    (0x1EE2, 0x1EE2),
    (0x1EE4, 0x1EE4),
    (0x1EE6, 0x1EE6),
    (0x1EE8, 0x1EE8),
    (0x1EEA, 0x1EEA),
    (0x1EEC, 0x1EEC),
    (0x1EEE, 0x1EEE),
    (0x1EF0, 0x1EF0),
    (0x1EF2, 0x1EF2),
    (0x1EF4, 0x1EF4),
    (0x1EF6, 0x1EF6),
    (0x1EF8, 0x1EF8),
    (0x1EFA, 0x1EFA),
    (0x1EFC, 0x1EFC),
    (0x1EFE, 0x1EFE),
    (0x1F08, 0x1F0F),
    (0x1F18, 0x1F1D),
    (0x1F28, 0x1F2F),
    (0x1F38, 0x1F3F),
    (0x1F48, 0x1F4D),
    (0x1F59, 0x1F59),
    (0x1F5B, 0x1F5B),
    (0x1F5D, 0x1F5D),
    (0x1F5F, 0x1F5F),
    (0x1F68, 0x1F6F),
    (0x1FB8, 0x1FBB),
    (0x1FC8, 0x1FCB),
    (0x1FD8, 0x1FDB),
    (0x1FE8, 0x1FEC),
    (0x1FF8, 0x1FFB),
    (0x2102, 0x2102),
    (0x2107, 0x2107),
    (0x210B, 0x210D),
    (0x2110, 0x2112),
    (0x2115, 0x2115),
    (0x2119, 0x211D),
    (0x2124, 0x2124),
    (0x2126, 0x2126),
    (0x2128, 0x2128),
    (0x212A, 0x212D),
    (0x2130, 0x2133),
    (0x213E, 0x213F),
    (0x2145, 0x2145),
    (0x2183, 0x2183),
    (0x2C00, 0x2C2F),
    (0x2C60, 0x2C60),
    (0x2C62, 0x2C64),
    (0x2C67, 0x2C67),
    (0x2C69, 0x2C69),
    (0x2C6B, 0x2C6B),
    (0x2C6D, 0x2C70),
    (0x2C72, 0x2C72),
    (0x2C75, 0x2C75),
    (0x2C7E, 0x2C80),
    (0x2C82, 0x2C82),
    (0x2C84, 0x2C84),
    (0x2C86, 0x2C86),
    (0x2C88, 0x2C88),
    (0x2C8A, 0x2C8A),
    (0x2C8C, 0x2C8C),
    (0x2C8E, 0x2C8E),
    (0x2C90, 0x2C90),
    (0x2C92, 0x2C92),
    (0x2C94, 0x2C94),
    (0x2C96, 0x2C96),
    (0x2C98, 0x2C98),
    (0x2C9A, 0x2C9A),
    (0x2C9C, 0x2C9C),
    (0x2C9E, 0x2C9E),
    (0x2CA0, 0x2CA0),
    (0x2CA2, 0x2CA2),
    (0x2CA4, 0x2CA4),
    (0x2CA6, 0x2CA6),
    (0x2CA8, 0x2CA8),
    (0x2CAA, 0x2CAA),
    (0x2CAC, 0x2CAC),
    (0x2CAE, 0x2CAE),
    (0x2CB0, 0x2CB0),
    (0x2CB2, 0x2CB2),
    (0x2CB4, 0x2CB4),
    (0x2CB6, 0x2CB6),
    (0x2CB8, 0x2CB8),
    (0x2CBA, 0x2CBA),
    (0x2CBC, 0x2CBC),
    (0x2CBE, 0x2CBE),
    (0x2CC0, 0x2CC0),
    (0x2CC2, 0x2CC2),
    (0x2CC4, 0x2CC4),
    (0x2CC6, 0x2CC6),
    (0x2CC8, 0x2CC8),
    (0x2CCA, 0x2CCA),
    (0x2CCC, 0x2CCC),
    (0x2CCE, 0x2CCE),
    (0x2CD0, 0x2CD0),
    (0x2CD2, 0x2CD2),
    (0x2CD4, 0x2CD4),
    (0x2CD6, 0x2CD6),
    (0x2CD8, 0x2CD8),
    (0x2CDA, 0x2CDA),
    (0x2CDC, 0x2CDC),
    (0x2CDE, 0x2CDE),
    (0x2CE0, 0x2CE0),
    (0x2CE2, 0x2CE2),
    (0x2CEB, 0x2CEB),
    (0x2CED, 0x2CED),
    (0x2CF2, 0x2CF2),
    (0xA640, 0xA640),
    (0xA642, 0xA642),
    (0xA644, 0xA644),
    (0xA646, 0xA646),
    (0xA648, 0xA648),
    (0xA64A, 0xA64A),
    (0xA64C, 0xA64C),
    (0xA64E, 0xA64E),
    (0xA650, 0xA650),
    (0xA652, 0xA652),
    (0xA654, 0xA654),
    (0xA656, 0xA656),
    (0xA658, 0xA658),
    (0xA65A, 0xA65A),
    (0xA65C, 0xA65C),
    (0xA65E, 0xA65E),
    (0xA660, 0xA660),
    (0xA662, 0xA662),
    (0xA664, 0xA664),
    (0xA666, 0xA666),
    (0xA668, 0xA668),
    (0xA66A, 0xA66A),
    (0xA66C, 0xA66C),
    (0xA680, 0xA680),
    (0xA682, 0xA682),
    (0xA684, 0xA684),
    (0xA686, 0xA686),
    (0xA688, 0xA688),
    (0xA68A, 0xA68A),
    (0xA68C, 0xA68C),
    (0xA68E, 0xA68E),
    (0xA690, 0xA690),
    (0xA692, 0xA692),
    (0xA694, 0xA694),
    (0xA696, 0xA696),
    (0xA698, 0xA698),
    (0xA69A, 0xA69A),
    (0xA722, 0xA722),
    (0xA724, 0xA724),
    (0xA726, 0xA726),
    (0xA728, 0xA728),
    (0xA72A, 0xA72A),
    (0xA72C, 0xA72C),
    (0xA72E, 0xA72E),
    (0xA732, 0xA732),
    (0xA734, 0xA734),
    (0xA736, 0xA736),
    (0xA738, 0xA738),
    (0xA73A, 0xA73A),
    (0xA73C, 0xA73C),
    (0xA73E, 0xA73E),
    (0xA740, 0xA740),
    (0xA742, 0xA742),
    (0xA744, 0xA744),
    (0xA746, 0xA746),
    (0xA748, 0xA748),
    (0xA74A, 0xA74A),
    (0xA74C, 0xA74C),
    (0xA74E, 0xA74E),
    (0xA750, 0xA750),
    (0xA752, 0xA752),
    (0xA754, 0xA754),
    (0xA756, 0xA756),
    (0xA758, 0xA758),
    (0xA75A, 0xA75A),
    (0xA75C, 0xA75C),
    (0xA75E, 0xA75E),
    (0xA760, 0xA760),
    (0xA762, 0xA762),
    (0xA764, 0xA764),
    (0xA766, 0xA766),
    (0xA768, 0xA768),
    (0xA76A, 0xA76A),
    (0xA76C, 0xA76C),
    (0xA76E, 0xA76E),
    (0xA779, 0xA779),
    (0xA77B, 0xA77B),
    (0xA77D, 0xA77E),
    (0xA780, 0xA780),
    (0xA782, 0xA782),
    (0xA784, 0xA784),
    (0xA786, 0xA786),
    (0xA78B, 0xA78B),
    (0xA78D, 0xA78D),
    (0xA790, 0xA790),
    (0xA792, 0xA792),
    (0xA796, 0xA796),
    (0xA798, 0xA798),
    (0xA79A, 0xA79A),
    (0xA79C, 0xA79C),
    (0xA79E, 0xA79E),
    (0xA7A0, 0xA7A0),
    (0xA7A2, 0xA7A2),
    (0xA7A4, 0xA7A4),
    (0xA7A6, 0xA7A6),
    (0xA7A8, 0xA7A8),
    (0xA7AA, 0xA7AE),
    (0xA7B0, 0xA7B4),
    (0xA7B6, 0xA7B6),
    (0xA7B8, 0xA7B8),
    (0xA7BA, 0xA7BA),
    (0xA7BC, 0xA7BC),
    (0xA7BE, 0xA7BE),
    (0xA7C0, 0xA7C0),
    (0xA7C2, 0xA7C2),
    (0xA7C4, 0xA7C7),
    (0xA7C9, 0xA7C9),
    (0xA7CB, 0xA7CC),
    (0xA7CE, 0xA7CE),
    (0xA7D0, 0xA7D0),
    (0xA7D2, 0xA7D2),
    (0xA7D4, 0xA7D4),
    (0xA7D6, 0xA7D6),
    (0xA7D8, 0xA7D8),
    (0xA7DA, 0xA7DA),
    (0xA7DC, 0xA7DC),
    (0xA7F5, 0xA7F5),
    (0xFF21, 0xFF3A),
    (0x10400, 0x10427),
    (0x104B0, 0x104D3),
    (0x10570, 0x1057A),
    (0x1057C, 0x1058A),
    (0x1058C, 0x10592),
    (0x10594, 0x10595),
    (0x10C80, 0x10CB2),
    (0x10D50, 0x10D65),
    (0x118A0, 0x118BF),
    (0x16E40, 0x16E5F),
    (0x16EA0, 0x16EB8),
    (0x1D400, 0x1D419),
    (0x1D434, 0x1D44D),
    (0x1D468, 0x1D481),
    (0x1D49C, 0x1D49C),
    (0x1D49E, 0x1D49F),
    (0x1D4A2, 0x1D4A2),
    (0x1D4A5, 0x1D4A6),
    (0x1D4A9, 0x1D4AC),
    (0x1D4AE, 0x1D4B5),
    (0x1D4D0, 0x1D4E9),
    (0x1D504, 0x1D505),
    (0x1D507, 0x1D50A),
    (0x1D50D, 0x1D514),
    (0x1D516, 0x1D51C),
    (0x1D538, 0x1D539),
    (0x1D53B, 0x1D53E),
    (0x1D540, 0x1D544),
    (0x1D546, 0x1D546),
    (0x1D54A, 0x1D550),
    (0x1D56C, 0x1D585),
    (0x1D5A0, 0x1D5B9),
    (0x1D5D4, 0x1D5ED),
    (0x1D608, 0x1D621),
    (0x1D63C, 0x1D655),
    (0x1D670, 0x1D689),
    (0x1D6A8, 0x1D6C0),
    (0x1D6E2, 0x1D6FA),
    (0x1D71C, 0x1D734),
    (0x1D756, 0x1D76E),
    (0x1D790, 0x1D7A8),
    (0x1D7CA, 0x1D7CA),
    (0x1E900, 0x1E921),
];

/// `\p{Grapheme_Base}` (from the test262 fixtures).
pub const GRAPHEME_BASE: &[(u32, u32)] = &[
    (0x0020, 0x007E),
    (0x00A0, 0x00AC),
    (0x00AE, 0x02FF),
    (0x0370, 0x0377),
    (0x037A, 0x037F),
    (0x0384, 0x038A),
    (0x038C, 0x038C),
    (0x038E, 0x03A1),
    (0x03A3, 0x0482),
    (0x048A, 0x052F),
    (0x0531, 0x0556),
    (0x0559, 0x058A),
    (0x058D, 0x058F),
    (0x05BE, 0x05BE),
    (0x05C0, 0x05C0),
    (0x05C3, 0x05C3),
    (0x05C6, 0x05C6),
    (0x05D0, 0x05EA),
    (0x05EF, 0x05F4),
    (0x0606, 0x060F),
    (0x061B, 0x061B),
    (0x061D, 0x064A),
    (0x0660, 0x066F),
    (0x0671, 0x06D5),
    (0x06DE, 0x06DE),
    (0x06E5, 0x06E6),
    (0x06E9, 0x06E9),
    (0x06EE, 0x070D),
    (0x0710, 0x0710),
    (0x0712, 0x072F),
    (0x074D, 0x07A5),
    (0x07B1, 0x07B1),
    (0x07C0, 0x07EA),
    (0x07F4, 0x07FA),
    (0x07FE, 0x0815),
    (0x081A, 0x081A),
    (0x0824, 0x0824),
    (0x0828, 0x0828),
    (0x0830, 0x083E),
    (0x0840, 0x0858),
    (0x085E, 0x085E),
    (0x0860, 0x086A),
    (0x0870, 0x088F),
    (0x08A0, 0x08C9),
    (0x0903, 0x0939),
    (0x093B, 0x093B),
    (0x093D, 0x0940),
    (0x0949, 0x094C),
    (0x094E, 0x0950),
    (0x0958, 0x0961),
    (0x0964, 0x0980),
    (0x0982, 0x0983),
    (0x0985, 0x098C),
    (0x098F, 0x0990),
    (0x0993, 0x09A8),
    (0x09AA, 0x09B0),
    (0x09B2, 0x09B2),
    (0x09B6, 0x09B9),
    (0x09BD, 0x09BD),
    (0x09BF, 0x09C0),
    (0x09C7, 0x09C8),
    (0x09CB, 0x09CC),
    (0x09CE, 0x09CE),
    (0x09DC, 0x09DD),
    (0x09DF, 0x09E1),
    (0x09E6, 0x09FD),
    (0x0A03, 0x0A03),
    (0x0A05, 0x0A0A),
    (0x0A0F, 0x0A10),
    (0x0A13, 0x0A28),
    (0x0A2A, 0x0A30),
    (0x0A32, 0x0A33),
    (0x0A35, 0x0A36),
    (0x0A38, 0x0A39),
    (0x0A3E, 0x0A40),
    (0x0A59, 0x0A5C),
    (0x0A5E, 0x0A5E),
    (0x0A66, 0x0A6F),
    (0x0A72, 0x0A74),
    (0x0A76, 0x0A76),
    (0x0A83, 0x0A83),
    (0x0A85, 0x0A8D),
    (0x0A8F, 0x0A91),
    (0x0A93, 0x0AA8),
    (0x0AAA, 0x0AB0),
    (0x0AB2, 0x0AB3),
    (0x0AB5, 0x0AB9),
    (0x0ABD, 0x0AC0),
    (0x0AC9, 0x0AC9),
    (0x0ACB, 0x0ACC),
    (0x0AD0, 0x0AD0),
    (0x0AE0, 0x0AE1),
    (0x0AE6, 0x0AF1),
    (0x0AF9, 0x0AF9),
    (0x0B02, 0x0B03),
    (0x0B05, 0x0B0C),
    (0x0B0F, 0x0B10),
    (0x0B13, 0x0B28),
    (0x0B2A, 0x0B30),
    (0x0B32, 0x0B33),
    (0x0B35, 0x0B39),
    (0x0B3D, 0x0B3D),
    (0x0B40, 0x0B40),
    (0x0B47, 0x0B48),
    (0x0B4B, 0x0B4C),
    (0x0B5C, 0x0B5D),
    (0x0B5F, 0x0B61),
    (0x0B66, 0x0B77),
    (0x0B83, 0x0B83),
    (0x0B85, 0x0B8A),
    (0x0B8E, 0x0B90),
    (0x0B92, 0x0B95),
    (0x0B99, 0x0B9A),
    (0x0B9C, 0x0B9C),
    (0x0B9E, 0x0B9F),
    (0x0BA3, 0x0BA4),
    (0x0BA8, 0x0BAA),
    (0x0BAE, 0x0BB9),
    (0x0BBF, 0x0BBF),
    (0x0BC1, 0x0BC2),
    (0x0BC6, 0x0BC8),
    (0x0BCA, 0x0BCC),
    (0x0BD0, 0x0BD0),
    (0x0BE6, 0x0BFA),
    (0x0C01, 0x0C03),
    (0x0C05, 0x0C0C),
    (0x0C0E, 0x0C10),
    (0x0C12, 0x0C28),
    (0x0C2A, 0x0C39),
    (0x0C3D, 0x0C3D),
    (0x0C41, 0x0C44),
    (0x0C58, 0x0C5A),
    (0x0C5C, 0x0C5D),
    (0x0C60, 0x0C61),
    (0x0C66, 0x0C6F),
    (0x0C77, 0x0C80),
    (0x0C82, 0x0C8C),
    (0x0C8E, 0x0C90),
    (0x0C92, 0x0CA8),
    (0x0CAA, 0x0CB3),
    (0x0CB5, 0x0CB9),
    (0x0CBD, 0x0CBE),
    (0x0CC1, 0x0CC1),
    (0x0CC3, 0x0CC4),
    (0x0CDC, 0x0CDE),
    (0x0CE0, 0x0CE1),
    (0x0CE6, 0x0CEF),
    (0x0CF1, 0x0CF3),
    (0x0D02, 0x0D0C),
    (0x0D0E, 0x0D10),
    (0x0D12, 0x0D3A),
    (0x0D3D, 0x0D3D),
    (0x0D3F, 0x0D40),
    (0x0D46, 0x0D48),
    (0x0D4A, 0x0D4C),
    (0x0D4E, 0x0D4F),
    (0x0D54, 0x0D56),
    (0x0D58, 0x0D61),
    (0x0D66, 0x0D7F),
    (0x0D82, 0x0D83),
    (0x0D85, 0x0D96),
    (0x0D9A, 0x0DB1),
    (0x0DB3, 0x0DBB),
    (0x0DBD, 0x0DBD),
    (0x0DC0, 0x0DC6),
    (0x0DD0, 0x0DD1),
    (0x0DD8, 0x0DDE),
    (0x0DE6, 0x0DEF),
    (0x0DF2, 0x0DF4),
    (0x0E01, 0x0E30),
    (0x0E32, 0x0E33),
    (0x0E3F, 0x0E46),
    (0x0E4F, 0x0E5B),
    (0x0E81, 0x0E82),
    (0x0E84, 0x0E84),
    (0x0E86, 0x0E8A),
    (0x0E8C, 0x0EA3),
    (0x0EA5, 0x0EA5),
    (0x0EA7, 0x0EB0),
    (0x0EB2, 0x0EB3),
    (0x0EBD, 0x0EBD),
    (0x0EC0, 0x0EC4),
    (0x0EC6, 0x0EC6),
    (0x0ED0, 0x0ED9),
    (0x0EDC, 0x0EDF),
    (0x0F00, 0x0F17),
    (0x0F1A, 0x0F34),
    (0x0F36, 0x0F36),
    (0x0F38, 0x0F38),
    (0x0F3A, 0x0F47),
    (0x0F49, 0x0F6C),
    (0x0F7F, 0x0F7F),
    (0x0F85, 0x0F85),
    (0x0F88, 0x0F8C),
    (0x0FBE, 0x0FC5),
    (0x0FC7, 0x0FCC),
    (0x0FCE, 0x0FDA),
    (0x1000, 0x102C),
    (0x1031, 0x1031),
    (0x1038, 0x1038),
    (0x103B, 0x103C),
    (0x103F, 0x1057),
    (0x105A, 0x105D),
    (0x1061, 0x1070),
    (0x1075, 0x1081),
    (0x1083, 0x1084),
    (0x1087, 0x108C),
    (0x108E, 0x109C),
    (0x109E, 0x10C5),
    (0x10C7, 0x10C7),
    (0x10CD, 0x10CD),
    (0x10D0, 0x1248),
    (0x124A, 0x124D),
    (0x1250, 0x1256),
    (0x1258, 0x1258),
    (0x125A, 0x125D),
    (0x1260, 0x1288),
    (0x128A, 0x128D),
    (0x1290, 0x12B0),
    (0x12B2, 0x12B5),
    (0x12B8, 0x12BE),
    (0x12C0, 0x12C0),
    (0x12C2, 0x12C5),
    (0x12C8, 0x12D6),
    (0x12D8, 0x1310),
    (0x1312, 0x1315),
    (0x1318, 0x135A),
    (0x1360, 0x137C),
    (0x1380, 0x1399),
    (0x13A0, 0x13F5),
    (0x13F8, 0x13FD),
    (0x1400, 0x169C),
    (0x16A0, 0x16F8),
    (0x1700, 0x1711),
    (0x171F, 0x1731),
    (0x1735, 0x1736),
    (0x1740, 0x1751),
    (0x1760, 0x176C),
    (0x176E, 0x1770),
    (0x1780, 0x17B3),
    (0x17B6, 0x17B6),
    (0x17BE, 0x17C5),
    (0x17C7, 0x17C8),
    (0x17D4, 0x17DC),
    (0x17E0, 0x17E9),
    (0x17F0, 0x17F9),
    (0x1800, 0x180A),
    (0x1810, 0x1819),
    (0x1820, 0x1878),
    (0x1880, 0x1884),
    (0x1887, 0x18A8),
    (0x18AA, 0x18AA),
    (0x18B0, 0x18F5),
    (0x1900, 0x191E),
    (0x1923, 0x1926),
    (0x1929, 0x192B),
    (0x1930, 0x1931),
    (0x1933, 0x1938),
    (0x1940, 0x1940),
    (0x1944, 0x196D),
    (0x1970, 0x1974),
    (0x1980, 0x19AB),
    (0x19B0, 0x19C9),
    (0x19D0, 0x19DA),
    (0x19DE, 0x1A16),
    (0x1A19, 0x1A1A),
    (0x1A1E, 0x1A55),
    (0x1A57, 0x1A57),
    (0x1A61, 0x1A61),
    (0x1A63, 0x1A64),
    (0x1A6D, 0x1A72),
    (0x1A80, 0x1A89),
    (0x1A90, 0x1A99),
    (0x1AA0, 0x1AAD),
    (0x1B04, 0x1B33),
    (0x1B3E, 0x1B41),
    (0x1B45, 0x1B4C),
    (0x1B4E, 0x1B6A),
    (0x1B74, 0x1B7F),
    (0x1B82, 0x1BA1),
    (0x1BA6, 0x1BA7),
    (0x1BAE, 0x1BE5),
    (0x1BE7, 0x1BE7),
    (0x1BEA, 0x1BEC),
    (0x1BEE, 0x1BEE),
    (0x1BFC, 0x1C2B),
    (0x1C34, 0x1C35),
    (0x1C3B, 0x1C49),
    (0x1C4D, 0x1C8A),
    (0x1C90, 0x1CBA),
    (0x1CBD, 0x1CC7),
    (0x1CD3, 0x1CD3),
    (0x1CE1, 0x1CE1),
    (0x1CE9, 0x1CEC),
    (0x1CEE, 0x1CF3),
    (0x1CF5, 0x1CF7),
    (0x1CFA, 0x1CFA),
    (0x1D00, 0x1DBF),
    (0x1E00, 0x1F15),
    (0x1F18, 0x1F1D),
    (0x1F20, 0x1F45),
    (0x1F48, 0x1F4D),
    (0x1F50, 0x1F57),
    (0x1F59, 0x1F59),
    (0x1F5B, 0x1F5B),
    (0x1F5D, 0x1F5D),
    (0x1F5F, 0x1F7D),
    (0x1F80, 0x1FB4),
    (0x1FB6, 0x1FC4),
    (0x1FC6, 0x1FD3),
    (0x1FD6, 0x1FDB),
    (0x1FDD, 0x1FEF),
    (0x1FF2, 0x1FF4),
    (0x1FF6, 0x1FFE),
    (0x2000, 0x200A),
    (0x2010, 0x2027),
    (0x202F, 0x205F),
    (0x2070, 0x2071),
    (0x2074, 0x208E),
    (0x2090, 0x209C),
    (0x20A0, 0x20C1),
    (0x2100, 0x218B),
    (0x2190, 0x2429),
    (0x2440, 0x244A),
    (0x2460, 0x2B73),
    (0x2B76, 0x2CEE),
    (0x2CF2, 0x2CF3),
    (0x2CF9, 0x2D25),
    (0x2D27, 0x2D27),
    (0x2D2D, 0x2D2D),
    (0x2D30, 0x2D67),
    (0x2D6F, 0x2D70),
    (0x2D80, 0x2D96),
    (0x2DA0, 0x2DA6),
    (0x2DA8, 0x2DAE),
    (0x2DB0, 0x2DB6),
    (0x2DB8, 0x2DBE),
    (0x2DC0, 0x2DC6),
    (0x2DC8, 0x2DCE),
    (0x2DD0, 0x2DD6),
    (0x2DD8, 0x2DDE),
    (0x2E00, 0x2E5D),
    (0x2E80, 0x2E99),
    (0x2E9B, 0x2EF3),
    (0x2F00, 0x2FD5),
    (0x2FF0, 0x3029),
    (0x3030, 0x303F),
    (0x3041, 0x3096),
    (0x309B, 0x30FF),
    (0x3105, 0x312F),
    (0x3131, 0x318E),
    (0x3190, 0x31E5),
    (0x31EF, 0x321E),
    (0x3220, 0xA48C),
    (0xA490, 0xA4C6),
    (0xA4D0, 0xA62B),
    (0xA640, 0xA66E),
    (0xA673, 0xA673),
    (0xA67E, 0xA69D),
    (0xA6A0, 0xA6EF),
    (0xA6F2, 0xA6F7),
    (0xA700, 0xA7DC),
    (0xA7F1, 0xA801),
    (0xA803, 0xA805),
    (0xA807, 0xA80A),
    (0xA80C, 0xA824),
    (0xA827, 0xA82B),
    (0xA830, 0xA839),
    (0xA840, 0xA877),
    (0xA880, 0xA8C3),
    (0xA8CE, 0xA8D9),
    (0xA8F2, 0xA8FE),
    (0xA900, 0xA925),
    (0xA92E, 0xA946),
    (0xA952, 0xA952),
    (0xA95F, 0xA97C),
    (0xA983, 0xA9B2),
    (0xA9B4, 0xA9B5),
    (0xA9BA, 0xA9BB),
    (0xA9BE, 0xA9BF),
    (0xA9C1, 0xA9CD),
    (0xA9CF, 0xA9D9),
    (0xA9DE, 0xA9E4),
    (0xA9E6, 0xA9FE),
    (0xAA00, 0xAA28),
    (0xAA2F, 0xAA30),
    (0xAA33, 0xAA34),
    (0xAA40, 0xAA42),
    (0xAA44, 0xAA4B),
    (0xAA4D, 0xAA4D),
    (0xAA50, 0xAA59),
    (0xAA5C, 0xAA7B),
    (0xAA7D, 0xAAAF),
    (0xAAB1, 0xAAB1),
    (0xAAB5, 0xAAB6),
    (0xAAB9, 0xAABD),
    (0xAAC0, 0xAAC0),
    (0xAAC2, 0xAAC2),
    (0xAADB, 0xAAEB),
    (0xAAEE, 0xAAF5),
    (0xAB01, 0xAB06),
    (0xAB09, 0xAB0E),
    (0xAB11, 0xAB16),
    (0xAB20, 0xAB26),
    (0xAB28, 0xAB2E),
    (0xAB30, 0xAB6B),
    (0xAB70, 0xABE4),
    (0xABE6, 0xABE7),
    (0xABE9, 0xABEC),
    (0xABF0, 0xABF9),
    (0xAC00, 0xD7A3),
    (0xD7B0, 0xD7C6),
    (0xD7CB, 0xD7FB),
    (0xF900, 0xFA6D),
    (0xFA70, 0xFAD9),
    (0xFB00, 0xFB06),
    (0xFB13, 0xFB17),
    (0xFB1D, 0xFB1D),
    (0xFB1F, 0xFB36),
    (0xFB38, 0xFB3C),
    (0xFB3E, 0xFB3E),
    (0xFB40, 0xFB41),
    (0xFB43, 0xFB44),
    (0xFB46, 0xFDCF),
    (0xFDF0, 0xFDFF),
    (0xFE10, 0xFE19),
    (0xFE30, 0xFE52),
    (0xFE54, 0xFE66),
    (0xFE68, 0xFE6B),
    (0xFE70, 0xFE74),
    (0xFE76, 0xFEFC),
    (0xFF01, 0xFF9D),
    (0xFFA0, 0xFFBE),
    (0xFFC2, 0xFFC7),
    (0xFFCA, 0xFFCF),
    (0xFFD2, 0xFFD7),
    (0xFFDA, 0xFFDC),
    (0xFFE0, 0xFFE6),
    (0xFFE8, 0xFFEE),
    (0xFFFC, 0xFFFD),
    (0x10000, 0x1000B),
    (0x1000D, 0x10026),
    (0x10028, 0x1003A),
    (0x1003C, 0x1003D),
    (0x1003F, 0x1004D),
    (0x10050, 0x1005D),
    (0x10080, 0x100FA),
    (0x10100, 0x10102),
    (0x10107, 0x10133),
    (0x10137, 0x1018E),
    (0x10190, 0x1019C),
    (0x101A0, 0x101A0),
    (0x101D0, 0x101FC),
    (0x10280, 0x1029C),
    (0x102A0, 0x102D0),
    (0x102E1, 0x102FB),
    (0x10300, 0x10323),
    (0x1032D, 0x1034A),
    (0x10350, 0x10375),
    (0x10380, 0x1039D),
    (0x1039F, 0x103C3),
    (0x103C8, 0x103D5),
    (0x10400, 0x1049D),
    (0x104A0, 0x104A9),
    (0x104B0, 0x104D3),
    (0x104D8, 0x104FB),
    (0x10500, 0x10527),
    (0x10530, 0x10563),
    (0x1056F, 0x1057A),
    (0x1057C, 0x1058A),
    (0x1058C, 0x10592),
    (0x10594, 0x10595),
    (0x10597, 0x105A1),
    (0x105A3, 0x105B1),
    (0x105B3, 0x105B9),
    (0x105BB, 0x105BC),
    (0x105C0, 0x105F3),
    (0x10600, 0x10736),
    (0x10740, 0x10755),
    (0x10760, 0x10767),
    (0x10780, 0x10785),
    (0x10787, 0x107B0),
    (0x107B2, 0x107BA),
    (0x10800, 0x10805),
    (0x10808, 0x10808),
    (0x1080A, 0x10835),
    (0x10837, 0x10838),
    (0x1083C, 0x1083C),
    (0x1083F, 0x10855),
    (0x10857, 0x1089E),
    (0x108A7, 0x108AF),
    (0x108E0, 0x108F2),
    (0x108F4, 0x108F5),
    (0x108FB, 0x1091B),
    (0x1091F, 0x10939),
    (0x1093F, 0x10959),
    (0x10980, 0x109B7),
    (0x109BC, 0x109CF),
    (0x109D2, 0x10A00),
    (0x10A10, 0x10A13),
    (0x10A15, 0x10A17),
    (0x10A19, 0x10A35),
    (0x10A40, 0x10A48),
    (0x10A50, 0x10A58),
    (0x10A60, 0x10A9F),
    (0x10AC0, 0x10AE4),
    (0x10AEB, 0x10AF6),
    (0x10B00, 0x10B35),
    (0x10B39, 0x10B55),
    (0x10B58, 0x10B72),
    (0x10B78, 0x10B91),
    (0x10B99, 0x10B9C),
    (0x10BA9, 0x10BAF),
    (0x10C00, 0x10C48),
    (0x10C80, 0x10CB2),
    (0x10CC0, 0x10CF2),
    (0x10CFA, 0x10D23),
    (0x10D30, 0x10D39),
    (0x10D40, 0x10D65),
    (0x10D6E, 0x10D85),
    (0x10D8E, 0x10D8F),
    (0x10E60, 0x10E7E),
    (0x10E80, 0x10EA9),
    (0x10EAD, 0x10EAD),
    (0x10EB0, 0x10EB1),
    (0x10EC2, 0x10EC7),
    (0x10ED0, 0x10ED8),
    (0x10F00, 0x10F27),
    (0x10F30, 0x10F45),
    (0x10F51, 0x10F59),
    (0x10F70, 0x10F81),
    (0x10F86, 0x10F89),
    (0x10FB0, 0x10FCB),
    (0x10FE0, 0x10FF6),
    (0x11000, 0x11000),
    (0x11002, 0x11037),
    (0x11047, 0x1104D),
    (0x11052, 0x1106F),
    (0x11071, 0x11072),
    (0x11075, 0x11075),
    (0x11082, 0x110B2),
    (0x110B7, 0x110B8),
    (0x110BB, 0x110BC),
    (0x110BE, 0x110C1),
    (0x110D0, 0x110E8),
    (0x110F0, 0x110F9),
    (0x11103, 0x11126),
    (0x1112C, 0x1112C),
    (0x11136, 0x11147),
    (0x11150, 0x11172),
    (0x11174, 0x11176),
    (0x11182, 0x111B5),
    (0x111BF, 0x111BF),
    (0x111C1, 0x111C8),
    (0x111CD, 0x111CE),
    (0x111D0, 0x111DF),
    (0x111E1, 0x111F4),
    (0x11200, 0x11211),
    (0x11213, 0x1122E),
    (0x11232, 0x11233),
    (0x11238, 0x1123D),
    (0x1123F, 0x11240),
    (0x11280, 0x11286),
    (0x11288, 0x11288),
    (0x1128A, 0x1128D),
    (0x1128F, 0x1129D),
    (0x1129F, 0x112A9),
    (0x112B0, 0x112DE),
    (0x112E0, 0x112E2),
    (0x112F0, 0x112F9),
    (0x11302, 0x11303),
    (0x11305, 0x1130C),
    (0x1130F, 0x11310),
    (0x11313, 0x11328),
    (0x1132A, 0x11330),
    (0x11332, 0x11333),
    (0x11335, 0x11339),
    (0x1133D, 0x1133D),
    (0x1133F, 0x1133F),
    (0x11341, 0x11344),
    (0x11347, 0x11348),
    (0x1134B, 0x1134C),
    (0x11350, 0x11350),
    (0x1135D, 0x11363),
    (0x11380, 0x11389),
    (0x1138B, 0x1138B),
    (0x1138E, 0x1138E),
    (0x11390, 0x113B5),
    (0x113B7, 0x113B7),
    (0x113B9, 0x113BA),
    (0x113CA, 0x113CA),
    (0x113CC, 0x113CD),
    (0x113D1, 0x113D1),
    (0x113D3, 0x113D5),
    (0x113D7, 0x113D8),
    (0x11400, 0x11437),
    (0x11440, 0x11441),
    (0x11445, 0x11445),
    (0x11447, 0x1145B),
    (0x1145D, 0x1145D),
    (0x1145F, 0x11461),
    (0x11480, 0x114AF),
    (0x114B1, 0x114B2),
    (0x114B9, 0x114B9),
    (0x114BB, 0x114BC),
    (0x114BE, 0x114BE),
    (0x114C1, 0x114C1),
    (0x114C4, 0x114C7),
    (0x114D0, 0x114D9),
    (0x11580, 0x115AE),
    (0x115B0, 0x115B1),
    (0x115B8, 0x115BB),
    (0x115BE, 0x115BE),
    (0x115C1, 0x115DB),
    (0x11600, 0x11632),
    (0x1163B, 0x1163C),
    (0x1163E, 0x1163E),
    (0x11641, 0x11644),
    (0x11650, 0x11659),
    (0x11660, 0x1166C),
    (0x11680, 0x116AA),
    (0x116AC, 0x116AC),
    (0x116AE, 0x116AF),
    (0x116B8, 0x116B9),
    (0x116C0, 0x116C9),
    (0x116D0, 0x116E3),
    (0x11700, 0x1171A),
    (0x1171E, 0x1171E),
    (0x11720, 0x11721),
    (0x11726, 0x11726),
    (0x11730, 0x11746),
    (0x11800, 0x1182E),
    (0x11838, 0x11838),
    (0x1183B, 0x1183B),
    (0x118A0, 0x118F2),
    (0x118FF, 0x11906),
    (0x11909, 0x11909),
    (0x1190C, 0x11913),
    (0x11915, 0x11916),
    (0x11918, 0x1192F),
    (0x11931, 0x11935),
    (0x11937, 0x11938),
    (0x1193F, 0x11942),
    (0x11944, 0x11946),
    (0x11950, 0x11959),
    (0x119A0, 0x119A7),
    (0x119AA, 0x119D3),
    (0x119DC, 0x119DF),
    (0x119E1, 0x119E4),
    (0x11A00, 0x11A00),
    (0x11A0B, 0x11A32),
    (0x11A39, 0x11A3A),
    (0x11A3F, 0x11A46),
    (0x11A50, 0x11A50),
    (0x11A57, 0x11A58),
    (0x11A5C, 0x11A89),
    (0x11A97, 0x11A97),
    (0x11A9A, 0x11AA2),
    (0x11AB0, 0x11AF8),
    (0x11B00, 0x11B09),
    (0x11B61, 0x11B61),
    (0x11B65, 0x11B65),
    (0x11B67, 0x11B67),
    (0x11BC0, 0x11BE1),
    (0x11BF0, 0x11BF9),
    (0x11C00, 0x11C08),
    (0x11C0A, 0x11C2F),
    (0x11C3E, 0x11C3E),
    (0x11C40, 0x11C45),
    (0x11C50, 0x11C6C),
    (0x11C70, 0x11C8F),
    (0x11CA9, 0x11CA9),
    (0x11CB1, 0x11CB1),
    (0x11CB4, 0x11CB4),
    (0x11D00, 0x11D06),
    (0x11D08, 0x11D09),
    (0x11D0B, 0x11D30),
    (0x11D46, 0x11D46),
    (0x11D50, 0x11D59),
    (0x11D60, 0x11D65),
    (0x11D67, 0x11D68),
    (0x11D6A, 0x11D8E),
    (0x11D93, 0x11D94),
    (0x11D96, 0x11D96),
    (0x11D98, 0x11D98),
    (0x11DA0, 0x11DA9),
    (0x11DB0, 0x11DDB),
    (0x11DE0, 0x11DE9),
    (0x11EE0, 0x11EF2),
    (0x11EF5, 0x11EF8),
    (0x11F02, 0x11F10),
    (0x11F12, 0x11F35),
    (0x11F3E, 0x11F3F),
    (0x11F43, 0x11F59),
    (0x11FB0, 0x11FB0),
    (0x11FC0, 0x11FF1),
    (0x11FFF, 0x12399),
    (0x12400, 0x1246E),
    (0x12470, 0x12474),
    (0x12480, 0x12543),
    (0x12F90, 0x12FF2),
    (0x13000, 0x1342F),
    (0x13441, 0x13446),
    (0x13460, 0x143FA),
    (0x14400, 0x14646),
    (0x16100, 0x1611D),
    (0x1612A, 0x1612C),
    (0x16130, 0x16139),
    (0x16800, 0x16A38),
    (0x16A40, 0x16A5E),
    (0x16A60, 0x16A69),
    (0x16A6E, 0x16ABE),
    (0x16AC0, 0x16AC9),
    (0x16AD0, 0x16AED),
    (0x16AF5, 0x16AF5),
    (0x16B00, 0x16B2F),
    (0x16B37, 0x16B45),
    (0x16B50, 0x16B59),
    (0x16B5B, 0x16B61),
    (0x16B63, 0x16B77),
    (0x16B7D, 0x16B8F),
    (0x16D40, 0x16D79),
    (0x16E40, 0x16E9A),
    (0x16EA0, 0x16EB8),
    (0x16EBB, 0x16ED3),
    (0x16F00, 0x16F4A),
    (0x16F50, 0x16F87),
    (0x16F93, 0x16F9F),
    (0x16FE0, 0x16FE3),
    (0x16FF2, 0x16FF6),
    (0x17000, 0x18CD5),
    (0x18CFF, 0x18D1E),
    (0x18D80, 0x18DF2),
    (0x1AFF0, 0x1AFF3),
    (0x1AFF5, 0x1AFFB),
    (0x1AFFD, 0x1AFFE),
    (0x1B000, 0x1B122),
    (0x1B132, 0x1B132),
    (0x1B150, 0x1B152),
    (0x1B155, 0x1B155),
    (0x1B164, 0x1B167),
    (0x1B170, 0x1B2FB),
    (0x1BC00, 0x1BC6A),
    (0x1BC70, 0x1BC7C),
    (0x1BC80, 0x1BC88),
    (0x1BC90, 0x1BC99),
    (0x1BC9C, 0x1BC9C),
    (0x1BC9F, 0x1BC9F),
    (0x1CC00, 0x1CCFC),
    (0x1CD00, 0x1CEB3),
    (0x1CEBA, 0x1CED0),
    (0x1CEE0, 0x1CEF0),
    (0x1CF50, 0x1CFC3),
    (0x1D000, 0x1D0F5),
    (0x1D100, 0x1D126),
    (0x1D129, 0x1D164),
    (0x1D16A, 0x1D16C),
    (0x1D183, 0x1D184),
    (0x1D18C, 0x1D1A9),
    (0x1D1AE, 0x1D1EA),
    (0x1D200, 0x1D241),
    (0x1D245, 0x1D245),
    (0x1D2C0, 0x1D2D3),
    (0x1D2E0, 0x1D2F3),
    (0x1D300, 0x1D356),
    (0x1D360, 0x1D378),
    (0x1D400, 0x1D454),
    (0x1D456, 0x1D49C),
    (0x1D49E, 0x1D49F),
    (0x1D4A2, 0x1D4A2),
    (0x1D4A5, 0x1D4A6),
    (0x1D4A9, 0x1D4AC),
    (0x1D4AE, 0x1D4B9),
    (0x1D4BB, 0x1D4BB),
    (0x1D4BD, 0x1D4C3),
    (0x1D4C5, 0x1D505),
    (0x1D507, 0x1D50A),
    (0x1D50D, 0x1D514),
    (0x1D516, 0x1D51C),
    (0x1D51E, 0x1D539),
    (0x1D53B, 0x1D53E),
    (0x1D540, 0x1D544),
    (0x1D546, 0x1D546),
    (0x1D54A, 0x1D550),
    (0x1D552, 0x1D6A5),
    (0x1D6A8, 0x1D7CB),
    (0x1D7CE, 0x1D9FF),
    (0x1DA37, 0x1DA3A),
    (0x1DA6D, 0x1DA74),
    (0x1DA76, 0x1DA83),
    (0x1DA85, 0x1DA8B),
    (0x1DF00, 0x1DF1E),
    (0x1DF25, 0x1DF2A),
    (0x1E030, 0x1E06D),
    (0x1E100, 0x1E12C),
    (0x1E137, 0x1E13D),
    (0x1E140, 0x1E149),
    (0x1E14E, 0x1E14F),
    (0x1E290, 0x1E2AD),
    (0x1E2C0, 0x1E2EB),
    (0x1E2F0, 0x1E2F9),
    (0x1E2FF, 0x1E2FF),
    (0x1E4D0, 0x1E4EB),
    (0x1E4F0, 0x1E4F9),
    (0x1E5D0, 0x1E5ED),
    (0x1E5F0, 0x1E5FA),
    (0x1E5FF, 0x1E5FF),
    (0x1E6C0, 0x1E6DE),
    (0x1E6E0, 0x1E6E2),
    (0x1E6E4, 0x1E6E5),
    (0x1E6E7, 0x1E6ED),
    (0x1E6F0, 0x1E6F4),
    (0x1E6FE, 0x1E6FF),
    (0x1E7E0, 0x1E7E6),
    (0x1E7E8, 0x1E7EB),
    (0x1E7ED, 0x1E7EE),
    (0x1E7F0, 0x1E7FE),
    (0x1E800, 0x1E8C4),
    (0x1E8C7, 0x1E8CF),
    (0x1E900, 0x1E943),
    (0x1E94B, 0x1E94B),
    (0x1E950, 0x1E959),
    (0x1E95E, 0x1E95F),
    (0x1EC71, 0x1ECB4),
    (0x1ED01, 0x1ED3D),
    (0x1EE00, 0x1EE03),
    (0x1EE05, 0x1EE1F),
    (0x1EE21, 0x1EE22),
    (0x1EE24, 0x1EE24),
    (0x1EE27, 0x1EE27),
    (0x1EE29, 0x1EE32),
    (0x1EE34, 0x1EE37),
    (0x1EE39, 0x1EE39),
    (0x1EE3B, 0x1EE3B),
    (0x1EE42, 0x1EE42),
    (0x1EE47, 0x1EE47),
    (0x1EE49, 0x1EE49),
    (0x1EE4B, 0x1EE4B),
    (0x1EE4D, 0x1EE4F),
    (0x1EE51, 0x1EE52),
    (0x1EE54, 0x1EE54),
    (0x1EE57, 0x1EE57),
    (0x1EE59, 0x1EE59),
    (0x1EE5B, 0x1EE5B),
    (0x1EE5D, 0x1EE5D),
    (0x1EE5F, 0x1EE5F),
    (0x1EE61, 0x1EE62),
    (0x1EE64, 0x1EE64),
    (0x1EE67, 0x1EE6A),
    (0x1EE6C, 0x1EE72),
    (0x1EE74, 0x1EE77),
    (0x1EE79, 0x1EE7C),
    (0x1EE7E, 0x1EE7E),
    (0x1EE80, 0x1EE89),
    (0x1EE8B, 0x1EE9B),
    (0x1EEA1, 0x1EEA3),
    (0x1EEA5, 0x1EEA9),
    (0x1EEAB, 0x1EEBB),
    (0x1EEF0, 0x1EEF1),
    (0x1F000, 0x1F02B),
    (0x1F030, 0x1F093),
    (0x1F0A0, 0x1F0AE),
    (0x1F0B1, 0x1F0BF),
    (0x1F0C1, 0x1F0CF),
    (0x1F0D1, 0x1F0F5),
    (0x1F100, 0x1F1AD),
    (0x1F1E6, 0x1F202),
    (0x1F210, 0x1F23B),
    (0x1F240, 0x1F248),
    (0x1F250, 0x1F251),
    (0x1F260, 0x1F265),
    (0x1F300, 0x1F6D8),
    (0x1F6DC, 0x1F6EC),
    (0x1F6F0, 0x1F6FC),
    (0x1F700, 0x1F7D9),
    (0x1F7E0, 0x1F7EB),
    (0x1F7F0, 0x1F7F0),
    (0x1F800, 0x1F80B),
    (0x1F810, 0x1F847),
    (0x1F850, 0x1F859),
    (0x1F860, 0x1F887),
    (0x1F890, 0x1F8AD),
    (0x1F8B0, 0x1F8BB),
    (0x1F8C0, 0x1F8C1),
    (0x1F8D0, 0x1F8D8),
    (0x1F900, 0x1FA57),
    (0x1FA60, 0x1FA6D),
    (0x1FA70, 0x1FA7C),
    (0x1FA80, 0x1FA8A),
    (0x1FA8E, 0x1FAC6),
    (0x1FAC8, 0x1FAC8),
    (0x1FACD, 0x1FADC),
    (0x1FADF, 0x1FAEA),
    (0x1FAEF, 0x1FAF8),
    (0x1FB00, 0x1FB92),
    (0x1FB94, 0x1FBFA),
    (0x20000, 0x2A6DF),
    (0x2A700, 0x2B81D),
    (0x2B820, 0x2CEAD),
    (0x2CEB0, 0x2EBE0),
    (0x2EBF0, 0x2EE5D),
    (0x2F800, 0x2FA1D),
    (0x30000, 0x3134A),
    (0x31350, 0x33479),
];

/// `\p{Grapheme_Extend}` (from the test262 fixtures).
pub const GRAPHEME_EXTEND: &[(u32, u32)] = &[
    (0x0300, 0x036F),
    (0x0483, 0x0489),
    (0x0591, 0x05BD),
    (0x05BF, 0x05BF),
    (0x05C1, 0x05C2),
    (0x05C4, 0x05C5),
    (0x05C7, 0x05C7),
    (0x0610, 0x061A),
    (0x064B, 0x065F),
    (0x0670, 0x0670),
    (0x06D6, 0x06DC),
    (0x06DF, 0x06E4),
    (0x06E7, 0x06E8),
    (0x06EA, 0x06ED),
    (0x0711, 0x0711),
    (0x0730, 0x074A),
    (0x07A6, 0x07B0),
    (0x07EB, 0x07F3),
    (0x07FD, 0x07FD),
    (0x0816, 0x0819),
    (0x081B, 0x0823),
    (0x0825, 0x0827),
    (0x0829, 0x082D),
    (0x0859, 0x085B),
    (0x0897, 0x089F),
    (0x08CA, 0x08E1),
    (0x08E3, 0x0902),
    (0x093A, 0x093A),
    (0x093C, 0x093C),
    (0x0941, 0x0948),
    (0x094D, 0x094D),
    (0x0951, 0x0957),
    (0x0962, 0x0963),
    (0x0981, 0x0981),
    (0x09BC, 0x09BC),
    (0x09BE, 0x09BE),
    (0x09C1, 0x09C4),
    (0x09CD, 0x09CD),
    (0x09D7, 0x09D7),
    (0x09E2, 0x09E3),
    (0x09FE, 0x09FE),
    (0x0A01, 0x0A02),
    (0x0A3C, 0x0A3C),
    (0x0A41, 0x0A42),
    (0x0A47, 0x0A48),
    (0x0A4B, 0x0A4D),
    (0x0A51, 0x0A51),
    (0x0A70, 0x0A71),
    (0x0A75, 0x0A75),
    (0x0A81, 0x0A82),
    (0x0ABC, 0x0ABC),
    (0x0AC1, 0x0AC5),
    (0x0AC7, 0x0AC8),
    (0x0ACD, 0x0ACD),
    (0x0AE2, 0x0AE3),
    (0x0AFA, 0x0AFF),
    (0x0B01, 0x0B01),
    (0x0B3C, 0x0B3C),
    (0x0B3E, 0x0B3F),
    (0x0B41, 0x0B44),
    (0x0B4D, 0x0B4D),
    (0x0B55, 0x0B57),
    (0x0B62, 0x0B63),
    (0x0B82, 0x0B82),
    (0x0BBE, 0x0BBE),
    (0x0BC0, 0x0BC0),
    (0x0BCD, 0x0BCD),
    (0x0BD7, 0x0BD7),
    (0x0C00, 0x0C00),
    (0x0C04, 0x0C04),
    (0x0C3C, 0x0C3C),
    (0x0C3E, 0x0C40),
    (0x0C46, 0x0C48),
    (0x0C4A, 0x0C4D),
    (0x0C55, 0x0C56),
    (0x0C62, 0x0C63),
    (0x0C81, 0x0C81),
    (0x0CBC, 0x0CBC),
    (0x0CBF, 0x0CC0),
    (0x0CC2, 0x0CC2),
    (0x0CC6, 0x0CC8),
    (0x0CCA, 0x0CCD),
    (0x0CD5, 0x0CD6),
    (0x0CE2, 0x0CE3),
    (0x0D00, 0x0D01),
    (0x0D3B, 0x0D3C),
    (0x0D3E, 0x0D3E),
    (0x0D41, 0x0D44),
    (0x0D4D, 0x0D4D),
    (0x0D57, 0x0D57),
    (0x0D62, 0x0D63),
    (0x0D81, 0x0D81),
    (0x0DCA, 0x0DCA),
    (0x0DCF, 0x0DCF),
    (0x0DD2, 0x0DD4),
    (0x0DD6, 0x0DD6),
    (0x0DDF, 0x0DDF),
    (0x0E31, 0x0E31),
    (0x0E34, 0x0E3A),
    (0x0E47, 0x0E4E),
    (0x0EB1, 0x0EB1),
    (0x0EB4, 0x0EBC),
    (0x0EC8, 0x0ECE),
    (0x0F18, 0x0F19),
    (0x0F35, 0x0F35),
    (0x0F37, 0x0F37),
    (0x0F39, 0x0F39),
    (0x0F71, 0x0F7E),
    (0x0F80, 0x0F84),
    (0x0F86, 0x0F87),
    (0x0F8D, 0x0F97),
    (0x0F99, 0x0FBC),
    (0x0FC6, 0x0FC6),
    (0x102D, 0x1030),
    (0x1032, 0x1037),
    (0x1039, 0x103A),
    (0x103D, 0x103E),
    (0x1058, 0x1059),
    (0x105E, 0x1060),
    (0x1071, 0x1074),
    (0x1082, 0x1082),
    (0x1085, 0x1086),
    (0x108D, 0x108D),
    (0x109D, 0x109D),
    (0x135D, 0x135F),
    (0x1712, 0x1715),
    (0x1732, 0x1734),
    (0x1752, 0x1753),
    (0x1772, 0x1773),
    (0x17B4, 0x17B5),
    (0x17B7, 0x17BD),
    (0x17C6, 0x17C6),
    (0x17C9, 0x17D3),
    (0x17DD, 0x17DD),
    (0x180B, 0x180D),
    (0x180F, 0x180F),
    (0x1885, 0x1886),
    (0x18A9, 0x18A9),
    (0x1920, 0x1922),
    (0x1927, 0x1928),
    (0x1932, 0x1932),
    (0x1939, 0x193B),
    (0x1A17, 0x1A18),
    (0x1A1B, 0x1A1B),
    (0x1A56, 0x1A56),
    (0x1A58, 0x1A5E),
    (0x1A60, 0x1A60),
    (0x1A62, 0x1A62),
    (0x1A65, 0x1A6C),
    (0x1A73, 0x1A7C),
    (0x1A7F, 0x1A7F),
    (0x1AB0, 0x1ADD),
    (0x1AE0, 0x1AEB),
    (0x1B00, 0x1B03),
    (0x1B34, 0x1B3D),
    (0x1B42, 0x1B44),
    (0x1B6B, 0x1B73),
    (0x1B80, 0x1B81),
    (0x1BA2, 0x1BA5),
    (0x1BA8, 0x1BAD),
    (0x1BE6, 0x1BE6),
    (0x1BE8, 0x1BE9),
    (0x1BED, 0x1BED),
    (0x1BEF, 0x1BF3),
    (0x1C2C, 0x1C33),
    (0x1C36, 0x1C37),
    (0x1CD0, 0x1CD2),
    (0x1CD4, 0x1CE0),
    (0x1CE2, 0x1CE8),
    (0x1CED, 0x1CED),
    (0x1CF4, 0x1CF4),
    (0x1CF8, 0x1CF9),
    (0x1DC0, 0x1DFF),
    (0x200C, 0x200C),
    (0x20D0, 0x20F0),
    (0x2CEF, 0x2CF1),
    (0x2D7F, 0x2D7F),
    (0x2DE0, 0x2DFF),
    (0x302A, 0x302F),
    (0x3099, 0x309A),
    (0xA66F, 0xA672),
    (0xA674, 0xA67D),
    (0xA69E, 0xA69F),
    (0xA6F0, 0xA6F1),
    (0xA802, 0xA802),
    (0xA806, 0xA806),
    (0xA80B, 0xA80B),
    (0xA825, 0xA826),
    (0xA82C, 0xA82C),
    (0xA8C4, 0xA8C5),
    (0xA8E0, 0xA8F1),
    (0xA8FF, 0xA8FF),
    (0xA926, 0xA92D),
    (0xA947, 0xA951),
    (0xA953, 0xA953),
    (0xA980, 0xA982),
    (0xA9B3, 0xA9B3),
    (0xA9B6, 0xA9B9),
    (0xA9BC, 0xA9BD),
    (0xA9C0, 0xA9C0),
    (0xA9E5, 0xA9E5),
    (0xAA29, 0xAA2E),
    (0xAA31, 0xAA32),
    (0xAA35, 0xAA36),
    (0xAA43, 0xAA43),
    (0xAA4C, 0xAA4C),
    (0xAA7C, 0xAA7C),
    (0xAAB0, 0xAAB0),
    (0xAAB2, 0xAAB4),
    (0xAAB7, 0xAAB8),
    (0xAABE, 0xAABF),
    (0xAAC1, 0xAAC1),
    (0xAAEC, 0xAAED),
    (0xAAF6, 0xAAF6),
    (0xABE5, 0xABE5),
    (0xABE8, 0xABE8),
    (0xABED, 0xABED),
    (0xFB1E, 0xFB1E),
    (0xFE00, 0xFE0F),
    (0xFE20, 0xFE2F),
    (0xFF9E, 0xFF9F),
    (0x101FD, 0x101FD),
    (0x102E0, 0x102E0),
    (0x10376, 0x1037A),
    (0x10A01, 0x10A03),
    (0x10A05, 0x10A06),
    (0x10A0C, 0x10A0F),
    (0x10A38, 0x10A3A),
    (0x10A3F, 0x10A3F),
    (0x10AE5, 0x10AE6),
    (0x10D24, 0x10D27),
    (0x10D69, 0x10D6D),
    (0x10EAB, 0x10EAC),
    (0x10EFA, 0x10EFF),
    (0x10F46, 0x10F50),
    (0x10F82, 0x10F85),
    (0x11001, 0x11001),
    (0x11038, 0x11046),
    (0x11070, 0x11070),
    (0x11073, 0x11074),
    (0x1107F, 0x11081),
    (0x110B3, 0x110B6),
    (0x110B9, 0x110BA),
    (0x110C2, 0x110C2),
    (0x11100, 0x11102),
    (0x11127, 0x1112B),
    (0x1112D, 0x11134),
    (0x11173, 0x11173),
    (0x11180, 0x11181),
    (0x111B6, 0x111BE),
    (0x111C0, 0x111C0),
    (0x111C9, 0x111CC),
    (0x111CF, 0x111CF),
    (0x1122F, 0x11231),
    (0x11234, 0x11237),
    (0x1123E, 0x1123E),
    (0x11241, 0x11241),
    (0x112DF, 0x112DF),
    (0x112E3, 0x112EA),
    (0x11300, 0x11301),
    (0x1133B, 0x1133C),
    (0x1133E, 0x1133E),
    (0x11340, 0x11340),
    (0x1134D, 0x1134D),
    (0x11357, 0x11357),
    (0x11366, 0x1136C),
    (0x11370, 0x11374),
    (0x113B8, 0x113B8),
    (0x113BB, 0x113C0),
    (0x113C2, 0x113C2),
    (0x113C5, 0x113C5),
    (0x113C7, 0x113C9),
    (0x113CE, 0x113D0),
    (0x113D2, 0x113D2),
    (0x113E1, 0x113E2),
    (0x11438, 0x1143F),
    (0x11442, 0x11444),
    (0x11446, 0x11446),
    (0x1145E, 0x1145E),
    (0x114B0, 0x114B0),
    (0x114B3, 0x114B8),
    (0x114BA, 0x114BA),
    (0x114BD, 0x114BD),
    (0x114BF, 0x114C0),
    (0x114C2, 0x114C3),
    (0x115AF, 0x115AF),
    (0x115B2, 0x115B5),
    (0x115BC, 0x115BD),
    (0x115BF, 0x115C0),
    (0x115DC, 0x115DD),
    (0x11633, 0x1163A),
    (0x1163D, 0x1163D),
    (0x1163F, 0x11640),
    (0x116AB, 0x116AB),
    (0x116AD, 0x116AD),
    (0x116B0, 0x116B7),
    (0x1171D, 0x1171D),
    (0x1171F, 0x1171F),
    (0x11722, 0x11725),
    (0x11727, 0x1172B),
    (0x1182F, 0x11837),
    (0x11839, 0x1183A),
    (0x11930, 0x11930),
    (0x1193B, 0x1193E),
    (0x11943, 0x11943),
    (0x119D4, 0x119D7),
    (0x119DA, 0x119DB),
    (0x119E0, 0x119E0),
    (0x11A01, 0x11A0A),
    (0x11A33, 0x11A38),
    (0x11A3B, 0x11A3E),
    (0x11A47, 0x11A47),
    (0x11A51, 0x11A56),
    (0x11A59, 0x11A5B),
    (0x11A8A, 0x11A96),
    (0x11A98, 0x11A99),
    (0x11B60, 0x11B60),
    (0x11B62, 0x11B64),
    (0x11B66, 0x11B66),
    (0x11C30, 0x11C36),
    (0x11C38, 0x11C3D),
    (0x11C3F, 0x11C3F),
    (0x11C92, 0x11CA7),
    (0x11CAA, 0x11CB0),
    (0x11CB2, 0x11CB3),
    (0x11CB5, 0x11CB6),
    (0x11D31, 0x11D36),
    (0x11D3A, 0x11D3A),
    (0x11D3C, 0x11D3D),
    (0x11D3F, 0x11D45),
    (0x11D47, 0x11D47),
    (0x11D90, 0x11D91),
    (0x11D95, 0x11D95),
    (0x11D97, 0x11D97),
    (0x11EF3, 0x11EF4),
    (0x11F00, 0x11F01),
    (0x11F36, 0x11F3A),
    (0x11F40, 0x11F42),
    (0x11F5A, 0x11F5A),
    (0x13440, 0x13440),
    (0x13447, 0x13455),
    (0x1611E, 0x16129),
    (0x1612D, 0x1612F),
    (0x16AF0, 0x16AF4),
    (0x16B30, 0x16B36),
    (0x16F4F, 0x16F4F),
    (0x16F8F, 0x16F92),
    (0x16FE4, 0x16FE4),
    (0x16FF0, 0x16FF1),
    (0x1BC9D, 0x1BC9E),
    (0x1CF00, 0x1CF2D),
    (0x1CF30, 0x1CF46),
    (0x1D165, 0x1D169),
    (0x1D16D, 0x1D172),
    (0x1D17B, 0x1D182),
    (0x1D185, 0x1D18B),
    (0x1D1AA, 0x1D1AD),
    (0x1D242, 0x1D244),
    (0x1DA00, 0x1DA36),
    (0x1DA3B, 0x1DA6C),
    (0x1DA75, 0x1DA75),
    (0x1DA84, 0x1DA84),
    (0x1DA9B, 0x1DA9F),
    (0x1DAA1, 0x1DAAF),
    (0x1E000, 0x1E006),
    (0x1E008, 0x1E018),
    (0x1E01B, 0x1E021),
    (0x1E023, 0x1E024),
    (0x1E026, 0x1E02A),
    (0x1E08F, 0x1E08F),
    (0x1E130, 0x1E136),
    (0x1E2AE, 0x1E2AE),
    (0x1E2EC, 0x1E2EF),
    (0x1E4EC, 0x1E4EF),
    (0x1E5EE, 0x1E5EF),
    (0x1E6E3, 0x1E6E3),
    (0x1E6E6, 0x1E6E6),
    (0x1E6EE, 0x1E6EF),
    (0x1E6F5, 0x1E6F5),
    (0x1E8D0, 0x1E8D6),
    (0x1E944, 0x1E94A),
    (0xE0020, 0xE007F),
    (0xE0100, 0xE01EF),
];

/// `\p{Hex_Digit}` (from the test262 fixtures).
pub const HEX_DIGIT: &[(u32, u32)] = &[
    (0x0030, 0x0039),
    (0x0041, 0x0046),
    (0x0061, 0x0066),
    (0xFF10, 0xFF19),
    (0xFF21, 0xFF26),
    (0xFF41, 0xFF46),
];

/// `\p{IDS_Binary_Operator}` (from the test262 fixtures).
pub const IDS_BINARY_OPERATOR: &[(u32, u32)] = &[
    (0x2FF0, 0x2FF1),
    (0x2FF4, 0x2FFD),
    (0x31EF, 0x31EF),
];

/// `\p{IDS_Trinary_Operator}` (from the test262 fixtures).
pub const IDS_TRINARY_OPERATOR: &[(u32, u32)] = &[
    (0x2FF2, 0x2FF3),
];

/// `\p{ID_Continue}` (from the test262 fixtures).
pub const ID_CONTINUE: &[(u32, u32)] = &[
    (0x0030, 0x0039),
    (0x0041, 0x005A),
    (0x005F, 0x005F),
    (0x0061, 0x007A),
    (0x00AA, 0x00AA),
    (0x00B5, 0x00B5),
    (0x00B7, 0x00B7),
    (0x00BA, 0x00BA),
    (0x00C0, 0x00D6),
    (0x00D8, 0x00F6),
    (0x00F8, 0x02C1),
    (0x02C6, 0x02D1),
    (0x02E0, 0x02E4),
    (0x02EC, 0x02EC),
    (0x02EE, 0x02EE),
    (0x0300, 0x0374),
    (0x0376, 0x0377),
    (0x037A, 0x037D),
    (0x037F, 0x037F),
    (0x0386, 0x038A),
    (0x038C, 0x038C),
    (0x038E, 0x03A1),
    (0x03A3, 0x03F5),
    (0x03F7, 0x0481),
    (0x0483, 0x0487),
    (0x048A, 0x052F),
    (0x0531, 0x0556),
    (0x0559, 0x0559),
    (0x0560, 0x0588),
    (0x0591, 0x05BD),
    (0x05BF, 0x05BF),
    (0x05C1, 0x05C2),
    (0x05C4, 0x05C5),
    (0x05C7, 0x05C7),
    (0x05D0, 0x05EA),
    (0x05EF, 0x05F2),
    (0x0610, 0x061A),
    (0x0620, 0x0669),
    (0x066E, 0x06D3),
    (0x06D5, 0x06DC),
    (0x06DF, 0x06E8),
    (0x06EA, 0x06FC),
    (0x06FF, 0x06FF),
    (0x0710, 0x074A),
    (0x074D, 0x07B1),
    (0x07C0, 0x07F5),
    (0x07FA, 0x07FA),
    (0x07FD, 0x07FD),
    (0x0800, 0x082D),
    (0x0840, 0x085B),
    (0x0860, 0x086A),
    (0x0870, 0x0887),
    (0x0889, 0x088F),
    (0x0897, 0x08E1),
    (0x08E3, 0x0963),
    (0x0966, 0x096F),
    (0x0971, 0x0983),
    (0x0985, 0x098C),
    (0x098F, 0x0990),
    (0x0993, 0x09A8),
    (0x09AA, 0x09B0),
    (0x09B2, 0x09B2),
    (0x09B6, 0x09B9),
    (0x09BC, 0x09C4),
    (0x09C7, 0x09C8),
    (0x09CB, 0x09CE),
    (0x09D7, 0x09D7),
    (0x09DC, 0x09DD),
    (0x09DF, 0x09E3),
    (0x09E6, 0x09F1),
    (0x09FC, 0x09FC),
    (0x09FE, 0x09FE),
    (0x0A01, 0x0A03),
    (0x0A05, 0x0A0A),
    (0x0A0F, 0x0A10),
    (0x0A13, 0x0A28),
    (0x0A2A, 0x0A30),
    (0x0A32, 0x0A33),
    (0x0A35, 0x0A36),
    (0x0A38, 0x0A39),
    (0x0A3C, 0x0A3C),
    (0x0A3E, 0x0A42),
    (0x0A47, 0x0A48),
    (0x0A4B, 0x0A4D),
    (0x0A51, 0x0A51),
    (0x0A59, 0x0A5C),
    (0x0A5E, 0x0A5E),
    (0x0A66, 0x0A75),
    (0x0A81, 0x0A83),
    (0x0A85, 0x0A8D),
    (0x0A8F, 0x0A91),
    (0x0A93, 0x0AA8),
    (0x0AAA, 0x0AB0),
    (0x0AB2, 0x0AB3),
    (0x0AB5, 0x0AB9),
    (0x0ABC, 0x0AC5),
    (0x0AC7, 0x0AC9),
    (0x0ACB, 0x0ACD),
    (0x0AD0, 0x0AD0),
    (0x0AE0, 0x0AE3),
    (0x0AE6, 0x0AEF),
    (0x0AF9, 0x0AFF),
    (0x0B01, 0x0B03),
    (0x0B05, 0x0B0C),
    (0x0B0F, 0x0B10),
    (0x0B13, 0x0B28),
    (0x0B2A, 0x0B30),
    (0x0B32, 0x0B33),
    (0x0B35, 0x0B39),
    (0x0B3C, 0x0B44),
    (0x0B47, 0x0B48),
    (0x0B4B, 0x0B4D),
    (0x0B55, 0x0B57),
    (0x0B5C, 0x0B5D),
    (0x0B5F, 0x0B63),
    (0x0B66, 0x0B6F),
    (0x0B71, 0x0B71),
    (0x0B82, 0x0B83),
    (0x0B85, 0x0B8A),
    (0x0B8E, 0x0B90),
    (0x0B92, 0x0B95),
    (0x0B99, 0x0B9A),
    (0x0B9C, 0x0B9C),
    (0x0B9E, 0x0B9F),
    (0x0BA3, 0x0BA4),
    (0x0BA8, 0x0BAA),
    (0x0BAE, 0x0BB9),
    (0x0BBE, 0x0BC2),
    (0x0BC6, 0x0BC8),
    (0x0BCA, 0x0BCD),
    (0x0BD0, 0x0BD0),
    (0x0BD7, 0x0BD7),
    (0x0BE6, 0x0BEF),
    (0x0C00, 0x0C0C),
    (0x0C0E, 0x0C10),
    (0x0C12, 0x0C28),
    (0x0C2A, 0x0C39),
    (0x0C3C, 0x0C44),
    (0x0C46, 0x0C48),
    (0x0C4A, 0x0C4D),
    (0x0C55, 0x0C56),
    (0x0C58, 0x0C5A),
    (0x0C5C, 0x0C5D),
    (0x0C60, 0x0C63),
    (0x0C66, 0x0C6F),
    (0x0C80, 0x0C83),
    (0x0C85, 0x0C8C),
    (0x0C8E, 0x0C90),
    (0x0C92, 0x0CA8),
    (0x0CAA, 0x0CB3),
    (0x0CB5, 0x0CB9),
    (0x0CBC, 0x0CC4),
    (0x0CC6, 0x0CC8),
    (0x0CCA, 0x0CCD),
    (0x0CD5, 0x0CD6),
    (0x0CDC, 0x0CDE),
    (0x0CE0, 0x0CE3),
    (0x0CE6, 0x0CEF),
    (0x0CF1, 0x0CF3),
    (0x0D00, 0x0D0C),
    (0x0D0E, 0x0D10),
    (0x0D12, 0x0D44),
    (0x0D46, 0x0D48),
    (0x0D4A, 0x0D4E),
    (0x0D54, 0x0D57),
    (0x0D5F, 0x0D63),
    (0x0D66, 0x0D6F),
    (0x0D7A, 0x0D7F),
    (0x0D81, 0x0D83),
    (0x0D85, 0x0D96),
    (0x0D9A, 0x0DB1),
    (0x0DB3, 0x0DBB),
    (0x0DBD, 0x0DBD),
    (0x0DC0, 0x0DC6),
    (0x0DCA, 0x0DCA),
    (0x0DCF, 0x0DD4),
    (0x0DD6, 0x0DD6),
    (0x0DD8, 0x0DDF),
    (0x0DE6, 0x0DEF),
    (0x0DF2, 0x0DF3),
    (0x0E01, 0x0E3A),
    (0x0E40, 0x0E4E),
    (0x0E50, 0x0E59),
    (0x0E81, 0x0E82),
    (0x0E84, 0x0E84),
    (0x0E86, 0x0E8A),
    (0x0E8C, 0x0EA3),
    (0x0EA5, 0x0EA5),
    (0x0EA7, 0x0EBD),
    (0x0EC0, 0x0EC4),
    (0x0EC6, 0x0EC6),
    (0x0EC8, 0x0ECE),
    (0x0ED0, 0x0ED9),
    (0x0EDC, 0x0EDF),
    (0x0F00, 0x0F00),
    (0x0F18, 0x0F19),
    (0x0F20, 0x0F29),
    (0x0F35, 0x0F35),
    (0x0F37, 0x0F37),
    (0x0F39, 0x0F39),
    (0x0F3E, 0x0F47),
    (0x0F49, 0x0F6C),
    (0x0F71, 0x0F84),
    (0x0F86, 0x0F97),
    (0x0F99, 0x0FBC),
    (0x0FC6, 0x0FC6),
    (0x1000, 0x1049),
    (0x1050, 0x109D),
    (0x10A0, 0x10C5),
    (0x10C7, 0x10C7),
    (0x10CD, 0x10CD),
    (0x10D0, 0x10FA),
    (0x10FC, 0x1248),
    (0x124A, 0x124D),
    (0x1250, 0x1256),
    (0x1258, 0x1258),
    (0x125A, 0x125D),
    (0x1260, 0x1288),
    (0x128A, 0x128D),
    (0x1290, 0x12B0),
    (0x12B2, 0x12B5),
    (0x12B8, 0x12BE),
    (0x12C0, 0x12C0),
    (0x12C2, 0x12C5),
    (0x12C8, 0x12D6),
    (0x12D8, 0x1310),
    (0x1312, 0x1315),
    (0x1318, 0x135A),
    (0x135D, 0x135F),
    (0x1369, 0x1371),
    (0x1380, 0x138F),
    (0x13A0, 0x13F5),
    (0x13F8, 0x13FD),
    (0x1401, 0x166C),
    (0x166F, 0x167F),
    (0x1681, 0x169A),
    (0x16A0, 0x16EA),
    (0x16EE, 0x16F8),
    (0x1700, 0x1715),
    (0x171F, 0x1734),
    (0x1740, 0x1753),
    (0x1760, 0x176C),
    (0x176E, 0x1770),
    (0x1772, 0x1773),
    (0x1780, 0x17D3),
    (0x17D7, 0x17D7),
    (0x17DC, 0x17DD),
    (0x17E0, 0x17E9),
    (0x180B, 0x180D),
    (0x180F, 0x1819),
    (0x1820, 0x1878),
    (0x1880, 0x18AA),
    (0x18B0, 0x18F5),
    (0x1900, 0x191E),
    (0x1920, 0x192B),
    (0x1930, 0x193B),
    (0x1946, 0x196D),
    (0x1970, 0x1974),
    (0x1980, 0x19AB),
    (0x19B0, 0x19C9),
    (0x19D0, 0x19DA),
    (0x1A00, 0x1A1B),
    (0x1A20, 0x1A5E),
    (0x1A60, 0x1A7C),
    (0x1A7F, 0x1A89),
    (0x1A90, 0x1A99),
    (0x1AA7, 0x1AA7),
    (0x1AB0, 0x1ABD),
    (0x1ABF, 0x1ADD),
    (0x1AE0, 0x1AEB),
    (0x1B00, 0x1B4C),
    (0x1B50, 0x1B59),
    (0x1B6B, 0x1B73),
    (0x1B80, 0x1BF3),
    (0x1C00, 0x1C37),
    (0x1C40, 0x1C49),
    (0x1C4D, 0x1C7D),
    (0x1C80, 0x1C8A),
    (0x1C90, 0x1CBA),
    (0x1CBD, 0x1CBF),
    (0x1CD0, 0x1CD2),
    (0x1CD4, 0x1CFA),
    (0x1D00, 0x1F15),
    (0x1F18, 0x1F1D),
    (0x1F20, 0x1F45),
    (0x1F48, 0x1F4D),
    (0x1F50, 0x1F57),
    (0x1F59, 0x1F59),
    (0x1F5B, 0x1F5B),
    (0x1F5D, 0x1F5D),
    (0x1F5F, 0x1F7D),
    (0x1F80, 0x1FB4),
    (0x1FB6, 0x1FBC),
    (0x1FBE, 0x1FBE),
    (0x1FC2, 0x1FC4),
    (0x1FC6, 0x1FCC),
    (0x1FD0, 0x1FD3),
    (0x1FD6, 0x1FDB),
    (0x1FE0, 0x1FEC),
    (0x1FF2, 0x1FF4),
    (0x1FF6, 0x1FFC),
    (0x200C, 0x200D),
    (0x203F, 0x2040),
    (0x2054, 0x2054),
    (0x2071, 0x2071),
    (0x207F, 0x207F),
    (0x2090, 0x209C),
    (0x20D0, 0x20DC),
    (0x20E1, 0x20E1),
    (0x20E5, 0x20F0),
    (0x2102, 0x2102),
    (0x2107, 0x2107),
    (0x210A, 0x2113),
    (0x2115, 0x2115),
    (0x2118, 0x211D),
    (0x2124, 0x2124),
    (0x2126, 0x2126),
    (0x2128, 0x2128),
    (0x212A, 0x2139),
    (0x213C, 0x213F),
    (0x2145, 0x2149),
    (0x214E, 0x214E),
    (0x2160, 0x2188),
    (0x2C00, 0x2CE4),
    (0x2CEB, 0x2CF3),
    (0x2D00, 0x2D25),
    (0x2D27, 0x2D27),
    (0x2D2D, 0x2D2D),
    (0x2D30, 0x2D67),
    (0x2D6F, 0x2D6F),
    (0x2D7F, 0x2D96),
    (0x2DA0, 0x2DA6),
    (0x2DA8, 0x2DAE),
    (0x2DB0, 0x2DB6),
    (0x2DB8, 0x2DBE),
    (0x2DC0, 0x2DC6),
    (0x2DC8, 0x2DCE),
    (0x2DD0, 0x2DD6),
    (0x2DD8, 0x2DDE),
    (0x2DE0, 0x2DFF),
    (0x3005, 0x3007),
    (0x3021, 0x302F),
    (0x3031, 0x3035),
    (0x3038, 0x303C),
    (0x3041, 0x3096),
    (0x3099, 0x309F),
    (0x30A1, 0x30FF),
    (0x3105, 0x312F),
    (0x3131, 0x318E),
    (0x31A0, 0x31BF),
    (0x31F0, 0x31FF),
    (0x3400, 0x4DBF),
    (0x4E00, 0xA48C),
    (0xA4D0, 0xA4FD),
    (0xA500, 0xA60C),
    (0xA610, 0xA62B),
    (0xA640, 0xA66F),
    (0xA674, 0xA67D),
    (0xA67F, 0xA6F1),
    (0xA717, 0xA71F),
    (0xA722, 0xA788),
    (0xA78B, 0xA7DC),
    (0xA7F1, 0xA827),
    (0xA82C, 0xA82C),
    (0xA840, 0xA873),
    (0xA880, 0xA8C5),
    (0xA8D0, 0xA8D9),
    (0xA8E0, 0xA8F7),
    (0xA8FB, 0xA8FB),
    (0xA8FD, 0xA92D),
    (0xA930, 0xA953),
    (0xA960, 0xA97C),
    (0xA980, 0xA9C0),
    (0xA9CF, 0xA9D9),
    (0xA9E0, 0xA9FE),
    (0xAA00, 0xAA36),
    (0xAA40, 0xAA4D),
    (0xAA50, 0xAA59),
    (0xAA60, 0xAA76),
    (0xAA7A, 0xAAC2),
    (0xAADB, 0xAADD),
    (0xAAE0, 0xAAEF),
    (0xAAF2, 0xAAF6),
    (0xAB01, 0xAB06),
    (0xAB09, 0xAB0E),
    (0xAB11, 0xAB16),
    (0xAB20, 0xAB26),
    (0xAB28, 0xAB2E),
    (0xAB30, 0xAB5A),
    (0xAB5C, 0xAB69),
    (0xAB70, 0xABEA),
    (0xABEC, 0xABED),
    (0xABF0, 0xABF9),
    (0xAC00, 0xD7A3),
    (0xD7B0, 0xD7C6),
    (0xD7CB, 0xD7FB),
    (0xF900, 0xFA6D),
    (0xFA70, 0xFAD9),
    (0xFB00, 0xFB06),
    (0xFB13, 0xFB17),
    (0xFB1D, 0xFB28),
    (0xFB2A, 0xFB36),
    (0xFB38, 0xFB3C),
    (0xFB3E, 0xFB3E),
    (0xFB40, 0xFB41),
    (0xFB43, 0xFB44),
    (0xFB46, 0xFBB1),
    (0xFBD3, 0xFD3D),
    (0xFD50, 0xFD8F),
    (0xFD92, 0xFDC7),
    (0xFDF0, 0xFDFB),
    (0xFE00, 0xFE0F),
    (0xFE20, 0xFE2F),
    (0xFE33, 0xFE34),
    (0xFE4D, 0xFE4F),
    (0xFE70, 0xFE74),
    (0xFE76, 0xFEFC),
    (0xFF10, 0xFF19),
    (0xFF21, 0xFF3A),
    (0xFF3F, 0xFF3F),
    (0xFF41, 0xFF5A),
    (0xFF65, 0xFFBE),
    (0xFFC2, 0xFFC7),
    (0xFFCA, 0xFFCF),
    (0xFFD2, 0xFFD7),
    (0xFFDA, 0xFFDC),
    (0x10000, 0x1000B),
    (0x1000D, 0x10026),
    (0x10028, 0x1003A),
    (0x1003C, 0x1003D),
    (0x1003F, 0x1004D),
    (0x10050, 0x1005D),
    (0x10080, 0x100FA),
    (0x10140, 0x10174),
    (0x101FD, 0x101FD),
    (0x10280, 0x1029C),
    (0x102A0, 0x102D0),
    (0x102E0, 0x102E0),
    (0x10300, 0x1031F),
    (0x1032D, 0x1034A),
    (0x10350, 0x1037A),
    (0x10380, 0x1039D),
    (0x103A0, 0x103C3),
    (0x103C8, 0x103CF),
    (0x103D1, 0x103D5),
    (0x10400, 0x1049D),
    (0x104A0, 0x104A9),
    (0x104B0, 0x104D3),
    (0x104D8, 0x104FB),
    (0x10500, 0x10527),
    (0x10530, 0x10563),
    (0x10570, 0x1057A),
    (0x1057C, 0x1058A),
    (0x1058C, 0x10592),
    (0x10594, 0x10595),
    (0x10597, 0x105A1),
    (0x105A3, 0x105B1),
    (0x105B3, 0x105B9),
    (0x105BB, 0x105BC),
    (0x105C0, 0x105F3),
    (0x10600, 0x10736),
    (0x10740, 0x10755),
    (0x10760, 0x10767),
    (0x10780, 0x10785),
    (0x10787, 0x107B0),
    (0x107B2, 0x107BA),
    (0x10800, 0x10805),
    (0x10808, 0x10808),
    (0x1080A, 0x10835),
    (0x10837, 0x10838),
    (0x1083C, 0x1083C),
    (0x1083F, 0x10855),
    (0x10860, 0x10876),
    (0x10880, 0x1089E),
    (0x108E0, 0x108F2),
    (0x108F4, 0x108F5),
    (0x10900, 0x10915),
    (0x10920, 0x10939),
    (0x10940, 0x10959),
    (0x10980, 0x109B7),
    (0x109BE, 0x109BF),
    (0x10A00, 0x10A03),
    (0x10A05, 0x10A06),
    (0x10A0C, 0x10A13),
    (0x10A15, 0x10A17),
    (0x10A19, 0x10A35),
    (0x10A38, 0x10A3A),
    (0x10A3F, 0x10A3F),
    (0x10A60, 0x10A7C),
    (0x10A80, 0x10A9C),
    (0x10AC0, 0x10AC7),
    (0x10AC9, 0x10AE6),
    (0x10B00, 0x10B35),
    (0x10B40, 0x10B55),
    (0x10B60, 0x10B72),
    (0x10B80, 0x10B91),
    (0x10C00, 0x10C48),
    (0x10C80, 0x10CB2),
    (0x10CC0, 0x10CF2),
    (0x10D00, 0x10D27),
    (0x10D30, 0x10D39),
    (0x10D40, 0x10D65),
    (0x10D69, 0x10D6D),
    (0x10D6F, 0x10D85),
    (0x10E80, 0x10EA9),
    (0x10EAB, 0x10EAC),
    (0x10EB0, 0x10EB1),
    (0x10EC2, 0x10EC7),
    (0x10EFA, 0x10F1C),
    (0x10F27, 0x10F27),
    (0x10F30, 0x10F50),
    (0x10F70, 0x10F85),
    (0x10FB0, 0x10FC4),
    (0x10FE0, 0x10FF6),
    (0x11000, 0x11046),
    (0x11066, 0x11075),
    (0x1107F, 0x110BA),
    (0x110C2, 0x110C2),
    (0x110D0, 0x110E8),
    (0x110F0, 0x110F9),
    (0x11100, 0x11134),
    (0x11136, 0x1113F),
    (0x11144, 0x11147),
    (0x11150, 0x11173),
    (0x11176, 0x11176),
    (0x11180, 0x111C4),
    (0x111C9, 0x111CC),
    (0x111CE, 0x111DA),
    (0x111DC, 0x111DC),
    (0x11200, 0x11211),
    (0x11213, 0x11237),
    (0x1123E, 0x11241),
    (0x11280, 0x11286),
    (0x11288, 0x11288),
    (0x1128A, 0x1128D),
    (0x1128F, 0x1129D),
    (0x1129F, 0x112A8),
    (0x112B0, 0x112EA),
    (0x112F0, 0x112F9),
    (0x11300, 0x11303),
    (0x11305, 0x1130C),
    (0x1130F, 0x11310),
    (0x11313, 0x11328),
    (0x1132A, 0x11330),
    (0x11332, 0x11333),
    (0x11335, 0x11339),
    (0x1133B, 0x11344),
    (0x11347, 0x11348),
    (0x1134B, 0x1134D),
    (0x11350, 0x11350),
    (0x11357, 0x11357),
    (0x1135D, 0x11363),
    (0x11366, 0x1136C),
    (0x11370, 0x11374),
    (0x11380, 0x11389),
    (0x1138B, 0x1138B),
    (0x1138E, 0x1138E),
    (0x11390, 0x113B5),
    (0x113B7, 0x113C0),
    (0x113C2, 0x113C2),
    (0x113C5, 0x113C5),
    (0x113C7, 0x113CA),
    (0x113CC, 0x113D3),
    (0x113E1, 0x113E2),
    (0x11400, 0x1144A),
    (0x11450, 0x11459),
    (0x1145E, 0x11461),
    (0x11480, 0x114C5),
    (0x114C7, 0x114C7),
    (0x114D0, 0x114D9),
    (0x11580, 0x115B5),
    (0x115B8, 0x115C0),
    (0x115D8, 0x115DD),
    (0x11600, 0x11640),
    (0x11644, 0x11644),
    (0x11650, 0x11659),
    (0x11680, 0x116B8),
    (0x116C0, 0x116C9),
    (0x116D0, 0x116E3),
    (0x11700, 0x1171A),
    (0x1171D, 0x1172B),
    (0x11730, 0x11739),
    (0x11740, 0x11746),
    (0x11800, 0x1183A),
    (0x118A0, 0x118E9),
    (0x118FF, 0x11906),
    (0x11909, 0x11909),
    (0x1190C, 0x11913),
    (0x11915, 0x11916),
    (0x11918, 0x11935),
    (0x11937, 0x11938),
    (0x1193B, 0x11943),
    (0x11950, 0x11959),
    (0x119A0, 0x119A7),
    (0x119AA, 0x119D7),
    (0x119DA, 0x119E1),
    (0x119E3, 0x119E4),
    (0x11A00, 0x11A3E),
    (0x11A47, 0x11A47),
    (0x11A50, 0x11A99),
    (0x11A9D, 0x11A9D),
    (0x11AB0, 0x11AF8),
    (0x11B60, 0x11B67),
    (0x11BC0, 0x11BE0),
    (0x11BF0, 0x11BF9),
    (0x11C00, 0x11C08),
    (0x11C0A, 0x11C36),
    (0x11C38, 0x11C40),
    (0x11C50, 0x11C59),
    (0x11C72, 0x11C8F),
    (0x11C92, 0x11CA7),
    (0x11CA9, 0x11CB6),
    (0x11D00, 0x11D06),
    (0x11D08, 0x11D09),
    (0x11D0B, 0x11D36),
    (0x11D3A, 0x11D3A),
    (0x11D3C, 0x11D3D),
    (0x11D3F, 0x11D47),
    (0x11D50, 0x11D59),
    (0x11D60, 0x11D65),
    (0x11D67, 0x11D68),
    (0x11D6A, 0x11D8E),
    (0x11D90, 0x11D91),
    (0x11D93, 0x11D98),
    (0x11DA0, 0x11DA9),
    (0x11DB0, 0x11DDB),
    (0x11DE0, 0x11DE9),
    (0x11EE0, 0x11EF6),
    (0x11F00, 0x11F10),
    (0x11F12, 0x11F3A),
    (0x11F3E, 0x11F42),
    (0x11F50, 0x11F5A),
    (0x11FB0, 0x11FB0),
    (0x12000, 0x12399),
    (0x12400, 0x1246E),
    (0x12480, 0x12543),
    (0x12F90, 0x12FF0),
    (0x13000, 0x1342F),
    (0x13440, 0x13455),
    (0x13460, 0x143FA),
    (0x14400, 0x14646),
    (0x16100, 0x16139),
    (0x16800, 0x16A38),
    (0x16A40, 0x16A5E),
    (0x16A60, 0x16A69),
    (0x16A70, 0x16ABE),
    (0x16AC0, 0x16AC9),
    (0x16AD0, 0x16AED),
    (0x16AF0, 0x16AF4),
    (0x16B00, 0x16B36),
    (0x16B40, 0x16B43),
    (0x16B50, 0x16B59),
    (0x16B63, 0x16B77),
    (0x16B7D, 0x16B8F),
    (0x16D40, 0x16D6C),
    (0x16D70, 0x16D79),
    (0x16E40, 0x16E7F),
    (0x16EA0, 0x16EB8),
    (0x16EBB, 0x16ED3),
    (0x16F00, 0x16F4A),
    (0x16F4F, 0x16F87),
    (0x16F8F, 0x16F9F),
    (0x16FE0, 0x16FE1),
    (0x16FE3, 0x16FE4),
    (0x16FF0, 0x16FF6),
    (0x17000, 0x18CD5),
    (0x18CFF, 0x18D1E),
    (0x18D80, 0x18DF2),
    (0x1AFF0, 0x1AFF3),
    (0x1AFF5, 0x1AFFB),
    (0x1AFFD, 0x1AFFE),
    (0x1B000, 0x1B122),
    (0x1B132, 0x1B132),
    (0x1B150, 0x1B152),
    (0x1B155, 0x1B155),
    (0x1B164, 0x1B167),
    (0x1B170, 0x1B2FB),
    (0x1BC00, 0x1BC6A),
    (0x1BC70, 0x1BC7C),
    (0x1BC80, 0x1BC88),
    (0x1BC90, 0x1BC99),
    (0x1BC9D, 0x1BC9E),
    (0x1CCF0, 0x1CCF9),
    (0x1CF00, 0x1CF2D),
    (0x1CF30, 0x1CF46),
    (0x1D165, 0x1D169),
    (0x1D16D, 0x1D172),
    (0x1D17B, 0x1D182),
    (0x1D185, 0x1D18B),
    (0x1D1AA, 0x1D1AD),
    (0x1D242, 0x1D244),
    (0x1D400, 0x1D454),
    (0x1D456, 0x1D49C),
    (0x1D49E, 0x1D49F),
    (0x1D4A2, 0x1D4A2),
    (0x1D4A5, 0x1D4A6),
    (0x1D4A9, 0x1D4AC),
    (0x1D4AE, 0x1D4B9),
    (0x1D4BB, 0x1D4BB),
    (0x1D4BD, 0x1D4C3),
    (0x1D4C5, 0x1D505),
    (0x1D507, 0x1D50A),
    (0x1D50D, 0x1D514),
    (0x1D516, 0x1D51C),
    (0x1D51E, 0x1D539),
    (0x1D53B, 0x1D53E),
    (0x1D540, 0x1D544),
    (0x1D546, 0x1D546),
    (0x1D54A, 0x1D550),
    (0x1D552, 0x1D6A5),
    (0x1D6A8, 0x1D6C0),
    (0x1D6C2, 0x1D6DA),
    (0x1D6DC, 0x1D6FA),
    (0x1D6FC, 0x1D714),
    (0x1D716, 0x1D734),
    (0x1D736, 0x1D74E),
    (0x1D750, 0x1D76E),
    (0x1D770, 0x1D788),
    (0x1D78A, 0x1D7A8),
    (0x1D7AA, 0x1D7C2),
    (0x1D7C4, 0x1D7CB),
    (0x1D7CE, 0x1D7FF),
    (0x1DA00, 0x1DA36),
    (0x1DA3B, 0x1DA6C),
    (0x1DA75, 0x1DA75),
    (0x1DA84, 0x1DA84),
    (0x1DA9B, 0x1DA9F),
    (0x1DAA1, 0x1DAAF),
    (0x1DF00, 0x1DF1E),
    (0x1DF25, 0x1DF2A),
    (0x1E000, 0x1E006),
    (0x1E008, 0x1E018),
    (0x1E01B, 0x1E021),
    (0x1E023, 0x1E024),
    (0x1E026, 0x1E02A),
    (0x1E030, 0x1E06D),
    (0x1E08F, 0x1E08F),
    (0x1E100, 0x1E12C),
    (0x1E130, 0x1E13D),
    (0x1E140, 0x1E149),
    (0x1E14E, 0x1E14E),
    (0x1E290, 0x1E2AE),
    (0x1E2C0, 0x1E2F9),
    (0x1E4D0, 0x1E4F9),
    (0x1E5D0, 0x1E5FA),
    (0x1E6C0, 0x1E6DE),
    (0x1E6E0, 0x1E6F5),
    (0x1E6FE, 0x1E6FF),
    (0x1E7E0, 0x1E7E6),
    (0x1E7E8, 0x1E7EB),
    (0x1E7ED, 0x1E7EE),
    (0x1E7F0, 0x1E7FE),
    (0x1E800, 0x1E8C4),
    (0x1E8D0, 0x1E8D6),
    (0x1E900, 0x1E94B),
    (0x1E950, 0x1E959),
    (0x1EE00, 0x1EE03),
    (0x1EE05, 0x1EE1F),
    (0x1EE21, 0x1EE22),
    (0x1EE24, 0x1EE24),
    (0x1EE27, 0x1EE27),
    (0x1EE29, 0x1EE32),
    (0x1EE34, 0x1EE37),
    (0x1EE39, 0x1EE39),
    (0x1EE3B, 0x1EE3B),
    (0x1EE42, 0x1EE42),
    (0x1EE47, 0x1EE47),
    (0x1EE49, 0x1EE49),
    (0x1EE4B, 0x1EE4B),
    (0x1EE4D, 0x1EE4F),
    (0x1EE51, 0x1EE52),
    (0x1EE54, 0x1EE54),
    (0x1EE57, 0x1EE57),
    (0x1EE59, 0x1EE59),
    (0x1EE5B, 0x1EE5B),
    (0x1EE5D, 0x1EE5D),
    (0x1EE5F, 0x1EE5F),
    (0x1EE61, 0x1EE62),
    (0x1EE64, 0x1EE64),
    (0x1EE67, 0x1EE6A),
    (0x1EE6C, 0x1EE72),
    (0x1EE74, 0x1EE77),
    (0x1EE79, 0x1EE7C),
    (0x1EE7E, 0x1EE7E),
    (0x1EE80, 0x1EE89),
    (0x1EE8B, 0x1EE9B),
    (0x1EEA1, 0x1EEA3),
    (0x1EEA5, 0x1EEA9),
    (0x1EEAB, 0x1EEBB),
    (0x1FBF0, 0x1FBF9),
    (0x20000, 0x2A6DF),
    (0x2A700, 0x2B81D),
    (0x2B820, 0x2CEAD),
    (0x2CEB0, 0x2EBE0),
    (0x2EBF0, 0x2EE5D),
    (0x2F800, 0x2FA1D),
    (0x30000, 0x3134A),
    (0x31350, 0x33479),
    (0xE0100, 0xE01EF),
];

/// `\p{ID_Start}` (from the test262 fixtures).
pub const ID_START: &[(u32, u32)] = &[
    (0x0041, 0x005A),
    (0x0061, 0x007A),
    (0x00AA, 0x00AA),
    (0x00B5, 0x00B5),
    (0x00BA, 0x00BA),
    (0x00C0, 0x00D6),
    (0x00D8, 0x00F6),
    (0x00F8, 0x02C1),
    (0x02C6, 0x02D1),
    (0x02E0, 0x02E4),
    (0x02EC, 0x02EC),
    (0x02EE, 0x02EE),
    (0x0370, 0x0374),
    (0x0376, 0x0377),
    (0x037A, 0x037D),
    (0x037F, 0x037F),
    (0x0386, 0x0386),
    (0x0388, 0x038A),
    (0x038C, 0x038C),
    (0x038E, 0x03A1),
    (0x03A3, 0x03F5),
    (0x03F7, 0x0481),
    (0x048A, 0x052F),
    (0x0531, 0x0556),
    (0x0559, 0x0559),
    (0x0560, 0x0588),
    (0x05D0, 0x05EA),
    (0x05EF, 0x05F2),
    (0x0620, 0x064A),
    (0x066E, 0x066F),
    (0x0671, 0x06D3),
    (0x06D5, 0x06D5),
    (0x06E5, 0x06E6),
    (0x06EE, 0x06EF),
    (0x06FA, 0x06FC),
    (0x06FF, 0x06FF),
    (0x0710, 0x0710),
    (0x0712, 0x072F),
    (0x074D, 0x07A5),
    (0x07B1, 0x07B1),
    (0x07CA, 0x07EA),
    (0x07F4, 0x07F5),
    (0x07FA, 0x07FA),
    (0x0800, 0x0815),
    (0x081A, 0x081A),
    (0x0824, 0x0824),
    (0x0828, 0x0828),
    (0x0840, 0x0858),
    (0x0860, 0x086A),
    (0x0870, 0x0887),
    (0x0889, 0x088F),
    (0x08A0, 0x08C9),
    (0x0904, 0x0939),
    (0x093D, 0x093D),
    (0x0950, 0x0950),
    (0x0958, 0x0961),
    (0x0971, 0x0980),
    (0x0985, 0x098C),
    (0x098F, 0x0990),
    (0x0993, 0x09A8),
    (0x09AA, 0x09B0),
    (0x09B2, 0x09B2),
    (0x09B6, 0x09B9),
    (0x09BD, 0x09BD),
    (0x09CE, 0x09CE),
    (0x09DC, 0x09DD),
    (0x09DF, 0x09E1),
    (0x09F0, 0x09F1),
    (0x09FC, 0x09FC),
    (0x0A05, 0x0A0A),
    (0x0A0F, 0x0A10),
    (0x0A13, 0x0A28),
    (0x0A2A, 0x0A30),
    (0x0A32, 0x0A33),
    (0x0A35, 0x0A36),
    (0x0A38, 0x0A39),
    (0x0A59, 0x0A5C),
    (0x0A5E, 0x0A5E),
    (0x0A72, 0x0A74),
    (0x0A85, 0x0A8D),
    (0x0A8F, 0x0A91),
    (0x0A93, 0x0AA8),
    (0x0AAA, 0x0AB0),
    (0x0AB2, 0x0AB3),
    (0x0AB5, 0x0AB9),
    (0x0ABD, 0x0ABD),
    (0x0AD0, 0x0AD0),
    (0x0AE0, 0x0AE1),
    (0x0AF9, 0x0AF9),
    (0x0B05, 0x0B0C),
    (0x0B0F, 0x0B10),
    (0x0B13, 0x0B28),
    (0x0B2A, 0x0B30),
    (0x0B32, 0x0B33),
    (0x0B35, 0x0B39),
    (0x0B3D, 0x0B3D),
    (0x0B5C, 0x0B5D),
    (0x0B5F, 0x0B61),
    (0x0B71, 0x0B71),
    (0x0B83, 0x0B83),
    (0x0B85, 0x0B8A),
    (0x0B8E, 0x0B90),
    (0x0B92, 0x0B95),
    (0x0B99, 0x0B9A),
    (0x0B9C, 0x0B9C),
    (0x0B9E, 0x0B9F),
    (0x0BA3, 0x0BA4),
    (0x0BA8, 0x0BAA),
    (0x0BAE, 0x0BB9),
    (0x0BD0, 0x0BD0),
    (0x0C05, 0x0C0C),
    (0x0C0E, 0x0C10),
    (0x0C12, 0x0C28),
    (0x0C2A, 0x0C39),
    (0x0C3D, 0x0C3D),
    (0x0C58, 0x0C5A),
    (0x0C5C, 0x0C5D),
    (0x0C60, 0x0C61),
    (0x0C80, 0x0C80),
    (0x0C85, 0x0C8C),
    (0x0C8E, 0x0C90),
    (0x0C92, 0x0CA8),
    (0x0CAA, 0x0CB3),
    (0x0CB5, 0x0CB9),
    (0x0CBD, 0x0CBD),
    (0x0CDC, 0x0CDE),
    (0x0CE0, 0x0CE1),
    (0x0CF1, 0x0CF2),
    (0x0D04, 0x0D0C),
    (0x0D0E, 0x0D10),
    (0x0D12, 0x0D3A),
    (0x0D3D, 0x0D3D),
    (0x0D4E, 0x0D4E),
    (0x0D54, 0x0D56),
    (0x0D5F, 0x0D61),
    (0x0D7A, 0x0D7F),
    (0x0D85, 0x0D96),
    (0x0D9A, 0x0DB1),
    (0x0DB3, 0x0DBB),
    (0x0DBD, 0x0DBD),
    (0x0DC0, 0x0DC6),
    (0x0E01, 0x0E30),
    (0x0E32, 0x0E33),
    (0x0E40, 0x0E46),
    (0x0E81, 0x0E82),
    (0x0E84, 0x0E84),
    (0x0E86, 0x0E8A),
    (0x0E8C, 0x0EA3),
    (0x0EA5, 0x0EA5),
    (0x0EA7, 0x0EB0),
    (0x0EB2, 0x0EB3),
    (0x0EBD, 0x0EBD),
    (0x0EC0, 0x0EC4),
    (0x0EC6, 0x0EC6),
    (0x0EDC, 0x0EDF),
    (0x0F00, 0x0F00),
    (0x0F40, 0x0F47),
    (0x0F49, 0x0F6C),
    (0x0F88, 0x0F8C),
    (0x1000, 0x102A),
    (0x103F, 0x103F),
    (0x1050, 0x1055),
    (0x105A, 0x105D),
    (0x1061, 0x1061),
    (0x1065, 0x1066),
    (0x106E, 0x1070),
    (0x1075, 0x1081),
    (0x108E, 0x108E),
    (0x10A0, 0x10C5),
    (0x10C7, 0x10C7),
    (0x10CD, 0x10CD),
    (0x10D0, 0x10FA),
    (0x10FC, 0x1248),
    (0x124A, 0x124D),
    (0x1250, 0x1256),
    (0x1258, 0x1258),
    (0x125A, 0x125D),
    (0x1260, 0x1288),
    (0x128A, 0x128D),
    (0x1290, 0x12B0),
    (0x12B2, 0x12B5),
    (0x12B8, 0x12BE),
    (0x12C0, 0x12C0),
    (0x12C2, 0x12C5),
    (0x12C8, 0x12D6),
    (0x12D8, 0x1310),
    (0x1312, 0x1315),
    (0x1318, 0x135A),
    (0x1380, 0x138F),
    (0x13A0, 0x13F5),
    (0x13F8, 0x13FD),
    (0x1401, 0x166C),
    (0x166F, 0x167F),
    (0x1681, 0x169A),
    (0x16A0, 0x16EA),
    (0x16EE, 0x16F8),
    (0x1700, 0x1711),
    (0x171F, 0x1731),
    (0x1740, 0x1751),
    (0x1760, 0x176C),
    (0x176E, 0x1770),
    (0x1780, 0x17B3),
    (0x17D7, 0x17D7),
    (0x17DC, 0x17DC),
    (0x1820, 0x1878),
    (0x1880, 0x18A8),
    (0x18AA, 0x18AA),
    (0x18B0, 0x18F5),
    (0x1900, 0x191E),
    (0x1950, 0x196D),
    (0x1970, 0x1974),
    (0x1980, 0x19AB),
    (0x19B0, 0x19C9),
    (0x1A00, 0x1A16),
    (0x1A20, 0x1A54),
    (0x1AA7, 0x1AA7),
    (0x1B05, 0x1B33),
    (0x1B45, 0x1B4C),
    (0x1B83, 0x1BA0),
    (0x1BAE, 0x1BAF),
    (0x1BBA, 0x1BE5),
    (0x1C00, 0x1C23),
    (0x1C4D, 0x1C4F),
    (0x1C5A, 0x1C7D),
    (0x1C80, 0x1C8A),
    (0x1C90, 0x1CBA),
    (0x1CBD, 0x1CBF),
    (0x1CE9, 0x1CEC),
    (0x1CEE, 0x1CF3),
    (0x1CF5, 0x1CF6),
    (0x1CFA, 0x1CFA),
    (0x1D00, 0x1DBF),
    (0x1E00, 0x1F15),
    (0x1F18, 0x1F1D),
    (0x1F20, 0x1F45),
    (0x1F48, 0x1F4D),
    (0x1F50, 0x1F57),
    (0x1F59, 0x1F59),
    (0x1F5B, 0x1F5B),
    (0x1F5D, 0x1F5D),
    (0x1F5F, 0x1F7D),
    (0x1F80, 0x1FB4),
    (0x1FB6, 0x1FBC),
    (0x1FBE, 0x1FBE),
    (0x1FC2, 0x1FC4),
    (0x1FC6, 0x1FCC),
    (0x1FD0, 0x1FD3),
    (0x1FD6, 0x1FDB),
    (0x1FE0, 0x1FEC),
    (0x1FF2, 0x1FF4),
    (0x1FF6, 0x1FFC),
    (0x2071, 0x2071),
    (0x207F, 0x207F),
    (0x2090, 0x209C),
    (0x2102, 0x2102),
    (0x2107, 0x2107),
    (0x210A, 0x2113),
    (0x2115, 0x2115),
    (0x2118, 0x211D),
    (0x2124, 0x2124),
    (0x2126, 0x2126),
    (0x2128, 0x2128),
    (0x212A, 0x2139),
    (0x213C, 0x213F),
    (0x2145, 0x2149),
    (0x214E, 0x214E),
    (0x2160, 0x2188),
    (0x2C00, 0x2CE4),
    (0x2CEB, 0x2CEE),
    (0x2CF2, 0x2CF3),
    (0x2D00, 0x2D25),
    (0x2D27, 0x2D27),
    (0x2D2D, 0x2D2D),
    (0x2D30, 0x2D67),
    (0x2D6F, 0x2D6F),
    (0x2D80, 0x2D96),
    (0x2DA0, 0x2DA6),
    (0x2DA8, 0x2DAE),
    (0x2DB0, 0x2DB6),
    (0x2DB8, 0x2DBE),
    (0x2DC0, 0x2DC6),
    (0x2DC8, 0x2DCE),
    (0x2DD0, 0x2DD6),
    (0x2DD8, 0x2DDE),
    (0x3005, 0x3007),
    (0x3021, 0x3029),
    (0x3031, 0x3035),
    (0x3038, 0x303C),
    (0x3041, 0x3096),
    (0x309B, 0x309F),
    (0x30A1, 0x30FA),
    (0x30FC, 0x30FF),
    (0x3105, 0x312F),
    (0x3131, 0x318E),
    (0x31A0, 0x31BF),
    (0x31F0, 0x31FF),
    (0x3400, 0x4DBF),
    (0x4E00, 0xA48C),
    (0xA4D0, 0xA4FD),
    (0xA500, 0xA60C),
    (0xA610, 0xA61F),
    (0xA62A, 0xA62B),
    (0xA640, 0xA66E),
    (0xA67F, 0xA69D),
    (0xA6A0, 0xA6EF),
    (0xA717, 0xA71F),
    (0xA722, 0xA788),
    (0xA78B, 0xA7DC),
    (0xA7F1, 0xA801),
    (0xA803, 0xA805),
    (0xA807, 0xA80A),
    (0xA80C, 0xA822),
    (0xA840, 0xA873),
    (0xA882, 0xA8B3),
    (0xA8F2, 0xA8F7),
    (0xA8FB, 0xA8FB),
    (0xA8FD, 0xA8FE),
    (0xA90A, 0xA925),
    (0xA930, 0xA946),
    (0xA960, 0xA97C),
    (0xA984, 0xA9B2),
    (0xA9CF, 0xA9CF),
    (0xA9E0, 0xA9E4),
    (0xA9E6, 0xA9EF),
    (0xA9FA, 0xA9FE),
    (0xAA00, 0xAA28),
    (0xAA40, 0xAA42),
    (0xAA44, 0xAA4B),
    (0xAA60, 0xAA76),
    (0xAA7A, 0xAA7A),
    (0xAA7E, 0xAAAF),
    (0xAAB1, 0xAAB1),
    (0xAAB5, 0xAAB6),
    (0xAAB9, 0xAABD),
    (0xAAC0, 0xAAC0),
    (0xAAC2, 0xAAC2),
    (0xAADB, 0xAADD),
    (0xAAE0, 0xAAEA),
    (0xAAF2, 0xAAF4),
    (0xAB01, 0xAB06),
    (0xAB09, 0xAB0E),
    (0xAB11, 0xAB16),
    (0xAB20, 0xAB26),
    (0xAB28, 0xAB2E),
    (0xAB30, 0xAB5A),
    (0xAB5C, 0xAB69),
    (0xAB70, 0xABE2),
    (0xAC00, 0xD7A3),
    (0xD7B0, 0xD7C6),
    (0xD7CB, 0xD7FB),
    (0xF900, 0xFA6D),
    (0xFA70, 0xFAD9),
    (0xFB00, 0xFB06),
    (0xFB13, 0xFB17),
    (0xFB1D, 0xFB1D),
    (0xFB1F, 0xFB28),
    (0xFB2A, 0xFB36),
    (0xFB38, 0xFB3C),
    (0xFB3E, 0xFB3E),
    (0xFB40, 0xFB41),
    (0xFB43, 0xFB44),
    (0xFB46, 0xFBB1),
    (0xFBD3, 0xFD3D),
    (0xFD50, 0xFD8F),
    (0xFD92, 0xFDC7),
    (0xFDF0, 0xFDFB),
    (0xFE70, 0xFE74),
    (0xFE76, 0xFEFC),
    (0xFF21, 0xFF3A),
    (0xFF41, 0xFF5A),
    (0xFF66, 0xFFBE),
    (0xFFC2, 0xFFC7),
    (0xFFCA, 0xFFCF),
    (0xFFD2, 0xFFD7),
    (0xFFDA, 0xFFDC),
    (0x10000, 0x1000B),
    (0x1000D, 0x10026),
    (0x10028, 0x1003A),
    (0x1003C, 0x1003D),
    (0x1003F, 0x1004D),
    (0x10050, 0x1005D),
    (0x10080, 0x100FA),
    (0x10140, 0x10174),
    (0x10280, 0x1029C),
    (0x102A0, 0x102D0),
    (0x10300, 0x1031F),
    (0x1032D, 0x1034A),
    (0x10350, 0x10375),
    (0x10380, 0x1039D),
    (0x103A0, 0x103C3),
    (0x103C8, 0x103CF),
    (0x103D1, 0x103D5),
    (0x10400, 0x1049D),
    (0x104B0, 0x104D3),
    (0x104D8, 0x104FB),
    (0x10500, 0x10527),
    (0x10530, 0x10563),
    (0x10570, 0x1057A),
    (0x1057C, 0x1058A),
    (0x1058C, 0x10592),
    (0x10594, 0x10595),
    (0x10597, 0x105A1),
    (0x105A3, 0x105B1),
    (0x105B3, 0x105B9),
    (0x105BB, 0x105BC),
    (0x105C0, 0x105F3),
    (0x10600, 0x10736),
    (0x10740, 0x10755),
    (0x10760, 0x10767),
    (0x10780, 0x10785),
    (0x10787, 0x107B0),
    (0x107B2, 0x107BA),
    (0x10800, 0x10805),
    (0x10808, 0x10808),
    (0x1080A, 0x10835),
    (0x10837, 0x10838),
    (0x1083C, 0x1083C),
    (0x1083F, 0x10855),
    (0x10860, 0x10876),
    (0x10880, 0x1089E),
    (0x108E0, 0x108F2),
    (0x108F4, 0x108F5),
    (0x10900, 0x10915),
    (0x10920, 0x10939),
    (0x10940, 0x10959),
    (0x10980, 0x109B7),
    (0x109BE, 0x109BF),
    (0x10A00, 0x10A00),
    (0x10A10, 0x10A13),
    (0x10A15, 0x10A17),
    (0x10A19, 0x10A35),
    (0x10A60, 0x10A7C),
    (0x10A80, 0x10A9C),
    (0x10AC0, 0x10AC7),
    (0x10AC9, 0x10AE4),
    (0x10B00, 0x10B35),
    (0x10B40, 0x10B55),
    (0x10B60, 0x10B72),
    (0x10B80, 0x10B91),
    (0x10C00, 0x10C48),
    (0x10C80, 0x10CB2),
    (0x10CC0, 0x10CF2),
    (0x10D00, 0x10D23),
    (0x10D4A, 0x10D65),
    (0x10D6F, 0x10D85),
    (0x10E80, 0x10EA9),
    (0x10EB0, 0x10EB1),
    (0x10EC2, 0x10EC7),
    (0x10F00, 0x10F1C),
    (0x10F27, 0x10F27),
    (0x10F30, 0x10F45),
    (0x10F70, 0x10F81),
    (0x10FB0, 0x10FC4),
    (0x10FE0, 0x10FF6),
    (0x11003, 0x11037),
    (0x11071, 0x11072),
    (0x11075, 0x11075),
    (0x11083, 0x110AF),
    (0x110D0, 0x110E8),
    (0x11103, 0x11126),
    (0x11144, 0x11144),
    (0x11147, 0x11147),
    (0x11150, 0x11172),
    (0x11176, 0x11176),
    (0x11183, 0x111B2),
    (0x111C1, 0x111C4),
    (0x111DA, 0x111DA),
    (0x111DC, 0x111DC),
    (0x11200, 0x11211),
    (0x11213, 0x1122B),
    (0x1123F, 0x11240),
    (0x11280, 0x11286),
    (0x11288, 0x11288),
    (0x1128A, 0x1128D),
    (0x1128F, 0x1129D),
    (0x1129F, 0x112A8),
    (0x112B0, 0x112DE),
    (0x11305, 0x1130C),
    (0x1130F, 0x11310),
    (0x11313, 0x11328),
    (0x1132A, 0x11330),
    (0x11332, 0x11333),
    (0x11335, 0x11339),
    (0x1133D, 0x1133D),
    (0x11350, 0x11350),
    (0x1135D, 0x11361),
    (0x11380, 0x11389),
    (0x1138B, 0x1138B),
    (0x1138E, 0x1138E),
    (0x11390, 0x113B5),
    (0x113B7, 0x113B7),
    (0x113D1, 0x113D1),
    (0x113D3, 0x113D3),
    (0x11400, 0x11434),
    (0x11447, 0x1144A),
    (0x1145F, 0x11461),
    (0x11480, 0x114AF),
    (0x114C4, 0x114C5),
    (0x114C7, 0x114C7),
    (0x11580, 0x115AE),
    (0x115D8, 0x115DB),
    (0x11600, 0x1162F),
    (0x11644, 0x11644),
    (0x11680, 0x116AA),
    (0x116B8, 0x116B8),
    (0x11700, 0x1171A),
    (0x11740, 0x11746),
    (0x11800, 0x1182B),
    (0x118A0, 0x118DF),
    (0x118FF, 0x11906),
    (0x11909, 0x11909),
    (0x1190C, 0x11913),
    (0x11915, 0x11916),
    (0x11918, 0x1192F),
    (0x1193F, 0x1193F),
    (0x11941, 0x11941),
    (0x119A0, 0x119A7),
    (0x119AA, 0x119D0),
    (0x119E1, 0x119E1),
    (0x119E3, 0x119E3),
    (0x11A00, 0x11A00),
    (0x11A0B, 0x11A32),
    (0x11A3A, 0x11A3A),
    (0x11A50, 0x11A50),
    (0x11A5C, 0x11A89),
    (0x11A9D, 0x11A9D),
    (0x11AB0, 0x11AF8),
    (0x11BC0, 0x11BE0),
    (0x11C00, 0x11C08),
    (0x11C0A, 0x11C2E),
    (0x11C40, 0x11C40),
    (0x11C72, 0x11C8F),
    (0x11D00, 0x11D06),
    (0x11D08, 0x11D09),
    (0x11D0B, 0x11D30),
    (0x11D46, 0x11D46),
    (0x11D60, 0x11D65),
    (0x11D67, 0x11D68),
    (0x11D6A, 0x11D89),
    (0x11D98, 0x11D98),
    (0x11DB0, 0x11DDB),
    (0x11EE0, 0x11EF2),
    (0x11F02, 0x11F02),
    (0x11F04, 0x11F10),
    (0x11F12, 0x11F33),
    (0x11FB0, 0x11FB0),
    (0x12000, 0x12399),
    (0x12400, 0x1246E),
    (0x12480, 0x12543),
    (0x12F90, 0x12FF0),
    (0x13000, 0x1342F),
    (0x13441, 0x13446),
    (0x13460, 0x143FA),
    (0x14400, 0x14646),
    (0x16100, 0x1611D),
    (0x16800, 0x16A38),
    (0x16A40, 0x16A5E),
    (0x16A70, 0x16ABE),
    (0x16AD0, 0x16AED),
    (0x16B00, 0x16B2F),
    (0x16B40, 0x16B43),
    (0x16B63, 0x16B77),
    (0x16B7D, 0x16B8F),
    (0x16D40, 0x16D6C),
    (0x16E40, 0x16E7F),
    (0x16EA0, 0x16EB8),
    (0x16EBB, 0x16ED3),
    (0x16F00, 0x16F4A),
    (0x16F50, 0x16F50),
    (0x16F93, 0x16F9F),
    (0x16FE0, 0x16FE1),
    (0x16FE3, 0x16FE3),
    (0x16FF2, 0x16FF6),
    (0x17000, 0x18CD5),
    (0x18CFF, 0x18D1E),
    (0x18D80, 0x18DF2),
    (0x1AFF0, 0x1AFF3),
    (0x1AFF5, 0x1AFFB),
    (0x1AFFD, 0x1AFFE),
    (0x1B000, 0x1B122),
    (0x1B132, 0x1B132),
    (0x1B150, 0x1B152),
    (0x1B155, 0x1B155),
    (0x1B164, 0x1B167),
    (0x1B170, 0x1B2FB),
    (0x1BC00, 0x1BC6A),
    (0x1BC70, 0x1BC7C),
    (0x1BC80, 0x1BC88),
    (0x1BC90, 0x1BC99),
    (0x1D400, 0x1D454),
    (0x1D456, 0x1D49C),
    (0x1D49E, 0x1D49F),
    (0x1D4A2, 0x1D4A2),
    (0x1D4A5, 0x1D4A6),
    (0x1D4A9, 0x1D4AC),
    (0x1D4AE, 0x1D4B9),
    (0x1D4BB, 0x1D4BB),
    (0x1D4BD, 0x1D4C3),
    (0x1D4C5, 0x1D505),
    (0x1D507, 0x1D50A),
    (0x1D50D, 0x1D514),
    (0x1D516, 0x1D51C),
    (0x1D51E, 0x1D539),
    (0x1D53B, 0x1D53E),
    (0x1D540, 0x1D544),
    (0x1D546, 0x1D546),
    (0x1D54A, 0x1D550),
    (0x1D552, 0x1D6A5),
    (0x1D6A8, 0x1D6C0),
    (0x1D6C2, 0x1D6DA),
    (0x1D6DC, 0x1D6FA),
    (0x1D6FC, 0x1D714),
    (0x1D716, 0x1D734),
    (0x1D736, 0x1D74E),
    (0x1D750, 0x1D76E),
    (0x1D770, 0x1D788),
    (0x1D78A, 0x1D7A8),
    (0x1D7AA, 0x1D7C2),
    (0x1D7C4, 0x1D7CB),
    (0x1DF00, 0x1DF1E),
    (0x1DF25, 0x1DF2A),
    (0x1E030, 0x1E06D),
    (0x1E100, 0x1E12C),
    (0x1E137, 0x1E13D),
    (0x1E14E, 0x1E14E),
    (0x1E290, 0x1E2AD),
    (0x1E2C0, 0x1E2EB),
    (0x1E4D0, 0x1E4EB),
    (0x1E5D0, 0x1E5ED),
    (0x1E5F0, 0x1E5F0),
    (0x1E6C0, 0x1E6DE),
    (0x1E6E0, 0x1E6E2),
    (0x1E6E4, 0x1E6E5),
    (0x1E6E7, 0x1E6ED),
    (0x1E6F0, 0x1E6F4),
    (0x1E6FE, 0x1E6FF),
    (0x1E7E0, 0x1E7E6),
    (0x1E7E8, 0x1E7EB),
    (0x1E7ED, 0x1E7EE),
    (0x1E7F0, 0x1E7FE),
    (0x1E800, 0x1E8C4),
    (0x1E900, 0x1E943),
    (0x1E94B, 0x1E94B),
    (0x1EE00, 0x1EE03),
    (0x1EE05, 0x1EE1F),
    (0x1EE21, 0x1EE22),
    (0x1EE24, 0x1EE24),
    (0x1EE27, 0x1EE27),
    (0x1EE29, 0x1EE32),
    (0x1EE34, 0x1EE37),
    (0x1EE39, 0x1EE39),
    (0x1EE3B, 0x1EE3B),
    (0x1EE42, 0x1EE42),
    (0x1EE47, 0x1EE47),
    (0x1EE49, 0x1EE49),
    (0x1EE4B, 0x1EE4B),
    (0x1EE4D, 0x1EE4F),
    (0x1EE51, 0x1EE52),
    (0x1EE54, 0x1EE54),
    (0x1EE57, 0x1EE57),
    (0x1EE59, 0x1EE59),
    (0x1EE5B, 0x1EE5B),
    (0x1EE5D, 0x1EE5D),
    (0x1EE5F, 0x1EE5F),
    (0x1EE61, 0x1EE62),
    (0x1EE64, 0x1EE64),
    (0x1EE67, 0x1EE6A),
    (0x1EE6C, 0x1EE72),
    (0x1EE74, 0x1EE77),
    (0x1EE79, 0x1EE7C),
    (0x1EE7E, 0x1EE7E),
    (0x1EE80, 0x1EE89),
    (0x1EE8B, 0x1EE9B),
    (0x1EEA1, 0x1EEA3),
    (0x1EEA5, 0x1EEA9),
    (0x1EEAB, 0x1EEBB),
    (0x20000, 0x2A6DF),
    (0x2A700, 0x2B81D),
    (0x2B820, 0x2CEAD),
    (0x2CEB0, 0x2EBE0),
    (0x2EBF0, 0x2EE5D),
    (0x2F800, 0x2FA1D),
    (0x30000, 0x3134A),
    (0x31350, 0x33479),
];

/// `\p{Ideographic}` (from the test262 fixtures).
pub const IDEOGRAPHIC: &[(u32, u32)] = &[
    (0x3006, 0x3007),
    (0x3021, 0x3029),
    (0x3038, 0x303A),
    (0x3400, 0x4DBF),
    (0x4E00, 0x9FFF),
    (0xF900, 0xFA6D),
    (0xFA70, 0xFAD9),
    (0x16FE4, 0x16FE4),
    (0x16FF2, 0x16FF6),
    (0x17000, 0x18CD5),
    (0x18CFF, 0x18D1E),
    (0x18D80, 0x18DF2),
    (0x1B170, 0x1B2FB),
    (0x20000, 0x2A6DF),
    (0x2A700, 0x2B81D),
    (0x2B820, 0x2CEAD),
    (0x2CEB0, 0x2EBE0),
    (0x2EBF0, 0x2EE5D),
    (0x2F800, 0x2FA1D),
    (0x30000, 0x3134A),
    (0x31350, 0x33479),
];

/// `\p{Join_Control}` (from the test262 fixtures).
pub const JOIN_CONTROL: &[(u32, u32)] = &[
    (0x200C, 0x200D),
];

/// `\p{Logical_Order_Exception}` (from the test262 fixtures).
pub const LOGICAL_ORDER_EXCEPTION: &[(u32, u32)] = &[
    (0x0E40, 0x0E44),
    (0x0EC0, 0x0EC4),
    (0x19B5, 0x19B7),
    (0x19BA, 0x19BA),
    (0xAAB5, 0xAAB6),
    (0xAAB9, 0xAAB9),
    (0xAABB, 0xAABC),
];

/// `\p{Lowercase}` (from the test262 fixtures).
pub const LOWERCASE: &[(u32, u32)] = &[
    (0x0061, 0x007A),
    (0x00AA, 0x00AA),
    (0x00B5, 0x00B5),
    (0x00BA, 0x00BA),
    (0x00DF, 0x00F6),
    (0x00F8, 0x00FF),
    (0x0101, 0x0101),
    (0x0103, 0x0103),
    (0x0105, 0x0105),
    (0x0107, 0x0107),
    (0x0109, 0x0109),
    (0x010B, 0x010B),
    (0x010D, 0x010D),
    (0x010F, 0x010F),
    (0x0111, 0x0111),
    (0x0113, 0x0113),
    (0x0115, 0x0115),
    (0x0117, 0x0117),
    (0x0119, 0x0119),
    (0x011B, 0x011B),
    (0x011D, 0x011D),
    (0x011F, 0x011F),
    (0x0121, 0x0121),
    (0x0123, 0x0123),
    (0x0125, 0x0125),
    (0x0127, 0x0127),
    (0x0129, 0x0129),
    (0x012B, 0x012B),
    (0x012D, 0x012D),
    (0x012F, 0x012F),
    (0x0131, 0x0131),
    (0x0133, 0x0133),
    (0x0135, 0x0135),
    (0x0137, 0x0138),
    (0x013A, 0x013A),
    (0x013C, 0x013C),
    (0x013E, 0x013E),
    (0x0140, 0x0140),
    (0x0142, 0x0142),
    (0x0144, 0x0144),
    (0x0146, 0x0146),
    (0x0148, 0x0149),
    (0x014B, 0x014B),
    (0x014D, 0x014D),
    (0x014F, 0x014F),
    (0x0151, 0x0151),
    (0x0153, 0x0153),
    (0x0155, 0x0155),
    (0x0157, 0x0157),
    (0x0159, 0x0159),
    (0x015B, 0x015B),
    (0x015D, 0x015D),
    (0x015F, 0x015F),
    (0x0161, 0x0161),
    (0x0163, 0x0163),
    (0x0165, 0x0165),
    (0x0167, 0x0167),
    (0x0169, 0x0169),
    (0x016B, 0x016B),
    (0x016D, 0x016D),
    (0x016F, 0x016F),
    (0x0171, 0x0171),
    (0x0173, 0x0173),
    (0x0175, 0x0175),
    (0x0177, 0x0177),
    (0x017A, 0x017A),
    (0x017C, 0x017C),
    (0x017E, 0x0180),
    (0x0183, 0x0183),
    (0x0185, 0x0185),
    (0x0188, 0x0188),
    (0x018C, 0x018D),
    (0x0192, 0x0192),
    (0x0195, 0x0195),
    (0x0199, 0x019B),
    (0x019E, 0x019E),
    (0x01A1, 0x01A1),
    (0x01A3, 0x01A3),
    (0x01A5, 0x01A5),
    (0x01A8, 0x01A8),
    (0x01AA, 0x01AB),
    (0x01AD, 0x01AD),
    (0x01B0, 0x01B0),
    (0x01B4, 0x01B4),
    (0x01B6, 0x01B6),
    (0x01B9, 0x01BA),
    (0x01BD, 0x01BF),
    (0x01C6, 0x01C6),
    (0x01C9, 0x01C9),
    (0x01CC, 0x01CC),
    (0x01CE, 0x01CE),
    (0x01D0, 0x01D0),
    (0x01D2, 0x01D2),
    (0x01D4, 0x01D4),
    (0x01D6, 0x01D6),
    (0x01D8, 0x01D8),
    (0x01DA, 0x01DA),
    (0x01DC, 0x01DD),
    (0x01DF, 0x01DF),
    (0x01E1, 0x01E1),
    (0x01E3, 0x01E3),
    (0x01E5, 0x01E5),
    (0x01E7, 0x01E7),
    (0x01E9, 0x01E9),
    (0x01EB, 0x01EB),
    (0x01ED, 0x01ED),
    (0x01EF, 0x01F0),
    (0x01F3, 0x01F3),
    (0x01F5, 0x01F5),
    (0x01F9, 0x01F9),
    (0x01FB, 0x01FB),
    (0x01FD, 0x01FD),
    (0x01FF, 0x01FF),
    (0x0201, 0x0201),
    (0x0203, 0x0203),
    (0x0205, 0x0205),
    (0x0207, 0x0207),
    (0x0209, 0x0209),
    (0x020B, 0x020B),
    (0x020D, 0x020D),
    (0x020F, 0x020F),
    (0x0211, 0x0211),
    (0x0213, 0x0213),
    (0x0215, 0x0215),
    (0x0217, 0x0217),
    (0x0219, 0x0219),
    (0x021B, 0x021B),
    (0x021D, 0x021D),
    (0x021F, 0x021F),
    (0x0221, 0x0221),
    (0x0223, 0x0223),
    (0x0225, 0x0225),
    (0x0227, 0x0227),
    (0x0229, 0x0229),
    (0x022B, 0x022B),
    (0x022D, 0x022D),
    (0x022F, 0x022F),
    (0x0231, 0x0231),
    (0x0233, 0x0239),
    (0x023C, 0x023C),
    (0x023F, 0x0240),
    (0x0242, 0x0242),
    (0x0247, 0x0247),
    (0x0249, 0x0249),
    (0x024B, 0x024B),
    (0x024D, 0x024D),
    (0x024F, 0x0293),
    (0x0296, 0x02B8),
    (0x02C0, 0x02C1),
    (0x02E0, 0x02E4),
    (0x0345, 0x0345),
    (0x0371, 0x0371),
    (0x0373, 0x0373),
    (0x0377, 0x0377),
    (0x037A, 0x037D),
    (0x0390, 0x0390),
    (0x03AC, 0x03CE),
    (0x03D0, 0x03D1),
    (0x03D5, 0x03D7),
    (0x03D9, 0x03D9),
    (0x03DB, 0x03DB),
    (0x03DD, 0x03DD),
    (0x03DF, 0x03DF),
    (0x03E1, 0x03E1),
    (0x03E3, 0x03E3),
    (0x03E5, 0x03E5),
    (0x03E7, 0x03E7),
    (0x03E9, 0x03E9),
    (0x03EB, 0x03EB),
    (0x03ED, 0x03ED),
    (0x03EF, 0x03F3),
    (0x03F5, 0x03F5),
    (0x03F8, 0x03F8),
    (0x03FB, 0x03FC),
    (0x0430, 0x045F),
    (0x0461, 0x0461),
    (0x0463, 0x0463),
    (0x0465, 0x0465),
    (0x0467, 0x0467),
    (0x0469, 0x0469),
    (0x046B, 0x046B),
    (0x046D, 0x046D),
    (0x046F, 0x046F),
    (0x0471, 0x0471),
    (0x0473, 0x0473),
    (0x0475, 0x0475),
    (0x0477, 0x0477),
    (0x0479, 0x0479),
    (0x047B, 0x047B),
    (0x047D, 0x047D),
    (0x047F, 0x047F),
    (0x0481, 0x0481),
    (0x048B, 0x048B),
    (0x048D, 0x048D),
    (0x048F, 0x048F),
    (0x0491, 0x0491),
    (0x0493, 0x0493),
    (0x0495, 0x0495),
    (0x0497, 0x0497),
    (0x0499, 0x0499),
    (0x049B, 0x049B),
    (0x049D, 0x049D),
    (0x049F, 0x049F),
    (0x04A1, 0x04A1),
    (0x04A3, 0x04A3),
    (0x04A5, 0x04A5),
    (0x04A7, 0x04A7),
    (0x04A9, 0x04A9),
    (0x04AB, 0x04AB),
    (0x04AD, 0x04AD),
    (0x04AF, 0x04AF),
    (0x04B1, 0x04B1),
    (0x04B3, 0x04B3),
    (0x04B5, 0x04B5),
    (0x04B7, 0x04B7),
    (0x04B9, 0x04B9),
    (0x04BB, 0x04BB),
    (0x04BD, 0x04BD),
    (0x04BF, 0x04BF),
    (0x04C2, 0x04C2),
    (0x04C4, 0x04C4),
    (0x04C6, 0x04C6),
    (0x04C8, 0x04C8),
    (0x04CA, 0x04CA),
    (0x04CC, 0x04CC),
    (0x04CE, 0x04CF),
    (0x04D1, 0x04D1),
    (0x04D3, 0x04D3),
    (0x04D5, 0x04D5),
    (0x04D7, 0x04D7),
    (0x04D9, 0x04D9),
    (0x04DB, 0x04DB),
    (0x04DD, 0x04DD),
    (0x04DF, 0x04DF),
    (0x04E1, 0x04E1),
    (0x04E3, 0x04E3),
    (0x04E5, 0x04E5),
    (0x04E7, 0x04E7),
    (0x04E9, 0x04E9),
    (0x04EB, 0x04EB),
    (0x04ED, 0x04ED),
    (0x04EF, 0x04EF),
    (0x04F1, 0x04F1),
    (0x04F3, 0x04F3),
    (0x04F5, 0x04F5),
    (0x04F7, 0x04F7),
    (0x04F9, 0x04F9),
    (0x04FB, 0x04FB),
    (0x04FD, 0x04FD),
    (0x04FF, 0x04FF),
    (0x0501, 0x0501),
    (0x0503, 0x0503),
    (0x0505, 0x0505),
    (0x0507, 0x0507),
    (0x0509, 0x0509),
    (0x050B, 0x050B),
    (0x050D, 0x050D),
    (0x050F, 0x050F),
    (0x0511, 0x0511),
    (0x0513, 0x0513),
    (0x0515, 0x0515),
    (0x0517, 0x0517),
    (0x0519, 0x0519),
    (0x051B, 0x051B),
    (0x051D, 0x051D),
    (0x051F, 0x051F),
    (0x0521, 0x0521),
    (0x0523, 0x0523),
    (0x0525, 0x0525),
    (0x0527, 0x0527),
    (0x0529, 0x0529),
    (0x052B, 0x052B),
    (0x052D, 0x052D),
    (0x052F, 0x052F),
    (0x0560, 0x0588),
    (0x10D0, 0x10FA),
    (0x10FC, 0x10FF),
    (0x13F8, 0x13FD),
    (0x1C80, 0x1C88),
    (0x1C8A, 0x1C8A),
    (0x1D00, 0x1DBF),
    (0x1E01, 0x1E01),
    (0x1E03, 0x1E03),
    (0x1E05, 0x1E05),
    (0x1E07, 0x1E07),
    (0x1E09, 0x1E09),
    (0x1E0B, 0x1E0B),
    (0x1E0D, 0x1E0D),
    (0x1E0F, 0x1E0F),
    (0x1E11, 0x1E11),
    (0x1E13, 0x1E13),
    (0x1E15, 0x1E15),
    (0x1E17, 0x1E17),
    (0x1E19, 0x1E19),
    (0x1E1B, 0x1E1B),
    (0x1E1D, 0x1E1D),
    (0x1E1F, 0x1E1F),
    (0x1E21, 0x1E21),
    (0x1E23, 0x1E23),
    (0x1E25, 0x1E25),
    (0x1E27, 0x1E27),
    (0x1E29, 0x1E29),
    (0x1E2B, 0x1E2B),
    (0x1E2D, 0x1E2D),
    (0x1E2F, 0x1E2F),
    (0x1E31, 0x1E31),
    (0x1E33, 0x1E33),
    (0x1E35, 0x1E35),
    (0x1E37, 0x1E37),
    (0x1E39, 0x1E39),
    (0x1E3B, 0x1E3B),
    (0x1E3D, 0x1E3D),
    (0x1E3F, 0x1E3F),
    (0x1E41, 0x1E41),
    (0x1E43, 0x1E43),
    (0x1E45, 0x1E45),
    (0x1E47, 0x1E47),
    (0x1E49, 0x1E49),
    (0x1E4B, 0x1E4B),
    (0x1E4D, 0x1E4D),
    (0x1E4F, 0x1E4F),
    (0x1E51, 0x1E51),
    (0x1E53, 0x1E53),
    (0x1E55, 0x1E55),
    (0x1E57, 0x1E57),
    (0x1E59, 0x1E59),
    (0x1E5B, 0x1E5B),
    (0x1E5D, 0x1E5D),
    (0x1E5F, 0x1E5F),
    (0x1E61, 0x1E61),
    (0x1E63, 0x1E63),
    (0x1E65, 0x1E65),
    (0x1E67, 0x1E67),
    (0x1E69, 0x1E69),
    (0x1E6B, 0x1E6B),
    (0x1E6D, 0x1E6D),
    (0x1E6F, 0x1E6F),
    (0x1E71, 0x1E71),
    (0x1E73, 0x1E73),
    (0x1E75, 0x1E75),
    (0x1E77, 0x1E77),
    (0x1E79, 0x1E79),
    (0x1E7B, 0x1E7B),
    (0x1E7D, 0x1E7D),
    (0x1E7F, 0x1E7F),
    (0x1E81, 0x1E81),
    (0x1E83, 0x1E83),
    (0x1E85, 0x1E85),
    (0x1E87, 0x1E87),
    (0x1E89, 0x1E89),
    (0x1E8B, 0x1E8B),
    (0x1E8D, 0x1E8D),
    (0x1E8F, 0x1E8F),
    (0x1E91, 0x1E91),
    (0x1E93, 0x1E93),
    (0x1E95, 0x1E9D),
    (0x1E9F, 0x1E9F),
    (0x1EA1, 0x1EA1),
    (0x1EA3, 0x1EA3),
    (0x1EA5, 0x1EA5),
    (0x1EA7, 0x1EA7),
    (0x1EA9, 0x1EA9),
    (0x1EAB, 0x1EAB),
    (0x1EAD, 0x1EAD),
    (0x1EAF, 0x1EAF),
    (0x1EB1, 0x1EB1),
    (0x1EB3, 0x1EB3),
    (0x1EB5, 0x1EB5),
    (0x1EB7, 0x1EB7),
    (0x1EB9, 0x1EB9),
    (0x1EBB, 0x1EBB),
    (0x1EBD, 0x1EBD),
    (0x1EBF, 0x1EBF),
    (0x1EC1, 0x1EC1),
    (0x1EC3, 0x1EC3),
    (0x1EC5, 0x1EC5),
    (0x1EC7, 0x1EC7),
    (0x1EC9, 0x1EC9),
    (0x1ECB, 0x1ECB),
    (0x1ECD, 0x1ECD),
    (0x1ECF, 0x1ECF),
    (0x1ED1, 0x1ED1),
    (0x1ED3, 0x1ED3),
    (0x1ED5, 0x1ED5),
    (0x1ED7, 0x1ED7),
    (0x1ED9, 0x1ED9),
    (0x1EDB, 0x1EDB),
    (0x1EDD, 0x1EDD),
    (0x1EDF, 0x1EDF),
    (0x1EE1, 0x1EE1),
    (0x1EE3, 0x1EE3),
    (0x1EE5, 0x1EE5),
    (0x1EE7, 0x1EE7),
    (0x1EE9, 0x1EE9),
    (0x1EEB, 0x1EEB),
    (0x1EED, 0x1EED),
    (0x1EEF, 0x1EEF),
    (0x1EF1, 0x1EF1),
    (0x1EF3, 0x1EF3),
    (0x1EF5, 0x1EF5),
    (0x1EF7, 0x1EF7),
    (0x1EF9, 0x1EF9),
    (0x1EFB, 0x1EFB),
    (0x1EFD, 0x1EFD),
    (0x1EFF, 0x1F07),
    (0x1F10, 0x1F15),
    (0x1F20, 0x1F27),
    (0x1F30, 0x1F37),
    (0x1F40, 0x1F45),
    (0x1F50, 0x1F57),
    (0x1F60, 0x1F67),
    (0x1F70, 0x1F7D),
    (0x1F80, 0x1F87),
    (0x1F90, 0x1F97),
    (0x1FA0, 0x1FA7),
    (0x1FB0, 0x1FB4),
    (0x1FB6, 0x1FB7),
    (0x1FBE, 0x1FBE),
    (0x1FC2, 0x1FC4),
    (0x1FC6, 0x1FC7),
    (0x1FD0, 0x1FD3),
    (0x1FD6, 0x1FD7),
    (0x1FE0, 0x1FE7),
    (0x1FF2, 0x1FF4),
    (0x1FF6, 0x1FF7),
    (0x2071, 0x2071),
    (0x207F, 0x207F),
    (0x2090, 0x209C),
    (0x210A, 0x210A),
    (0x210E, 0x210F),
    (0x2113, 0x2113),
    (0x212F, 0x212F),
    (0x2134, 0x2134),
    (0x2139, 0x2139),
    (0x213C, 0x213D),
    (0x2146, 0x2149),
    (0x214E, 0x214E),
    (0x2170, 0x217F),
    (0x2184, 0x2184),
    (0x24D0, 0x24E9),
    (0x2C30, 0x2C5F),
    (0x2C61, 0x2C61),
    (0x2C65, 0x2C66),
    (0x2C68, 0x2C68),
    (0x2C6A, 0x2C6A),
    (0x2C6C, 0x2C6C),
    (0x2C71, 0x2C71),
    (0x2C73, 0x2C74),
    (0x2C76, 0x2C7D),
    (0x2C81, 0x2C81),
    (0x2C83, 0x2C83),
    (0x2C85, 0x2C85),
    (0x2C87, 0x2C87),
    (0x2C89, 0x2C89),
    (0x2C8B, 0x2C8B),
    (0x2C8D, 0x2C8D),
    (0x2C8F, 0x2C8F),
    (0x2C91, 0x2C91),
    (0x2C93, 0x2C93),
    (0x2C95, 0x2C95),
    (0x2C97, 0x2C97),
    (0x2C99, 0x2C99),
    (0x2C9B, 0x2C9B),
    (0x2C9D, 0x2C9D),
    (0x2C9F, 0x2C9F),
    (0x2CA1, 0x2CA1),
    (0x2CA3, 0x2CA3),
    (0x2CA5, 0x2CA5),
    (0x2CA7, 0x2CA7),
    (0x2CA9, 0x2CA9),
    (0x2CAB, 0x2CAB),
    (0x2CAD, 0x2CAD),
    (0x2CAF, 0x2CAF),
    (0x2CB1, 0x2CB1),
    (0x2CB3, 0x2CB3),
    (0x2CB5, 0x2CB5),
    (0x2CB7, 0x2CB7),
    (0x2CB9, 0x2CB9),
    (0x2CBB, 0x2CBB),
    (0x2CBD, 0x2CBD),
    (0x2CBF, 0x2CBF),
    (0x2CC1, 0x2CC1),
    (0x2CC3, 0x2CC3),
    (0x2CC5, 0x2CC5),
    (0x2CC7, 0x2CC7),
    (0x2CC9, 0x2CC9),
    (0x2CCB, 0x2CCB),
    (0x2CCD, 0x2CCD),
    (0x2CCF, 0x2CCF),
    (0x2CD1, 0x2CD1),
    (0x2CD3, 0x2CD3),
    (0x2CD5, 0x2CD5),
    (0x2CD7, 0x2CD7),
    (0x2CD9, 0x2CD9),
    (0x2CDB, 0x2CDB),
    (0x2CDD, 0x2CDD),
    (0x2CDF, 0x2CDF),
    (0x2CE1, 0x2CE1),
    (0x2CE3, 0x2CE4),
    (0x2CEC, 0x2CEC),
    (0x2CEE, 0x2CEE),
    (0x2CF3, 0x2CF3),
    (0x2D00, 0x2D25),
    (0x2D27, 0x2D27),
    (0x2D2D, 0x2D2D),
    (0xA641, 0xA641),
    (0xA643, 0xA643),
    (0xA645, 0xA645),
    (0xA647, 0xA647),
    (0xA649, 0xA649),
    (0xA64B, 0xA64B),
    (0xA64D, 0xA64D),
    (0xA64F, 0xA64F),
    (0xA651, 0xA651),
    (0xA653, 0xA653),
    (0xA655, 0xA655),
    (0xA657, 0xA657),
    (0xA659, 0xA659),
    (0xA65B, 0xA65B),
    (0xA65D, 0xA65D),
    (0xA65F, 0xA65F),
    (0xA661, 0xA661),
    (0xA663, 0xA663),
    (0xA665, 0xA665),
    (0xA667, 0xA667),
    (0xA669, 0xA669),
    (0xA66B, 0xA66B),
    (0xA66D, 0xA66D),
    (0xA681, 0xA681),
    (0xA683, 0xA683),
    (0xA685, 0xA685),
    (0xA687, 0xA687),
    (0xA689, 0xA689),
    (0xA68B, 0xA68B),
    (0xA68D, 0xA68D),
    (0xA68F, 0xA68F),
    (0xA691, 0xA691),
    (0xA693, 0xA693),
    (0xA695, 0xA695),
    (0xA697, 0xA697),
    (0xA699, 0xA699),
    (0xA69B, 0xA69D),
    (0xA723, 0xA723),
    (0xA725, 0xA725),
    (0xA727, 0xA727),
    (0xA729, 0xA729),
    (0xA72B, 0xA72B),
    (0xA72D, 0xA72D),
    (0xA72F, 0xA731),
    (0xA733, 0xA733),
    (0xA735, 0xA735),
    (0xA737, 0xA737),
    (0xA739, 0xA739),
    (0xA73B, 0xA73B),
    (0xA73D, 0xA73D),
    (0xA73F, 0xA73F),
    (0xA741, 0xA741),
    (0xA743, 0xA743),
    (0xA745, 0xA745),
    (0xA747, 0xA747),
    (0xA749, 0xA749),
    (0xA74B, 0xA74B),
    (0xA74D, 0xA74D),
    (0xA74F, 0xA74F),
    (0xA751, 0xA751),
    (0xA753, 0xA753),
    (0xA755, 0xA755),
    (0xA757, 0xA757),
    (0xA759, 0xA759),
    (0xA75B, 0xA75B),
    (0xA75D, 0xA75D),
    (0xA75F, 0xA75F),
    (0xA761, 0xA761),
    (0xA763, 0xA763),
    (0xA765, 0xA765),
    (0xA767, 0xA767),
    (0xA769, 0xA769),
    (0xA76B, 0xA76B),
    (0xA76D, 0xA76D),
    (0xA76F, 0xA778),
    (0xA77A, 0xA77A),
    (0xA77C, 0xA77C),
    (0xA77F, 0xA77F),
    (0xA781, 0xA781),
    (0xA783, 0xA783),
    (0xA785, 0xA785),
    (0xA787, 0xA787),
    (0xA78C, 0xA78C),
    (0xA78E, 0xA78E),
    (0xA791, 0xA791),
    (0xA793, 0xA795),
    (0xA797, 0xA797),
    (0xA799, 0xA799),
    (0xA79B, 0xA79B),
    (0xA79D, 0xA79D),
    (0xA79F, 0xA79F),
    (0xA7A1, 0xA7A1),
    (0xA7A3, 0xA7A3),
    (0xA7A5, 0xA7A5),
    (0xA7A7, 0xA7A7),
    (0xA7A9, 0xA7A9),
    (0xA7AF, 0xA7AF),
    (0xA7B5, 0xA7B5),
    (0xA7B7, 0xA7B7),
    (0xA7B9, 0xA7B9),
    (0xA7BB, 0xA7BB),
    (0xA7BD, 0xA7BD),
    (0xA7BF, 0xA7BF),
    (0xA7C1, 0xA7C1),
    (0xA7C3, 0xA7C3),
    (0xA7C8, 0xA7C8),
    (0xA7CA, 0xA7CA),
    (0xA7CD, 0xA7CD),
    (0xA7CF, 0xA7CF),
    (0xA7D1, 0xA7D1),
    (0xA7D3, 0xA7D3),
    (0xA7D5, 0xA7D5),
    (0xA7D7, 0xA7D7),
    (0xA7D9, 0xA7D9),
    (0xA7DB, 0xA7DB),
    (0xA7F1, 0xA7F4),
    (0xA7F6, 0xA7F6),
    (0xA7F8, 0xA7FA),
    (0xAB30, 0xAB5A),
    (0xAB5C, 0xAB69),
    (0xAB70, 0xABBF),
    (0xFB00, 0xFB06),
    (0xFB13, 0xFB17),
    (0xFF41, 0xFF5A),
    (0x10428, 0x1044F),
    (0x104D8, 0x104FB),
    (0x10597, 0x105A1),
    (0x105A3, 0x105B1),
    (0x105B3, 0x105B9),
    (0x105BB, 0x105BC),
    (0x10780, 0x10780),
    (0x10783, 0x10785),
    (0x10787, 0x107B0),
    (0x107B2, 0x107BA),
    (0x10CC0, 0x10CF2),
    (0x10D70, 0x10D85),
    (0x118C0, 0x118DF),
    (0x16E60, 0x16E7F),
    (0x16EBB, 0x16ED3),
    (0x1D41A, 0x1D433),
    (0x1D44E, 0x1D454),
    (0x1D456, 0x1D467),
    (0x1D482, 0x1D49B),
    (0x1D4B6, 0x1D4B9),
    (0x1D4BB, 0x1D4BB),
    (0x1D4BD, 0x1D4C3),
    (0x1D4C5, 0x1D4CF),
    (0x1D4EA, 0x1D503),
    (0x1D51E, 0x1D537),
    (0x1D552, 0x1D56B),
    (0x1D586, 0x1D59F),
    (0x1D5BA, 0x1D5D3),
    (0x1D5EE, 0x1D607),
    (0x1D622, 0x1D63B),
    (0x1D656, 0x1D66F),
    (0x1D68A, 0x1D6A5),
    (0x1D6C2, 0x1D6DA),
    (0x1D6DC, 0x1D6E1),
    (0x1D6FC, 0x1D714),
    (0x1D716, 0x1D71B),
    (0x1D736, 0x1D74E),
    (0x1D750, 0x1D755),
    (0x1D770, 0x1D788),
    (0x1D78A, 0x1D78F),
    (0x1D7AA, 0x1D7C2),
    (0x1D7C4, 0x1D7C9),
    (0x1D7CB, 0x1D7CB),
    (0x1DF00, 0x1DF09),
    (0x1DF0B, 0x1DF1E),
    (0x1DF25, 0x1DF2A),
    (0x1E030, 0x1E06D),
    (0x1E922, 0x1E943),
];

/// `\p{Math}` (from the test262 fixtures).
pub const MATH: &[(u32, u32)] = &[
    (0x002B, 0x002B),
    (0x003C, 0x003E),
    (0x005E, 0x005E),
    (0x007C, 0x007C),
    (0x007E, 0x007E),
    (0x00AC, 0x00AC),
    (0x00B1, 0x00B1),
    (0x00D7, 0x00D7),
    (0x00F7, 0x00F7),
    (0x03D0, 0x03D2),
    (0x03D5, 0x03D5),
    (0x03F0, 0x03F1),
    (0x03F4, 0x03F6),
    (0x0606, 0x0608),
    (0x2016, 0x2016),
    (0x2032, 0x2034),
    (0x2040, 0x2040),
    (0x2044, 0x2044),
    (0x2052, 0x2052),
    (0x2061, 0x2064),
    (0x207A, 0x207E),
    (0x208A, 0x208E),
    (0x20D0, 0x20DC),
    (0x20E1, 0x20E1),
    (0x20E5, 0x20E6),
    (0x20EB, 0x20EF),
    (0x2102, 0x2102),
    (0x2107, 0x2107),
    (0x210A, 0x2113),
    (0x2115, 0x2115),
    (0x2118, 0x211D),
    (0x2124, 0x2124),
    (0x2128, 0x2129),
    (0x212C, 0x212D),
    (0x212F, 0x2131),
    (0x2133, 0x2138),
    (0x213C, 0x2149),
    (0x214B, 0x214B),
    (0x2190, 0x21A7),
    (0x21A9, 0x21AE),
    (0x21B0, 0x21B1),
    (0x21B6, 0x21B7),
    (0x21BC, 0x21DB),
    (0x21DD, 0x21DD),
    (0x21E4, 0x21E5),
    (0x21F4, 0x22FF),
    (0x2308, 0x230B),
    (0x2320, 0x2321),
    (0x237C, 0x237C),
    (0x239B, 0x23B5),
    (0x23B7, 0x23B7),
    (0x23D0, 0x23D0),
    (0x23DC, 0x23E2),
    (0x25A0, 0x25A1),
    (0x25AE, 0x25B7),
    (0x25BC, 0x25C1),
    (0x25C6, 0x25C7),
    (0x25CA, 0x25CB),
    (0x25CF, 0x25D3),
    (0x25E2, 0x25E2),
    (0x25E4, 0x25E4),
    (0x25E7, 0x25EC),
    (0x25F8, 0x25FF),
    (0x2605, 0x2606),
    (0x2640, 0x2640),
    (0x2642, 0x2642),
    (0x2660, 0x2663),
    (0x266D, 0x266F),
    (0x27C0, 0x27FF),
    (0x2900, 0x2AFF),
    (0x2B30, 0x2B44),
    (0x2B47, 0x2B4C),
    (0xFB29, 0xFB29),
    (0xFE61, 0xFE66),
    (0xFE68, 0xFE68),
    (0xFF0B, 0xFF0B),
    (0xFF1C, 0xFF1E),
    (0xFF3C, 0xFF3C),
    (0xFF3E, 0xFF3E),
    (0xFF5C, 0xFF5C),
    (0xFF5E, 0xFF5E),
    (0xFFE2, 0xFFE2),
    (0xFFE9, 0xFFEC),
    (0x10D8E, 0x10D8F),
    (0x1CEF0, 0x1CEF0),
    (0x1D400, 0x1D454),
    (0x1D456, 0x1D49C),
    (0x1D49E, 0x1D49F),
    (0x1D4A2, 0x1D4A2),
    (0x1D4A5, 0x1D4A6),
    (0x1D4A9, 0x1D4AC),
    (0x1D4AE, 0x1D4B9),
    (0x1D4BB, 0x1D4BB),
    (0x1D4BD, 0x1D4C3),
    (0x1D4C5, 0x1D505),
    (0x1D507, 0x1D50A),
    (0x1D50D, 0x1D514),
    (0x1D516, 0x1D51C),
    (0x1D51E, 0x1D539),
    (0x1D53B, 0x1D53E),
    (0x1D540, 0x1D544),
    (0x1D546, 0x1D546),
    (0x1D54A, 0x1D550),
    (0x1D552, 0x1D6A5),
    (0x1D6A8, 0x1D7CB),
    (0x1D7CE, 0x1D7FF),
    (0x1EE00, 0x1EE03),
    (0x1EE05, 0x1EE1F),
    (0x1EE21, 0x1EE22),
    (0x1EE24, 0x1EE24),
    (0x1EE27, 0x1EE27),
    (0x1EE29, 0x1EE32),
    (0x1EE34, 0x1EE37),
    (0x1EE39, 0x1EE39),
    (0x1EE3B, 0x1EE3B),
    (0x1EE42, 0x1EE42),
    (0x1EE47, 0x1EE47),
    (0x1EE49, 0x1EE49),
    (0x1EE4B, 0x1EE4B),
    (0x1EE4D, 0x1EE4F),
    (0x1EE51, 0x1EE52),
    (0x1EE54, 0x1EE54),
    (0x1EE57, 0x1EE57),
    (0x1EE59, 0x1EE59),
    (0x1EE5B, 0x1EE5B),
    (0x1EE5D, 0x1EE5D),
    (0x1EE5F, 0x1EE5F),
    (0x1EE61, 0x1EE62),
    (0x1EE64, 0x1EE64),
    (0x1EE67, 0x1EE6A),
    (0x1EE6C, 0x1EE72),
    (0x1EE74, 0x1EE77),
    (0x1EE79, 0x1EE7C),
    (0x1EE7E, 0x1EE7E),
    (0x1EE80, 0x1EE89),
    (0x1EE8B, 0x1EE9B),
    (0x1EEA1, 0x1EEA3),
    (0x1EEA5, 0x1EEA9),
    (0x1EEAB, 0x1EEBB),
    (0x1EEF0, 0x1EEF1),
    (0x1F8D0, 0x1F8D8),
];

/// `\p{Noncharacter_Code_Point}` (from the test262 fixtures).
pub const NONCHARACTER_CODE_POINT: &[(u32, u32)] = &[
    (0xFDD0, 0xFDEF),
    (0xFFFE, 0xFFFF),
    (0x1FFFE, 0x1FFFF),
    (0x2FFFE, 0x2FFFF),
    (0x3FFFE, 0x3FFFF),
    (0x4FFFE, 0x4FFFF),
    (0x5FFFE, 0x5FFFF),
    (0x6FFFE, 0x6FFFF),
    (0x7FFFE, 0x7FFFF),
    (0x8FFFE, 0x8FFFF),
    (0x9FFFE, 0x9FFFF),
    (0xAFFFE, 0xAFFFF),
    (0xBFFFE, 0xBFFFF),
    (0xCFFFE, 0xCFFFF),
    (0xDFFFE, 0xDFFFF),
    (0xEFFFE, 0xEFFFF),
    (0xFFFFE, 0xFFFFF),
    (0x10FFFE, 0x10FFFF),
];

/// `\p{Pattern_Syntax}` (from the test262 fixtures).
pub const PATTERN_SYNTAX: &[(u32, u32)] = &[
    (0x0021, 0x002F),
    (0x003A, 0x0040),
    (0x005B, 0x005E),
    (0x0060, 0x0060),
    (0x007B, 0x007E),
    (0x00A1, 0x00A7),
    (0x00A9, 0x00A9),
    (0x00AB, 0x00AC),
    (0x00AE, 0x00AE),
    (0x00B0, 0x00B1),
    (0x00B6, 0x00B6),
    (0x00BB, 0x00BB),
    (0x00BF, 0x00BF),
    (0x00D7, 0x00D7),
    (0x00F7, 0x00F7),
    (0x2010, 0x2027),
    (0x2030, 0x203E),
    (0x2041, 0x2053),
    (0x2055, 0x205E),
    (0x2190, 0x245F),
    (0x2500, 0x2775),
    (0x2794, 0x2BFF),
    (0x2E00, 0x2E7F),
    (0x3001, 0x3003),
    (0x3008, 0x3020),
    (0x3030, 0x3030),
    (0xFD3E, 0xFD3F),
    (0xFE45, 0xFE46),
];

/// `\p{Pattern_White_Space}` (from the test262 fixtures).
pub const PATTERN_WHITE_SPACE: &[(u32, u32)] = &[
    (0x0009, 0x000D),
    (0x0020, 0x0020),
    (0x0085, 0x0085),
    (0x200E, 0x200F),
    (0x2028, 0x2029),
];

/// `\p{Quotation_Mark}` (from the test262 fixtures).
pub const QUOTATION_MARK: &[(u32, u32)] = &[
    (0x0022, 0x0022),
    (0x0027, 0x0027),
    (0x00AB, 0x00AB),
    (0x00BB, 0x00BB),
    (0x2018, 0x201F),
    (0x2039, 0x203A),
    (0x2E42, 0x2E42),
    (0x300C, 0x300F),
    (0x301D, 0x301F),
    (0xFE41, 0xFE44),
    (0xFF02, 0xFF02),
    (0xFF07, 0xFF07),
    (0xFF62, 0xFF63),
];

/// `\p{Radical}` (from the test262 fixtures).
pub const RADICAL: &[(u32, u32)] = &[
    (0x2E80, 0x2E99),
    (0x2E9B, 0x2EF3),
    (0x2F00, 0x2FD5),
];

/// `\p{Regional_Indicator}` (from the test262 fixtures).
pub const REGIONAL_INDICATOR: &[(u32, u32)] = &[
    (0x1F1E6, 0x1F1FF),
];

/// `\p{Script_-_Adlam}` (from the test262 fixtures).
pub const SCRIPT___ADLAM: &[(u32, u32)] = &[
    (0x1E900, 0x1E94B),
    (0x1E950, 0x1E959),
    (0x1E95E, 0x1E95F),
];

/// `\p{Script_-_Ahom}` (from the test262 fixtures).
pub const SCRIPT___AHOM: &[(u32, u32)] = &[
    (0x11700, 0x1171A),
    (0x1171D, 0x1172B),
    (0x11730, 0x11746),
];

/// `\p{Script_-_Anatolian_Hieroglyphs}` (from the test262 fixtures).
pub const SCRIPT___ANATOLIAN_HIEROGLYPHS: &[(u32, u32)] = &[
    (0x14400, 0x14646),
];

/// `\p{Script_-_Arabic}` (from the test262 fixtures).
pub const SCRIPT___ARABIC: &[(u32, u32)] = &[
    (0x0600, 0x0604),
    (0x0606, 0x060B),
    (0x060D, 0x061A),
    (0x061C, 0x061E),
    (0x0620, 0x063F),
    (0x0641, 0x064A),
    (0x0656, 0x066F),
    (0x0671, 0x06DC),
    (0x06DE, 0x06FF),
    (0x0750, 0x077F),
    (0x0870, 0x0891),
    (0x0897, 0x08E1),
    (0x08E3, 0x08FF),
    (0xFB50, 0xFD3D),
    (0xFD40, 0xFDCF),
    (0xFDF0, 0xFDFF),
    (0xFE70, 0xFE74),
    (0xFE76, 0xFEFC),
    (0x10E60, 0x10E7E),
    (0x10EC2, 0x10EC7),
    (0x10ED0, 0x10ED8),
    (0x10EFA, 0x10EFF),
    (0x1EE00, 0x1EE03),
    (0x1EE05, 0x1EE1F),
    (0x1EE21, 0x1EE22),
    (0x1EE24, 0x1EE24),
    (0x1EE27, 0x1EE27),
    (0x1EE29, 0x1EE32),
    (0x1EE34, 0x1EE37),
    (0x1EE39, 0x1EE39),
    (0x1EE3B, 0x1EE3B),
    (0x1EE42, 0x1EE42),
    (0x1EE47, 0x1EE47),
    (0x1EE49, 0x1EE49),
    (0x1EE4B, 0x1EE4B),
    (0x1EE4D, 0x1EE4F),
    (0x1EE51, 0x1EE52),
    (0x1EE54, 0x1EE54),
    (0x1EE57, 0x1EE57),
    (0x1EE59, 0x1EE59),
    (0x1EE5B, 0x1EE5B),
    (0x1EE5D, 0x1EE5D),
    (0x1EE5F, 0x1EE5F),
    (0x1EE61, 0x1EE62),
    (0x1EE64, 0x1EE64),
    (0x1EE67, 0x1EE6A),
    (0x1EE6C, 0x1EE72),
    (0x1EE74, 0x1EE77),
    (0x1EE79, 0x1EE7C),
    (0x1EE7E, 0x1EE7E),
    (0x1EE80, 0x1EE89),
    (0x1EE8B, 0x1EE9B),
    (0x1EEA1, 0x1EEA3),
    (0x1EEA5, 0x1EEA9),
    (0x1EEAB, 0x1EEBB),
    (0x1EEF0, 0x1EEF1),
];

/// `\p{Script_-_Armenian}` (from the test262 fixtures).
pub const SCRIPT___ARMENIAN: &[(u32, u32)] = &[
    (0x0531, 0x0556),
    (0x0559, 0x058A),
    (0x058D, 0x058F),
    (0xFB13, 0xFB17),
];

/// `\p{Script_-_Avestan}` (from the test262 fixtures).
pub const SCRIPT___AVESTAN: &[(u32, u32)] = &[
    (0x10B00, 0x10B35),
    (0x10B39, 0x10B3F),
];

/// `\p{Script_-_Balinese}` (from the test262 fixtures).
pub const SCRIPT___BALINESE: &[(u32, u32)] = &[
    (0x1B00, 0x1B4C),
    (0x1B4E, 0x1B7F),
];

/// `\p{Script_-_Bamum}` (from the test262 fixtures).
pub const SCRIPT___BAMUM: &[(u32, u32)] = &[
    (0xA6A0, 0xA6F7),
    (0x16800, 0x16A38),
];

/// `\p{Script_-_Bassa_Vah}` (from the test262 fixtures).
pub const SCRIPT___BASSA_VAH: &[(u32, u32)] = &[
    (0x16AD0, 0x16AED),
    (0x16AF0, 0x16AF5),
];

/// `\p{Script_-_Batak}` (from the test262 fixtures).
pub const SCRIPT___BATAK: &[(u32, u32)] = &[
    (0x1BC0, 0x1BF3),
    (0x1BFC, 0x1BFF),
];

/// `\p{Script_-_Bengali}` (from the test262 fixtures).
pub const SCRIPT___BENGALI: &[(u32, u32)] = &[
    (0x0980, 0x0983),
    (0x0985, 0x098C),
    (0x098F, 0x0990),
    (0x0993, 0x09A8),
    (0x09AA, 0x09B0),
    (0x09B2, 0x09B2),
    (0x09B6, 0x09B9),
    (0x09BC, 0x09C4),
    (0x09C7, 0x09C8),
    (0x09CB, 0x09CE),
    (0x09D7, 0x09D7),
    (0x09DC, 0x09DD),
    (0x09DF, 0x09E3),
    (0x09E6, 0x09FE),
];

/// `\p{Script_-_Beria_Erfe}` (from the test262 fixtures).
pub const SCRIPT___BERIA_ERFE: &[(u32, u32)] = &[
    (0x16EA0, 0x16EB8),
    (0x16EBB, 0x16ED3),
];

/// `\p{Script_-_Bhaiksuki}` (from the test262 fixtures).
pub const SCRIPT___BHAIKSUKI: &[(u32, u32)] = &[
    (0x11C00, 0x11C08),
    (0x11C0A, 0x11C36),
    (0x11C38, 0x11C45),
    (0x11C50, 0x11C6C),
];

/// `\p{Script_-_Bopomofo}` (from the test262 fixtures).
pub const SCRIPT___BOPOMOFO: &[(u32, u32)] = &[
    (0x02EA, 0x02EB),
    (0x3105, 0x312F),
    (0x31A0, 0x31BF),
];

/// `\p{Script_-_Brahmi}` (from the test262 fixtures).
pub const SCRIPT___BRAHMI: &[(u32, u32)] = &[
    (0x11000, 0x1104D),
    (0x11052, 0x11075),
    (0x1107F, 0x1107F),
];

/// `\p{Script_-_Braille}` (from the test262 fixtures).
pub const SCRIPT___BRAILLE: &[(u32, u32)] = &[
    (0x2800, 0x28FF),
];

/// `\p{Script_-_Buginese}` (from the test262 fixtures).
pub const SCRIPT___BUGINESE: &[(u32, u32)] = &[
    (0x1A00, 0x1A1B),
    (0x1A1E, 0x1A1F),
];

/// `\p{Script_-_Buhid}` (from the test262 fixtures).
pub const SCRIPT___BUHID: &[(u32, u32)] = &[
    (0x1740, 0x1753),
];

/// `\p{Script_-_Canadian_Aboriginal}` (from the test262 fixtures).
pub const SCRIPT___CANADIAN_ABORIGINAL: &[(u32, u32)] = &[
    (0x1400, 0x167F),
    (0x18B0, 0x18F5),
    (0x11AB0, 0x11ABF),
];

/// `\p{Script_-_Carian}` (from the test262 fixtures).
pub const SCRIPT___CARIAN: &[(u32, u32)] = &[
    (0x102A0, 0x102D0),
];

/// `\p{Script_-_Caucasian_Albanian}` (from the test262 fixtures).
pub const SCRIPT___CAUCASIAN_ALBANIAN: &[(u32, u32)] = &[
    (0x10530, 0x10563),
    (0x1056F, 0x1056F),
];

/// `\p{Script_-_Chakma}` (from the test262 fixtures).
pub const SCRIPT___CHAKMA: &[(u32, u32)] = &[
    (0x11100, 0x11134),
    (0x11136, 0x11147),
];

/// `\p{Script_-_Cham}` (from the test262 fixtures).
pub const SCRIPT___CHAM: &[(u32, u32)] = &[
    (0xAA00, 0xAA36),
    (0xAA40, 0xAA4D),
    (0xAA50, 0xAA59),
    (0xAA5C, 0xAA5F),
];

/// `\p{Script_-_Cherokee}` (from the test262 fixtures).
pub const SCRIPT___CHEROKEE: &[(u32, u32)] = &[
    (0x13A0, 0x13F5),
    (0x13F8, 0x13FD),
    (0xAB70, 0xABBF),
];

/// `\p{Script_-_Chorasmian}` (from the test262 fixtures).
pub const SCRIPT___CHORASMIAN: &[(u32, u32)] = &[
    (0x10FB0, 0x10FCB),
];

/// `\p{Script_-_Common}` (from the test262 fixtures).
pub const SCRIPT___COMMON: &[(u32, u32)] = &[
    (0x0000, 0x0040),
    (0x005B, 0x0060),
    (0x007B, 0x00A9),
    (0x00AB, 0x00B9),
    (0x00BB, 0x00BF),
    (0x00D7, 0x00D7),
    (0x00F7, 0x00F7),
    (0x02B9, 0x02DF),
    (0x02E5, 0x02E9),
    (0x02EC, 0x02FF),
    (0x0374, 0x0374),
    (0x037E, 0x037E),
    (0x0385, 0x0385),
    (0x0387, 0x0387),
    (0x0605, 0x0605),
    (0x060C, 0x060C),
    (0x061B, 0x061B),
    (0x061F, 0x061F),
    (0x0640, 0x0640),
    (0x06DD, 0x06DD),
    (0x08E2, 0x08E2),
    (0x0964, 0x0965),
    (0x0E3F, 0x0E3F),
    (0x0FD5, 0x0FD8),
    (0x10FB, 0x10FB),
    (0x16EB, 0x16ED),
    (0x1735, 0x1736),
    (0x1802, 0x1803),
    (0x1805, 0x1805),
    (0x1CD3, 0x1CD3),
    (0x1CE1, 0x1CE1),
    (0x1CE9, 0x1CEC),
    (0x1CEE, 0x1CF3),
    (0x1CF5, 0x1CF7),
    (0x1CFA, 0x1CFA),
    (0x2000, 0x200B),
    (0x200E, 0x2064),
    (0x2066, 0x2070),
    (0x2074, 0x207E),
    (0x2080, 0x208E),
    (0x20A0, 0x20C1),
    (0x2100, 0x2125),
    (0x2127, 0x2129),
    (0x212C, 0x2131),
    (0x2133, 0x214D),
    (0x214F, 0x215F),
    (0x2189, 0x218B),
    (0x2190, 0x2429),
    (0x2440, 0x244A),
    (0x2460, 0x27FF),
    (0x2900, 0x2B73),
    (0x2B76, 0x2BFF),
    (0x2E00, 0x2E5D),
    (0x2FF0, 0x3004),
    (0x3006, 0x3006),
    (0x3008, 0x3020),
    (0x3030, 0x3037),
    (0x303C, 0x303F),
    (0x309B, 0x309C),
    (0x30A0, 0x30A0),
    (0x30FB, 0x30FC),
    (0x3190, 0x319F),
    (0x31C0, 0x31E5),
    (0x31EF, 0x31EF),
    (0x3220, 0x325F),
    (0x327F, 0x32CF),
    (0x32FF, 0x32FF),
    (0x3358, 0x33FF),
    (0x4DC0, 0x4DFF),
    (0xA700, 0xA721),
    (0xA788, 0xA78A),
    (0xA830, 0xA839),
    (0xA92E, 0xA92E),
    (0xA9CF, 0xA9CF),
    (0xAB5B, 0xAB5B),
    (0xAB6A, 0xAB6B),
    (0xFD3E, 0xFD3F),
    (0xFE10, 0xFE19),
    (0xFE30, 0xFE52),
    (0xFE54, 0xFE66),
    (0xFE68, 0xFE6B),
    (0xFEFF, 0xFEFF),
    (0xFF01, 0xFF20),
    (0xFF3B, 0xFF40),
    (0xFF5B, 0xFF65),
    (0xFF70, 0xFF70),
    (0xFF9E, 0xFF9F),
    (0xFFE0, 0xFFE6),
    (0xFFE8, 0xFFEE),
    (0xFFF9, 0xFFFD),
    (0x10100, 0x10102),
    (0x10107, 0x10133),
    (0x10137, 0x1013F),
    (0x10190, 0x1019C),
    (0x101D0, 0x101FC),
    (0x102E1, 0x102FB),
    (0x1BCA0, 0x1BCA3),
    (0x1CC00, 0x1CCFC),
    (0x1CD00, 0x1CEB3),
    (0x1CEBA, 0x1CED0),
    (0x1CEE0, 0x1CEF0),
    (0x1CF50, 0x1CFC3),
    (0x1D000, 0x1D0F5),
    (0x1D100, 0x1D126),
    (0x1D129, 0x1D166),
    (0x1D16A, 0x1D17A),
    (0x1D183, 0x1D184),
    (0x1D18C, 0x1D1A9),
    (0x1D1AE, 0x1D1EA),
    (0x1D2C0, 0x1D2D3),
    (0x1D2E0, 0x1D2F3),
    (0x1D300, 0x1D356),
    (0x1D360, 0x1D378),
    (0x1D400, 0x1D454),
    (0x1D456, 0x1D49C),
    (0x1D49E, 0x1D49F),
    (0x1D4A2, 0x1D4A2),
    (0x1D4A5, 0x1D4A6),
    (0x1D4A9, 0x1D4AC),
    (0x1D4AE, 0x1D4B9),
    (0x1D4BB, 0x1D4BB),
    (0x1D4BD, 0x1D4C3),
    (0x1D4C5, 0x1D505),
    (0x1D507, 0x1D50A),
    (0x1D50D, 0x1D514),
    (0x1D516, 0x1D51C),
    (0x1D51E, 0x1D539),
    (0x1D53B, 0x1D53E),
    (0x1D540, 0x1D544),
    (0x1D546, 0x1D546),
    (0x1D54A, 0x1D550),
    (0x1D552, 0x1D6A5),
    (0x1D6A8, 0x1D7CB),
    (0x1D7CE, 0x1D7FF),
    (0x1EC71, 0x1ECB4),
    (0x1ED01, 0x1ED3D),
    (0x1F000, 0x1F02B),
    (0x1F030, 0x1F093),
    (0x1F0A0, 0x1F0AE),
    (0x1F0B1, 0x1F0BF),
    (0x1F0C1, 0x1F0CF),
    (0x1F0D1, 0x1F0F5),
    (0x1F100, 0x1F1AD),
    (0x1F1E6, 0x1F1FF),
    (0x1F201, 0x1F202),
    (0x1F210, 0x1F23B),
    (0x1F240, 0x1F248),
    (0x1F250, 0x1F251),
    (0x1F260, 0x1F265),
    (0x1F300, 0x1F6D8),
    (0x1F6DC, 0x1F6EC),
    (0x1F6F0, 0x1F6FC),
    (0x1F700, 0x1F7D9),
    (0x1F7E0, 0x1F7EB),
    (0x1F7F0, 0x1F7F0),
    (0x1F800, 0x1F80B),
    (0x1F810, 0x1F847),
    (0x1F850, 0x1F859),
    (0x1F860, 0x1F887),
    (0x1F890, 0x1F8AD),
    (0x1F8B0, 0x1F8BB),
    (0x1F8C0, 0x1F8C1),
    (0x1F8D0, 0x1F8D8),
    (0x1F900, 0x1FA57),
    (0x1FA60, 0x1FA6D),
    (0x1FA70, 0x1FA7C),
    (0x1FA80, 0x1FA8A),
    (0x1FA8E, 0x1FAC6),
    (0x1FAC8, 0x1FAC8),
    (0x1FACD, 0x1FADC),
    (0x1FADF, 0x1FAEA),
    (0x1FAEF, 0x1FAF8),
    (0x1FB00, 0x1FB92),
    (0x1FB94, 0x1FBFA),
    (0xE0001, 0xE0001),
    (0xE0020, 0xE007F),
];

/// `\p{Script_-_Coptic}` (from the test262 fixtures).
pub const SCRIPT___COPTIC: &[(u32, u32)] = &[
    (0x03E2, 0x03EF),
    (0x2C80, 0x2CF3),
    (0x2CF9, 0x2CFF),
];

/// `\p{Script_-_Cuneiform}` (from the test262 fixtures).
pub const SCRIPT___CUNEIFORM: &[(u32, u32)] = &[
    (0x12000, 0x12399),
    (0x12400, 0x1246E),
    (0x12470, 0x12474),
    (0x12480, 0x12543),
];

/// `\p{Script_-_Cypriot}` (from the test262 fixtures).
pub const SCRIPT___CYPRIOT: &[(u32, u32)] = &[
    (0x10800, 0x10805),
    (0x10808, 0x10808),
    (0x1080A, 0x10835),
    (0x10837, 0x10838),
    (0x1083C, 0x1083C),
    (0x1083F, 0x1083F),
];

/// `\p{Script_-_Cypro_Minoan}` (from the test262 fixtures).
pub const SCRIPT___CYPRO_MINOAN: &[(u32, u32)] = &[
    (0x12F90, 0x12FF2),
];

/// `\p{Script_-_Cyrillic}` (from the test262 fixtures).
pub const SCRIPT___CYRILLIC: &[(u32, u32)] = &[
    (0x0400, 0x0484),
    (0x0487, 0x052F),
    (0x1C80, 0x1C8A),
    (0x1D2B, 0x1D2B),
    (0x1D78, 0x1D78),
    (0x2DE0, 0x2DFF),
    (0xA640, 0xA69F),
    (0xFE2E, 0xFE2F),
    (0x1E030, 0x1E06D),
    (0x1E08F, 0x1E08F),
];

/// `\p{Script_-_Deseret}` (from the test262 fixtures).
pub const SCRIPT___DESERET: &[(u32, u32)] = &[
    (0x10400, 0x1044F),
];

/// `\p{Script_-_Devanagari}` (from the test262 fixtures).
pub const SCRIPT___DEVANAGARI: &[(u32, u32)] = &[
    (0x0900, 0x0950),
    (0x0955, 0x0963),
    (0x0966, 0x097F),
    (0xA8E0, 0xA8FF),
    (0x11B00, 0x11B09),
];

/// `\p{Script_-_Dives_Akuru}` (from the test262 fixtures).
pub const SCRIPT___DIVES_AKURU: &[(u32, u32)] = &[
    (0x11900, 0x11906),
    (0x11909, 0x11909),
    (0x1190C, 0x11913),
    (0x11915, 0x11916),
    (0x11918, 0x11935),
    (0x11937, 0x11938),
    (0x1193B, 0x11946),
    (0x11950, 0x11959),
];

/// `\p{Script_-_Dogra}` (from the test262 fixtures).
pub const SCRIPT___DOGRA: &[(u32, u32)] = &[
    (0x11800, 0x1183B),
];

/// `\p{Script_-_Duployan}` (from the test262 fixtures).
pub const SCRIPT___DUPLOYAN: &[(u32, u32)] = &[
    (0x1BC00, 0x1BC6A),
    (0x1BC70, 0x1BC7C),
    (0x1BC80, 0x1BC88),
    (0x1BC90, 0x1BC99),
    (0x1BC9C, 0x1BC9F),
];

/// `\p{Script_-_Egyptian_Hieroglyphs}` (from the test262 fixtures).
pub const SCRIPT___EGYPTIAN_HIEROGLYPHS: &[(u32, u32)] = &[
    (0x13000, 0x13455),
    (0x13460, 0x143FA),
];

/// `\p{Script_-_Elbasan}` (from the test262 fixtures).
pub const SCRIPT___ELBASAN: &[(u32, u32)] = &[
    (0x10500, 0x10527),
];

/// `\p{Script_-_Elymaic}` (from the test262 fixtures).
pub const SCRIPT___ELYMAIC: &[(u32, u32)] = &[
    (0x10FE0, 0x10FF6),
];

/// `\p{Script_-_Ethiopic}` (from the test262 fixtures).
pub const SCRIPT___ETHIOPIC: &[(u32, u32)] = &[
    (0x1200, 0x1248),
    (0x124A, 0x124D),
    (0x1250, 0x1256),
    (0x1258, 0x1258),
    (0x125A, 0x125D),
    (0x1260, 0x1288),
    (0x128A, 0x128D),
    (0x1290, 0x12B0),
    (0x12B2, 0x12B5),
    (0x12B8, 0x12BE),
    (0x12C0, 0x12C0),
    (0x12C2, 0x12C5),
    (0x12C8, 0x12D6),
    (0x12D8, 0x1310),
    (0x1312, 0x1315),
    (0x1318, 0x135A),
    (0x135D, 0x137C),
    (0x1380, 0x1399),
    (0x2D80, 0x2D96),
    (0x2DA0, 0x2DA6),
    (0x2DA8, 0x2DAE),
    (0x2DB0, 0x2DB6),
    (0x2DB8, 0x2DBE),
    (0x2DC0, 0x2DC6),
    (0x2DC8, 0x2DCE),
    (0x2DD0, 0x2DD6),
    (0x2DD8, 0x2DDE),
    (0xAB01, 0xAB06),
    (0xAB09, 0xAB0E),
    (0xAB11, 0xAB16),
    (0xAB20, 0xAB26),
    (0xAB28, 0xAB2E),
    (0x1E7E0, 0x1E7E6),
    (0x1E7E8, 0x1E7EB),
    (0x1E7ED, 0x1E7EE),
    (0x1E7F0, 0x1E7FE),
];

/// `\p{Script_-_Garay}` (from the test262 fixtures).
pub const SCRIPT___GARAY: &[(u32, u32)] = &[
    (0x10D40, 0x10D65),
    (0x10D69, 0x10D85),
    (0x10D8E, 0x10D8F),
];

/// `\p{Script_-_Georgian}` (from the test262 fixtures).
pub const SCRIPT___GEORGIAN: &[(u32, u32)] = &[
    (0x10A0, 0x10C5),
    (0x10C7, 0x10C7),
    (0x10CD, 0x10CD),
    (0x10D0, 0x10FA),
    (0x10FC, 0x10FF),
    (0x1C90, 0x1CBA),
    (0x1CBD, 0x1CBF),
    (0x2D00, 0x2D25),
    (0x2D27, 0x2D27),
    (0x2D2D, 0x2D2D),
];

/// `\p{Script_-_Glagolitic}` (from the test262 fixtures).
pub const SCRIPT___GLAGOLITIC: &[(u32, u32)] = &[
    (0x2C00, 0x2C5F),
    (0x1E000, 0x1E006),
    (0x1E008, 0x1E018),
    (0x1E01B, 0x1E021),
    (0x1E023, 0x1E024),
    (0x1E026, 0x1E02A),
];

/// `\p{Script_-_Gothic}` (from the test262 fixtures).
pub const SCRIPT___GOTHIC: &[(u32, u32)] = &[
    (0x10330, 0x1034A),
];

/// `\p{Script_-_Grantha}` (from the test262 fixtures).
pub const SCRIPT___GRANTHA: &[(u32, u32)] = &[
    (0x11300, 0x11303),
    (0x11305, 0x1130C),
    (0x1130F, 0x11310),
    (0x11313, 0x11328),
    (0x1132A, 0x11330),
    (0x11332, 0x11333),
    (0x11335, 0x11339),
    (0x1133C, 0x11344),
    (0x11347, 0x11348),
    (0x1134B, 0x1134D),
    (0x11350, 0x11350),
    (0x11357, 0x11357),
    (0x1135D, 0x11363),
    (0x11366, 0x1136C),
    (0x11370, 0x11374),
];

/// `\p{Script_-_Greek}` (from the test262 fixtures).
pub const SCRIPT___GREEK: &[(u32, u32)] = &[
    (0x0370, 0x0373),
    (0x0375, 0x0377),
    (0x037A, 0x037D),
    (0x037F, 0x037F),
    (0x0384, 0x0384),
    (0x0386, 0x0386),
    (0x0388, 0x038A),
    (0x038C, 0x038C),
    (0x038E, 0x03A1),
    (0x03A3, 0x03E1),
    (0x03F0, 0x03FF),
    (0x1D26, 0x1D2A),
    (0x1D5D, 0x1D61),
    (0x1D66, 0x1D6A),
    (0x1DBF, 0x1DBF),
    (0x1F00, 0x1F15),
    (0x1F18, 0x1F1D),
    (0x1F20, 0x1F45),
    (0x1F48, 0x1F4D),
    (0x1F50, 0x1F57),
    (0x1F59, 0x1F59),
    (0x1F5B, 0x1F5B),
    (0x1F5D, 0x1F5D),
    (0x1F5F, 0x1F7D),
    (0x1F80, 0x1FB4),
    (0x1FB6, 0x1FC4),
    (0x1FC6, 0x1FD3),
    (0x1FD6, 0x1FDB),
    (0x1FDD, 0x1FEF),
    (0x1FF2, 0x1FF4),
    (0x1FF6, 0x1FFE),
    (0x2126, 0x2126),
    (0xAB65, 0xAB65),
    (0x10140, 0x1018E),
    (0x101A0, 0x101A0),
    (0x1D200, 0x1D245),
];

/// `\p{Script_-_Gujarati}` (from the test262 fixtures).
pub const SCRIPT___GUJARATI: &[(u32, u32)] = &[
    (0x0A81, 0x0A83),
    (0x0A85, 0x0A8D),
    (0x0A8F, 0x0A91),
    (0x0A93, 0x0AA8),
    (0x0AAA, 0x0AB0),
    (0x0AB2, 0x0AB3),
    (0x0AB5, 0x0AB9),
    (0x0ABC, 0x0AC5),
    (0x0AC7, 0x0AC9),
    (0x0ACB, 0x0ACD),
    (0x0AD0, 0x0AD0),
    (0x0AE0, 0x0AE3),
    (0x0AE6, 0x0AF1),
    (0x0AF9, 0x0AFF),
];

/// `\p{Script_-_Gunjala_Gondi}` (from the test262 fixtures).
pub const SCRIPT___GUNJALA_GONDI: &[(u32, u32)] = &[
    (0x11D60, 0x11D65),
    (0x11D67, 0x11D68),
    (0x11D6A, 0x11D8E),
    (0x11D90, 0x11D91),
    (0x11D93, 0x11D98),
    (0x11DA0, 0x11DA9),
];

/// `\p{Script_-_Gurmukhi}` (from the test262 fixtures).
pub const SCRIPT___GURMUKHI: &[(u32, u32)] = &[
    (0x0A01, 0x0A03),
    (0x0A05, 0x0A0A),
    (0x0A0F, 0x0A10),
    (0x0A13, 0x0A28),
    (0x0A2A, 0x0A30),
    (0x0A32, 0x0A33),
    (0x0A35, 0x0A36),
    (0x0A38, 0x0A39),
    (0x0A3C, 0x0A3C),
    (0x0A3E, 0x0A42),
    (0x0A47, 0x0A48),
    (0x0A4B, 0x0A4D),
    (0x0A51, 0x0A51),
    (0x0A59, 0x0A5C),
    (0x0A5E, 0x0A5E),
    (0x0A66, 0x0A76),
];

/// `\p{Script_-_Gurung_Khema}` (from the test262 fixtures).
pub const SCRIPT___GURUNG_KHEMA: &[(u32, u32)] = &[
    (0x16100, 0x16139),
];

/// `\p{Script_-_Han}` (from the test262 fixtures).
pub const SCRIPT___HAN: &[(u32, u32)] = &[
    (0x2E80, 0x2E99),
    (0x2E9B, 0x2EF3),
    (0x2F00, 0x2FD5),
    (0x3005, 0x3005),
    (0x3007, 0x3007),
    (0x3021, 0x3029),
    (0x3038, 0x303B),
    (0x3400, 0x4DBF),
    (0x4E00, 0x9FFF),
    (0xF900, 0xFA6D),
    (0xFA70, 0xFAD9),
    (0x16FE2, 0x16FE3),
    (0x16FF0, 0x16FF6),
    (0x20000, 0x2A6DF),
    (0x2A700, 0x2B81D),
    (0x2B820, 0x2CEAD),
    (0x2CEB0, 0x2EBE0),
    (0x2EBF0, 0x2EE5D),
    (0x2F800, 0x2FA1D),
    (0x30000, 0x3134A),
    (0x31350, 0x33479),
];

/// `\p{Script_-_Hangul}` (from the test262 fixtures).
pub const SCRIPT___HANGUL: &[(u32, u32)] = &[
    (0x1100, 0x11FF),
    (0x302E, 0x302F),
    (0x3131, 0x318E),
    (0x3200, 0x321E),
    (0x3260, 0x327E),
    (0xA960, 0xA97C),
    (0xAC00, 0xD7A3),
    (0xD7B0, 0xD7C6),
    (0xD7CB, 0xD7FB),
    (0xFFA0, 0xFFBE),
    (0xFFC2, 0xFFC7),
    (0xFFCA, 0xFFCF),
    (0xFFD2, 0xFFD7),
    (0xFFDA, 0xFFDC),
];

/// `\p{Script_-_Hanifi_Rohingya}` (from the test262 fixtures).
pub const SCRIPT___HANIFI_ROHINGYA: &[(u32, u32)] = &[
    (0x10D00, 0x10D27),
    (0x10D30, 0x10D39),
];

/// `\p{Script_-_Hanunoo}` (from the test262 fixtures).
pub const SCRIPT___HANUNOO: &[(u32, u32)] = &[
    (0x1720, 0x1734),
];

/// `\p{Script_-_Hatran}` (from the test262 fixtures).
pub const SCRIPT___HATRAN: &[(u32, u32)] = &[
    (0x108E0, 0x108F2),
    (0x108F4, 0x108F5),
    (0x108FB, 0x108FF),
];

/// `\p{Script_-_Hebrew}` (from the test262 fixtures).
pub const SCRIPT___HEBREW: &[(u32, u32)] = &[
    (0x0591, 0x05C7),
    (0x05D0, 0x05EA),
    (0x05EF, 0x05F4),
    (0xFB1D, 0xFB36),
    (0xFB38, 0xFB3C),
    (0xFB3E, 0xFB3E),
    (0xFB40, 0xFB41),
    (0xFB43, 0xFB44),
    (0xFB46, 0xFB4F),
];

/// `\p{Script_-_Hiragana}` (from the test262 fixtures).
pub const SCRIPT___HIRAGANA: &[(u32, u32)] = &[
    (0x3041, 0x3096),
    (0x309D, 0x309F),
    (0x1B001, 0x1B11F),
    (0x1B132, 0x1B132),
    (0x1B150, 0x1B152),
    (0x1F200, 0x1F200),
];

/// `\p{Script_-_Imperial_Aramaic}` (from the test262 fixtures).
pub const SCRIPT___IMPERIAL_ARAMAIC: &[(u32, u32)] = &[
    (0x10840, 0x10855),
    (0x10857, 0x1085F),
];

/// `\p{Script_-_Inherited}` (from the test262 fixtures).
pub const SCRIPT___INHERITED: &[(u32, u32)] = &[
    (0x0300, 0x036F),
    (0x0485, 0x0486),
    (0x064B, 0x0655),
    (0x0670, 0x0670),
    (0x0951, 0x0954),
    (0x1AB0, 0x1ADD),
    (0x1AE0, 0x1AEB),
    (0x1CD0, 0x1CD2),
    (0x1CD4, 0x1CE0),
    (0x1CE2, 0x1CE8),
    (0x1CED, 0x1CED),
    (0x1CF4, 0x1CF4),
    (0x1CF8, 0x1CF9),
    (0x1DC0, 0x1DFF),
    (0x200C, 0x200D),
    (0x20D0, 0x20F0),
    (0x302A, 0x302D),
    (0x3099, 0x309A),
    (0xFE00, 0xFE0F),
    (0xFE20, 0xFE2D),
    (0x101FD, 0x101FD),
    (0x102E0, 0x102E0),
    (0x1133B, 0x1133B),
    (0x1CF00, 0x1CF2D),
    (0x1CF30, 0x1CF46),
    (0x1D167, 0x1D169),
    (0x1D17B, 0x1D182),
    (0x1D185, 0x1D18B),
    (0x1D1AA, 0x1D1AD),
    (0xE0100, 0xE01EF),
];

/// `\p{Script_-_Inscriptional_Pahlavi}` (from the test262 fixtures).
pub const SCRIPT___INSCRIPTIONAL_PAHLAVI: &[(u32, u32)] = &[
    (0x10B60, 0x10B72),
    (0x10B78, 0x10B7F),
];

/// `\p{Script_-_Inscriptional_Parthian}` (from the test262 fixtures).
pub const SCRIPT___INSCRIPTIONAL_PARTHIAN: &[(u32, u32)] = &[
    (0x10B40, 0x10B55),
    (0x10B58, 0x10B5F),
];

/// `\p{Script_-_Javanese}` (from the test262 fixtures).
pub const SCRIPT___JAVANESE: &[(u32, u32)] = &[
    (0xA980, 0xA9CD),
    (0xA9D0, 0xA9D9),
    (0xA9DE, 0xA9DF),
];

/// `\p{Script_-_Kaithi}` (from the test262 fixtures).
pub const SCRIPT___KAITHI: &[(u32, u32)] = &[
    (0x11080, 0x110C2),
    (0x110CD, 0x110CD),
];

/// `\p{Script_-_Kannada}` (from the test262 fixtures).
pub const SCRIPT___KANNADA: &[(u32, u32)] = &[
    (0x0C80, 0x0C8C),
    (0x0C8E, 0x0C90),
    (0x0C92, 0x0CA8),
    (0x0CAA, 0x0CB3),
    (0x0CB5, 0x0CB9),
    (0x0CBC, 0x0CC4),
    (0x0CC6, 0x0CC8),
    (0x0CCA, 0x0CCD),
    (0x0CD5, 0x0CD6),
    (0x0CDC, 0x0CDE),
    (0x0CE0, 0x0CE3),
    (0x0CE6, 0x0CEF),
    (0x0CF1, 0x0CF3),
];

/// `\p{Script_-_Katakana}` (from the test262 fixtures).
pub const SCRIPT___KATAKANA: &[(u32, u32)] = &[
    (0x30A1, 0x30FA),
    (0x30FD, 0x30FF),
    (0x31F0, 0x31FF),
    (0x32D0, 0x32FE),
    (0x3300, 0x3357),
    (0xFF66, 0xFF6F),
    (0xFF71, 0xFF9D),
    (0x1AFF0, 0x1AFF3),
    (0x1AFF5, 0x1AFFB),
    (0x1AFFD, 0x1AFFE),
    (0x1B000, 0x1B000),
    (0x1B120, 0x1B122),
    (0x1B155, 0x1B155),
    (0x1B164, 0x1B167),
];

/// `\p{Script_-_Kawi}` (from the test262 fixtures).
pub const SCRIPT___KAWI: &[(u32, u32)] = &[
    (0x11F00, 0x11F10),
    (0x11F12, 0x11F3A),
    (0x11F3E, 0x11F5A),
];

/// `\p{Script_-_Kayah_Li}` (from the test262 fixtures).
pub const SCRIPT___KAYAH_LI: &[(u32, u32)] = &[
    (0xA900, 0xA92D),
    (0xA92F, 0xA92F),
];

/// `\p{Script_-_Kharoshthi}` (from the test262 fixtures).
pub const SCRIPT___KHAROSHTHI: &[(u32, u32)] = &[
    (0x10A00, 0x10A03),
    (0x10A05, 0x10A06),
    (0x10A0C, 0x10A13),
    (0x10A15, 0x10A17),
    (0x10A19, 0x10A35),
    (0x10A38, 0x10A3A),
    (0x10A3F, 0x10A48),
    (0x10A50, 0x10A58),
];

/// `\p{Script_-_Khitan_Small_Script}` (from the test262 fixtures).
pub const SCRIPT___KHITAN_SMALL_SCRIPT: &[(u32, u32)] = &[
    (0x16FE4, 0x16FE4),
    (0x18B00, 0x18CD5),
    (0x18CFF, 0x18CFF),
];

/// `\p{Script_-_Khmer}` (from the test262 fixtures).
pub const SCRIPT___KHMER: &[(u32, u32)] = &[
    (0x1780, 0x17DD),
    (0x17E0, 0x17E9),
    (0x17F0, 0x17F9),
    (0x19E0, 0x19FF),
];

/// `\p{Script_-_Khojki}` (from the test262 fixtures).
pub const SCRIPT___KHOJKI: &[(u32, u32)] = &[
    (0x11200, 0x11211),
    (0x11213, 0x11241),
];

/// `\p{Script_-_Khudawadi}` (from the test262 fixtures).
pub const SCRIPT___KHUDAWADI: &[(u32, u32)] = &[
    (0x112B0, 0x112EA),
    (0x112F0, 0x112F9),
];

/// `\p{Script_-_Kirat_Rai}` (from the test262 fixtures).
pub const SCRIPT___KIRAT_RAI: &[(u32, u32)] = &[
    (0x16D40, 0x16D79),
];

/// `\p{Script_-_Lao}` (from the test262 fixtures).
pub const SCRIPT___LAO: &[(u32, u32)] = &[
    (0x0E81, 0x0E82),
    (0x0E84, 0x0E84),
    (0x0E86, 0x0E8A),
    (0x0E8C, 0x0EA3),
    (0x0EA5, 0x0EA5),
    (0x0EA7, 0x0EBD),
    (0x0EC0, 0x0EC4),
    (0x0EC6, 0x0EC6),
    (0x0EC8, 0x0ECE),
    (0x0ED0, 0x0ED9),
    (0x0EDC, 0x0EDF),
];

/// `\p{Script_-_Latin}` (from the test262 fixtures).
pub const SCRIPT___LATIN: &[(u32, u32)] = &[
    (0x0041, 0x005A),
    (0x0061, 0x007A),
    (0x00AA, 0x00AA),
    (0x00BA, 0x00BA),
    (0x00C0, 0x00D6),
    (0x00D8, 0x00F6),
    (0x00F8, 0x02B8),
    (0x02E0, 0x02E4),
    (0x1D00, 0x1D25),
    (0x1D2C, 0x1D5C),
    (0x1D62, 0x1D65),
    (0x1D6B, 0x1D77),
    (0x1D79, 0x1DBE),
    (0x1E00, 0x1EFF),
    (0x2071, 0x2071),
    (0x207F, 0x207F),
    (0x2090, 0x209C),
    (0x212A, 0x212B),
    (0x2132, 0x2132),
    (0x214E, 0x214E),
    (0x2160, 0x2188),
    (0x2C60, 0x2C7F),
    (0xA722, 0xA787),
    (0xA78B, 0xA7DC),
    (0xA7F1, 0xA7FF),
    (0xAB30, 0xAB5A),
    (0xAB5C, 0xAB64),
    (0xAB66, 0xAB69),
    (0xFB00, 0xFB06),
    (0xFF21, 0xFF3A),
    (0xFF41, 0xFF5A),
    (0x10780, 0x10785),
    (0x10787, 0x107B0),
    (0x107B2, 0x107BA),
    (0x1DF00, 0x1DF1E),
    (0x1DF25, 0x1DF2A),
];

/// `\p{Script_-_Lepcha}` (from the test262 fixtures).
pub const SCRIPT___LEPCHA: &[(u32, u32)] = &[
    (0x1C00, 0x1C37),
    (0x1C3B, 0x1C49),
    (0x1C4D, 0x1C4F),
];

/// `\p{Script_-_Limbu}` (from the test262 fixtures).
pub const SCRIPT___LIMBU: &[(u32, u32)] = &[
    (0x1900, 0x191E),
    (0x1920, 0x192B),
    (0x1930, 0x193B),
    (0x1940, 0x1940),
    (0x1944, 0x194F),
];

/// `\p{Script_-_Linear_A}` (from the test262 fixtures).
pub const SCRIPT___LINEAR_A: &[(u32, u32)] = &[
    (0x10600, 0x10736),
    (0x10740, 0x10755),
    (0x10760, 0x10767),
];

/// `\p{Script_-_Linear_B}` (from the test262 fixtures).
pub const SCRIPT___LINEAR_B: &[(u32, u32)] = &[
    (0x10000, 0x1000B),
    (0x1000D, 0x10026),
    (0x10028, 0x1003A),
    (0x1003C, 0x1003D),
    (0x1003F, 0x1004D),
    (0x10050, 0x1005D),
    (0x10080, 0x100FA),
];

/// `\p{Script_-_Lisu}` (from the test262 fixtures).
pub const SCRIPT___LISU: &[(u32, u32)] = &[
    (0xA4D0, 0xA4FF),
    (0x11FB0, 0x11FB0),
];

/// `\p{Script_-_Lycian}` (from the test262 fixtures).
pub const SCRIPT___LYCIAN: &[(u32, u32)] = &[
    (0x10280, 0x1029C),
];

/// `\p{Script_-_Lydian}` (from the test262 fixtures).
pub const SCRIPT___LYDIAN: &[(u32, u32)] = &[
    (0x10920, 0x10939),
    (0x1093F, 0x1093F),
];

/// `\p{Script_-_Mahajani}` (from the test262 fixtures).
pub const SCRIPT___MAHAJANI: &[(u32, u32)] = &[
    (0x11150, 0x11176),
];

/// `\p{Script_-_Makasar}` (from the test262 fixtures).
pub const SCRIPT___MAKASAR: &[(u32, u32)] = &[
    (0x11EE0, 0x11EF8),
];

/// `\p{Script_-_Malayalam}` (from the test262 fixtures).
pub const SCRIPT___MALAYALAM: &[(u32, u32)] = &[
    (0x0D00, 0x0D0C),
    (0x0D0E, 0x0D10),
    (0x0D12, 0x0D44),
    (0x0D46, 0x0D48),
    (0x0D4A, 0x0D4F),
    (0x0D54, 0x0D63),
    (0x0D66, 0x0D7F),
];

/// `\p{Script_-_Mandaic}` (from the test262 fixtures).
pub const SCRIPT___MANDAIC: &[(u32, u32)] = &[
    (0x0840, 0x085B),
    (0x085E, 0x085E),
];

/// `\p{Script_-_Manichaean}` (from the test262 fixtures).
pub const SCRIPT___MANICHAEAN: &[(u32, u32)] = &[
    (0x10AC0, 0x10AE6),
    (0x10AEB, 0x10AF6),
];

/// `\p{Script_-_Marchen}` (from the test262 fixtures).
pub const SCRIPT___MARCHEN: &[(u32, u32)] = &[
    (0x11C70, 0x11C8F),
    (0x11C92, 0x11CA7),
    (0x11CA9, 0x11CB6),
];

/// `\p{Script_-_Masaram_Gondi}` (from the test262 fixtures).
pub const SCRIPT___MASARAM_GONDI: &[(u32, u32)] = &[
    (0x11D00, 0x11D06),
    (0x11D08, 0x11D09),
    (0x11D0B, 0x11D36),
    (0x11D3A, 0x11D3A),
    (0x11D3C, 0x11D3D),
    (0x11D3F, 0x11D47),
    (0x11D50, 0x11D59),
];

/// `\p{Script_-_Medefaidrin}` (from the test262 fixtures).
pub const SCRIPT___MEDEFAIDRIN: &[(u32, u32)] = &[
    (0x16E40, 0x16E9A),
];

/// `\p{Script_-_Meetei_Mayek}` (from the test262 fixtures).
pub const SCRIPT___MEETEI_MAYEK: &[(u32, u32)] = &[
    (0xAAE0, 0xAAF6),
    (0xABC0, 0xABED),
    (0xABF0, 0xABF9),
];

/// `\p{Script_-_Mende_Kikakui}` (from the test262 fixtures).
pub const SCRIPT___MENDE_KIKAKUI: &[(u32, u32)] = &[
    (0x1E800, 0x1E8C4),
    (0x1E8C7, 0x1E8D6),
];

/// `\p{Script_-_Meroitic_Cursive}` (from the test262 fixtures).
pub const SCRIPT___MEROITIC_CURSIVE: &[(u32, u32)] = &[
    (0x109A0, 0x109B7),
    (0x109BC, 0x109CF),
    (0x109D2, 0x109FF),
];

/// `\p{Script_-_Meroitic_Hieroglyphs}` (from the test262 fixtures).
pub const SCRIPT___MEROITIC_HIEROGLYPHS: &[(u32, u32)] = &[
    (0x10980, 0x1099F),
];

/// `\p{Script_-_Miao}` (from the test262 fixtures).
pub const SCRIPT___MIAO: &[(u32, u32)] = &[
    (0x16F00, 0x16F4A),
    (0x16F4F, 0x16F87),
    (0x16F8F, 0x16F9F),
];

/// `\p{Script_-_Modi}` (from the test262 fixtures).
pub const SCRIPT___MODI: &[(u32, u32)] = &[
    (0x11600, 0x11644),
    (0x11650, 0x11659),
];

/// `\p{Script_-_Mongolian}` (from the test262 fixtures).
pub const SCRIPT___MONGOLIAN: &[(u32, u32)] = &[
    (0x1800, 0x1801),
    (0x1804, 0x1804),
    (0x1806, 0x1819),
    (0x1820, 0x1878),
    (0x1880, 0x18AA),
    (0x11660, 0x1166C),
];

/// `\p{Script_-_Mro}` (from the test262 fixtures).
pub const SCRIPT___MRO: &[(u32, u32)] = &[
    (0x16A40, 0x16A5E),
    (0x16A60, 0x16A69),
    (0x16A6E, 0x16A6F),
];

/// `\p{Script_-_Multani}` (from the test262 fixtures).
pub const SCRIPT___MULTANI: &[(u32, u32)] = &[
    (0x11280, 0x11286),
    (0x11288, 0x11288),
    (0x1128A, 0x1128D),
    (0x1128F, 0x1129D),
    (0x1129F, 0x112A9),
];

/// `\p{Script_-_Myanmar}` (from the test262 fixtures).
pub const SCRIPT___MYANMAR: &[(u32, u32)] = &[
    (0x1000, 0x109F),
    (0xA9E0, 0xA9FE),
    (0xAA60, 0xAA7F),
    (0x116D0, 0x116E3),
];

/// `\p{Script_-_Nabataean}` (from the test262 fixtures).
pub const SCRIPT___NABATAEAN: &[(u32, u32)] = &[
    (0x10880, 0x1089E),
    (0x108A7, 0x108AF),
];

/// `\p{Script_-_Nag_Mundari}` (from the test262 fixtures).
pub const SCRIPT___NAG_MUNDARI: &[(u32, u32)] = &[
    (0x1E4D0, 0x1E4F9),
];

/// `\p{Script_-_Nandinagari}` (from the test262 fixtures).
pub const SCRIPT___NANDINAGARI: &[(u32, u32)] = &[
    (0x119A0, 0x119A7),
    (0x119AA, 0x119D7),
    (0x119DA, 0x119E4),
];

/// `\p{Script_-_New_Tai_Lue}` (from the test262 fixtures).
pub const SCRIPT___NEW_TAI_LUE: &[(u32, u32)] = &[
    (0x1980, 0x19AB),
    (0x19B0, 0x19C9),
    (0x19D0, 0x19DA),
    (0x19DE, 0x19DF),
];

/// `\p{Script_-_Newa}` (from the test262 fixtures).
pub const SCRIPT___NEWA: &[(u32, u32)] = &[
    (0x11400, 0x1145B),
    (0x1145D, 0x11461),
];

/// `\p{Script_-_Nko}` (from the test262 fixtures).
pub const SCRIPT___NKO: &[(u32, u32)] = &[
    (0x07C0, 0x07FA),
    (0x07FD, 0x07FF),
];

/// `\p{Script_-_Nushu}` (from the test262 fixtures).
pub const SCRIPT___NUSHU: &[(u32, u32)] = &[
    (0x16FE1, 0x16FE1),
    (0x1B170, 0x1B2FB),
];

/// `\p{Script_-_Nyiakeng_Puachue_Hmong}` (from the test262 fixtures).
pub const SCRIPT___NYIAKENG_PUACHUE_HMONG: &[(u32, u32)] = &[
    (0x1E100, 0x1E12C),
    (0x1E130, 0x1E13D),
    (0x1E140, 0x1E149),
    (0x1E14E, 0x1E14F),
];

/// `\p{Script_-_Ogham}` (from the test262 fixtures).
pub const SCRIPT___OGHAM: &[(u32, u32)] = &[
    (0x1680, 0x169C),
];

/// `\p{Script_-_Ol_Chiki}` (from the test262 fixtures).
pub const SCRIPT___OL_CHIKI: &[(u32, u32)] = &[
    (0x1C50, 0x1C7F),
];

/// `\p{Script_-_Ol_Onal}` (from the test262 fixtures).
pub const SCRIPT___OL_ONAL: &[(u32, u32)] = &[
    (0x1E5D0, 0x1E5FA),
    (0x1E5FF, 0x1E5FF),
];

/// `\p{Script_-_Old_Hungarian}` (from the test262 fixtures).
pub const SCRIPT___OLD_HUNGARIAN: &[(u32, u32)] = &[
    (0x10C80, 0x10CB2),
    (0x10CC0, 0x10CF2),
    (0x10CFA, 0x10CFF),
];

/// `\p{Script_-_Old_Italic}` (from the test262 fixtures).
pub const SCRIPT___OLD_ITALIC: &[(u32, u32)] = &[
    (0x10300, 0x10323),
    (0x1032D, 0x1032F),
];

/// `\p{Script_-_Old_North_Arabian}` (from the test262 fixtures).
pub const SCRIPT___OLD_NORTH_ARABIAN: &[(u32, u32)] = &[
    (0x10A80, 0x10A9F),
];

/// `\p{Script_-_Old_Permic}` (from the test262 fixtures).
pub const SCRIPT___OLD_PERMIC: &[(u32, u32)] = &[
    (0x10350, 0x1037A),
];

/// `\p{Script_-_Old_Persian}` (from the test262 fixtures).
pub const SCRIPT___OLD_PERSIAN: &[(u32, u32)] = &[
    (0x103A0, 0x103C3),
    (0x103C8, 0x103D5),
];

/// `\p{Script_-_Old_Sogdian}` (from the test262 fixtures).
pub const SCRIPT___OLD_SOGDIAN: &[(u32, u32)] = &[
    (0x10F00, 0x10F27),
];

/// `\p{Script_-_Old_South_Arabian}` (from the test262 fixtures).
pub const SCRIPT___OLD_SOUTH_ARABIAN: &[(u32, u32)] = &[
    (0x10A60, 0x10A7F),
];

/// `\p{Script_-_Old_Turkic}` (from the test262 fixtures).
pub const SCRIPT___OLD_TURKIC: &[(u32, u32)] = &[
    (0x10C00, 0x10C48),
];

/// `\p{Script_-_Old_Uyghur}` (from the test262 fixtures).
pub const SCRIPT___OLD_UYGHUR: &[(u32, u32)] = &[
    (0x10F70, 0x10F89),
];

/// `\p{Script_-_Oriya}` (from the test262 fixtures).
pub const SCRIPT___ORIYA: &[(u32, u32)] = &[
    (0x0B01, 0x0B03),
    (0x0B05, 0x0B0C),
    (0x0B0F, 0x0B10),
    (0x0B13, 0x0B28),
    (0x0B2A, 0x0B30),
    (0x0B32, 0x0B33),
    (0x0B35, 0x0B39),
    (0x0B3C, 0x0B44),
    (0x0B47, 0x0B48),
    (0x0B4B, 0x0B4D),
    (0x0B55, 0x0B57),
    (0x0B5C, 0x0B5D),
    (0x0B5F, 0x0B63),
    (0x0B66, 0x0B77),
];

/// `\p{Script_-_Osage}` (from the test262 fixtures).
pub const SCRIPT___OSAGE: &[(u32, u32)] = &[
    (0x104B0, 0x104D3),
    (0x104D8, 0x104FB),
];

/// `\p{Script_-_Osmanya}` (from the test262 fixtures).
pub const SCRIPT___OSMANYA: &[(u32, u32)] = &[
    (0x10480, 0x1049D),
    (0x104A0, 0x104A9),
];

/// `\p{Script_-_Pahawh_Hmong}` (from the test262 fixtures).
pub const SCRIPT___PAHAWH_HMONG: &[(u32, u32)] = &[
    (0x16B00, 0x16B45),
    (0x16B50, 0x16B59),
    (0x16B5B, 0x16B61),
    (0x16B63, 0x16B77),
    (0x16B7D, 0x16B8F),
];

/// `\p{Script_-_Palmyrene}` (from the test262 fixtures).
pub const SCRIPT___PALMYRENE: &[(u32, u32)] = &[
    (0x10860, 0x1087F),
];

/// `\p{Script_-_Pau_Cin_Hau}` (from the test262 fixtures).
pub const SCRIPT___PAU_CIN_HAU: &[(u32, u32)] = &[
    (0x11AC0, 0x11AF8),
];

/// `\p{Script_-_Phags_Pa}` (from the test262 fixtures).
pub const SCRIPT___PHAGS_PA: &[(u32, u32)] = &[
    (0xA840, 0xA877),
];

/// `\p{Script_-_Phoenician}` (from the test262 fixtures).
pub const SCRIPT___PHOENICIAN: &[(u32, u32)] = &[
    (0x10900, 0x1091B),
    (0x1091F, 0x1091F),
];

/// `\p{Script_-_Psalter_Pahlavi}` (from the test262 fixtures).
pub const SCRIPT___PSALTER_PAHLAVI: &[(u32, u32)] = &[
    (0x10B80, 0x10B91),
    (0x10B99, 0x10B9C),
    (0x10BA9, 0x10BAF),
];

/// `\p{Script_-_Rejang}` (from the test262 fixtures).
pub const SCRIPT___REJANG: &[(u32, u32)] = &[
    (0xA930, 0xA953),
    (0xA95F, 0xA95F),
];

/// `\p{Script_-_Runic}` (from the test262 fixtures).
pub const SCRIPT___RUNIC: &[(u32, u32)] = &[
    (0x16A0, 0x16EA),
    (0x16EE, 0x16F8),
];

/// `\p{Script_-_Samaritan}` (from the test262 fixtures).
pub const SCRIPT___SAMARITAN: &[(u32, u32)] = &[
    (0x0800, 0x082D),
    (0x0830, 0x083E),
];

/// `\p{Script_-_Saurashtra}` (from the test262 fixtures).
pub const SCRIPT___SAURASHTRA: &[(u32, u32)] = &[
    (0xA880, 0xA8C5),
    (0xA8CE, 0xA8D9),
];

/// `\p{Script_-_Sharada}` (from the test262 fixtures).
pub const SCRIPT___SHARADA: &[(u32, u32)] = &[
    (0x11180, 0x111DF),
    (0x11B60, 0x11B67),
];

/// `\p{Script_-_Shavian}` (from the test262 fixtures).
pub const SCRIPT___SHAVIAN: &[(u32, u32)] = &[
    (0x10450, 0x1047F),
];

/// `\p{Script_-_Siddham}` (from the test262 fixtures).
pub const SCRIPT___SIDDHAM: &[(u32, u32)] = &[
    (0x11580, 0x115B5),
    (0x115B8, 0x115DD),
];

/// `\p{Script_-_Sidetic}` (from the test262 fixtures).
pub const SCRIPT___SIDETIC: &[(u32, u32)] = &[
    (0x10940, 0x10959),
];

/// `\p{Script_-_SignWriting}` (from the test262 fixtures).
pub const SCRIPT___SIGNWRITING: &[(u32, u32)] = &[
    (0x1D800, 0x1DA8B),
    (0x1DA9B, 0x1DA9F),
    (0x1DAA1, 0x1DAAF),
];

/// `\p{Script_-_Sinhala}` (from the test262 fixtures).
pub const SCRIPT___SINHALA: &[(u32, u32)] = &[
    (0x0D81, 0x0D83),
    (0x0D85, 0x0D96),
    (0x0D9A, 0x0DB1),
    (0x0DB3, 0x0DBB),
    (0x0DBD, 0x0DBD),
    (0x0DC0, 0x0DC6),
    (0x0DCA, 0x0DCA),
    (0x0DCF, 0x0DD4),
    (0x0DD6, 0x0DD6),
    (0x0DD8, 0x0DDF),
    (0x0DE6, 0x0DEF),
    (0x0DF2, 0x0DF4),
    (0x111E1, 0x111F4),
];

/// `\p{Script_-_Sogdian}` (from the test262 fixtures).
pub const SCRIPT___SOGDIAN: &[(u32, u32)] = &[
    (0x10F30, 0x10F59),
];

/// `\p{Script_-_Sora_Sompeng}` (from the test262 fixtures).
pub const SCRIPT___SORA_SOMPENG: &[(u32, u32)] = &[
    (0x110D0, 0x110E8),
    (0x110F0, 0x110F9),
];

/// `\p{Script_-_Soyombo}` (from the test262 fixtures).
pub const SCRIPT___SOYOMBO: &[(u32, u32)] = &[
    (0x11A50, 0x11AA2),
];

/// `\p{Script_-_Sundanese}` (from the test262 fixtures).
pub const SCRIPT___SUNDANESE: &[(u32, u32)] = &[
    (0x1B80, 0x1BBF),
    (0x1CC0, 0x1CC7),
];

/// `\p{Script_-_Sunuwar}` (from the test262 fixtures).
pub const SCRIPT___SUNUWAR: &[(u32, u32)] = &[
    (0x11BC0, 0x11BE1),
    (0x11BF0, 0x11BF9),
];

/// `\p{Script_-_Syloti_Nagri}` (from the test262 fixtures).
pub const SCRIPT___SYLOTI_NAGRI: &[(u32, u32)] = &[
    (0xA800, 0xA82C),
];

/// `\p{Script_-_Syriac}` (from the test262 fixtures).
pub const SCRIPT___SYRIAC: &[(u32, u32)] = &[
    (0x0700, 0x070D),
    (0x070F, 0x074A),
    (0x074D, 0x074F),
    (0x0860, 0x086A),
];

/// `\p{Script_-_Tagalog}` (from the test262 fixtures).
pub const SCRIPT___TAGALOG: &[(u32, u32)] = &[
    (0x1700, 0x1715),
    (0x171F, 0x171F),
];

/// `\p{Script_-_Tagbanwa}` (from the test262 fixtures).
pub const SCRIPT___TAGBANWA: &[(u32, u32)] = &[
    (0x1760, 0x176C),
    (0x176E, 0x1770),
    (0x1772, 0x1773),
];

/// `\p{Script_-_Tai_Le}` (from the test262 fixtures).
pub const SCRIPT___TAI_LE: &[(u32, u32)] = &[
    (0x1950, 0x196D),
    (0x1970, 0x1974),
];

/// `\p{Script_-_Tai_Tham}` (from the test262 fixtures).
pub const SCRIPT___TAI_THAM: &[(u32, u32)] = &[
    (0x1A20, 0x1A5E),
    (0x1A60, 0x1A7C),
    (0x1A7F, 0x1A89),
    (0x1A90, 0x1A99),
    (0x1AA0, 0x1AAD),
];

/// `\p{Script_-_Tai_Viet}` (from the test262 fixtures).
pub const SCRIPT___TAI_VIET: &[(u32, u32)] = &[
    (0xAA80, 0xAAC2),
    (0xAADB, 0xAADF),
];

/// `\p{Script_-_Tai_Yo}` (from the test262 fixtures).
pub const SCRIPT___TAI_YO: &[(u32, u32)] = &[
    (0x1E6C0, 0x1E6DE),
    (0x1E6E0, 0x1E6F5),
    (0x1E6FE, 0x1E6FF),
];

/// `\p{Script_-_Takri}` (from the test262 fixtures).
pub const SCRIPT___TAKRI: &[(u32, u32)] = &[
    (0x11680, 0x116B9),
    (0x116C0, 0x116C9),
];

/// `\p{Script_-_Tamil}` (from the test262 fixtures).
pub const SCRIPT___TAMIL: &[(u32, u32)] = &[
    (0x0B82, 0x0B83),
    (0x0B85, 0x0B8A),
    (0x0B8E, 0x0B90),
    (0x0B92, 0x0B95),
    (0x0B99, 0x0B9A),
    (0x0B9C, 0x0B9C),
    (0x0B9E, 0x0B9F),
    (0x0BA3, 0x0BA4),
    (0x0BA8, 0x0BAA),
    (0x0BAE, 0x0BB9),
    (0x0BBE, 0x0BC2),
    (0x0BC6, 0x0BC8),
    (0x0BCA, 0x0BCD),
    (0x0BD0, 0x0BD0),
    (0x0BD7, 0x0BD7),
    (0x0BE6, 0x0BFA),
    (0x11FC0, 0x11FF1),
    (0x11FFF, 0x11FFF),
];

/// `\p{Script_-_Tangsa}` (from the test262 fixtures).
pub const SCRIPT___TANGSA: &[(u32, u32)] = &[
    (0x16A70, 0x16ABE),
    (0x16AC0, 0x16AC9),
];

/// `\p{Script_-_Tangut}` (from the test262 fixtures).
pub const SCRIPT___TANGUT: &[(u32, u32)] = &[
    (0x16FE0, 0x16FE0),
    (0x17000, 0x18AFF),
    (0x18D00, 0x18D1E),
    (0x18D80, 0x18DF2),
];

/// `\p{Script_-_Telugu}` (from the test262 fixtures).
pub const SCRIPT___TELUGU: &[(u32, u32)] = &[
    (0x0C00, 0x0C0C),
    (0x0C0E, 0x0C10),
    (0x0C12, 0x0C28),
    (0x0C2A, 0x0C39),
    (0x0C3C, 0x0C44),
    (0x0C46, 0x0C48),
    (0x0C4A, 0x0C4D),
    (0x0C55, 0x0C56),
    (0x0C58, 0x0C5A),
    (0x0C5C, 0x0C5D),
    (0x0C60, 0x0C63),
    (0x0C66, 0x0C6F),
    (0x0C77, 0x0C7F),
];

/// `\p{Script_-_Thaana}` (from the test262 fixtures).
pub const SCRIPT___THAANA: &[(u32, u32)] = &[
    (0x0780, 0x07B1),
];

/// `\p{Script_-_Thai}` (from the test262 fixtures).
pub const SCRIPT___THAI: &[(u32, u32)] = &[
    (0x0E01, 0x0E3A),
    (0x0E40, 0x0E5B),
];

/// `\p{Script_-_Tibetan}` (from the test262 fixtures).
pub const SCRIPT___TIBETAN: &[(u32, u32)] = &[
    (0x0F00, 0x0F47),
    (0x0F49, 0x0F6C),
    (0x0F71, 0x0F97),
    (0x0F99, 0x0FBC),
    (0x0FBE, 0x0FCC),
    (0x0FCE, 0x0FD4),
    (0x0FD9, 0x0FDA),
];

/// `\p{Script_-_Tifinagh}` (from the test262 fixtures).
pub const SCRIPT___TIFINAGH: &[(u32, u32)] = &[
    (0x2D30, 0x2D67),
    (0x2D6F, 0x2D70),
    (0x2D7F, 0x2D7F),
];

/// `\p{Script_-_Tirhuta}` (from the test262 fixtures).
pub const SCRIPT___TIRHUTA: &[(u32, u32)] = &[
    (0x11480, 0x114C7),
    (0x114D0, 0x114D9),
];

/// `\p{Script_-_Todhri}` (from the test262 fixtures).
pub const SCRIPT___TODHRI: &[(u32, u32)] = &[
    (0x105C0, 0x105F3),
];

/// `\p{Script_-_Tolong_Siki}` (from the test262 fixtures).
pub const SCRIPT___TOLONG_SIKI: &[(u32, u32)] = &[
    (0x11DB0, 0x11DDB),
    (0x11DE0, 0x11DE9),
];

/// `\p{Script_-_Toto}` (from the test262 fixtures).
pub const SCRIPT___TOTO: &[(u32, u32)] = &[
    (0x1E290, 0x1E2AE),
];

/// `\p{Script_-_Tulu_Tigalari}` (from the test262 fixtures).
pub const SCRIPT___TULU_TIGALARI: &[(u32, u32)] = &[
    (0x11380, 0x11389),
    (0x1138B, 0x1138B),
    (0x1138E, 0x1138E),
    (0x11390, 0x113B5),
    (0x113B7, 0x113C0),
    (0x113C2, 0x113C2),
    (0x113C5, 0x113C5),
    (0x113C7, 0x113CA),
    (0x113CC, 0x113D5),
    (0x113D7, 0x113D8),
    (0x113E1, 0x113E2),
];

/// `\p{Script_-_Ugaritic}` (from the test262 fixtures).
pub const SCRIPT___UGARITIC: &[(u32, u32)] = &[
    (0x10380, 0x1039D),
    (0x1039F, 0x1039F),
];

/// `\p{Script_-_Unknown}` (from the test262 fixtures).
pub const SCRIPT___UNKNOWN: &[(u32, u32)] = &[
    (0x0378, 0x0379),
    (0x0380, 0x0383),
    (0x038B, 0x038B),
    (0x038D, 0x038D),
    (0x03A2, 0x03A2),
    (0x0530, 0x0530),
    (0x0557, 0x0558),
    (0x058B, 0x058C),
    (0x0590, 0x0590),
    (0x05C8, 0x05CF),
    (0x05EB, 0x05EE),
    (0x05F5, 0x05FF),
    (0x070E, 0x070E),
    (0x074B, 0x074C),
    (0x07B2, 0x07BF),
    (0x07FB, 0x07FC),
    (0x082E, 0x082F),
    (0x083F, 0x083F),
    (0x085C, 0x085D),
    (0x085F, 0x085F),
    (0x086B, 0x086F),
    (0x0892, 0x0896),
    (0x0984, 0x0984),
    (0x098D, 0x098E),
    (0x0991, 0x0992),
    (0x09A9, 0x09A9),
    (0x09B1, 0x09B1),
    (0x09B3, 0x09B5),
    (0x09BA, 0x09BB),
    (0x09C5, 0x09C6),
    (0x09C9, 0x09CA),
    (0x09CF, 0x09D6),
    (0x09D8, 0x09DB),
    (0x09DE, 0x09DE),
    (0x09E4, 0x09E5),
    (0x09FF, 0x0A00),
    (0x0A04, 0x0A04),
    (0x0A0B, 0x0A0E),
    (0x0A11, 0x0A12),
    (0x0A29, 0x0A29),
    (0x0A31, 0x0A31),
    (0x0A34, 0x0A34),
    (0x0A37, 0x0A37),
    (0x0A3A, 0x0A3B),
    (0x0A3D, 0x0A3D),
    (0x0A43, 0x0A46),
    (0x0A49, 0x0A4A),
    (0x0A4E, 0x0A50),
    (0x0A52, 0x0A58),
    (0x0A5D, 0x0A5D),
    (0x0A5F, 0x0A65),
    (0x0A77, 0x0A80),
    (0x0A84, 0x0A84),
    (0x0A8E, 0x0A8E),
    (0x0A92, 0x0A92),
    (0x0AA9, 0x0AA9),
    (0x0AB1, 0x0AB1),
    (0x0AB4, 0x0AB4),
    (0x0ABA, 0x0ABB),
    (0x0AC6, 0x0AC6),
    (0x0ACA, 0x0ACA),
    (0x0ACE, 0x0ACF),
    (0x0AD1, 0x0ADF),
    (0x0AE4, 0x0AE5),
    (0x0AF2, 0x0AF8),
    (0x0B00, 0x0B00),
    (0x0B04, 0x0B04),
    (0x0B0D, 0x0B0E),
    (0x0B11, 0x0B12),
    (0x0B29, 0x0B29),
    (0x0B31, 0x0B31),
    (0x0B34, 0x0B34),
    (0x0B3A, 0x0B3B),
    (0x0B45, 0x0B46),
    (0x0B49, 0x0B4A),
    (0x0B4E, 0x0B54),
    (0x0B58, 0x0B5B),
    (0x0B5E, 0x0B5E),
    (0x0B64, 0x0B65),
    (0x0B78, 0x0B81),
    (0x0B84, 0x0B84),
    (0x0B8B, 0x0B8D),
    (0x0B91, 0x0B91),
    (0x0B96, 0x0B98),
    (0x0B9B, 0x0B9B),
    (0x0B9D, 0x0B9D),
    (0x0BA0, 0x0BA2),
    (0x0BA5, 0x0BA7),
    (0x0BAB, 0x0BAD),
    (0x0BBA, 0x0BBD),
    (0x0BC3, 0x0BC5),
    (0x0BC9, 0x0BC9),
    (0x0BCE, 0x0BCF),
    (0x0BD1, 0x0BD6),
    (0x0BD8, 0x0BE5),
    (0x0BFB, 0x0BFF),
    (0x0C0D, 0x0C0D),
    (0x0C11, 0x0C11),
    (0x0C29, 0x0C29),
    (0x0C3A, 0x0C3B),
    (0x0C45, 0x0C45),
    (0x0C49, 0x0C49),
    (0x0C4E, 0x0C54),
    (0x0C57, 0x0C57),
    (0x0C5B, 0x0C5B),
    (0x0C5E, 0x0C5F),
    (0x0C64, 0x0C65),
    (0x0C70, 0x0C76),
    (0x0C8D, 0x0C8D),
    (0x0C91, 0x0C91),
    (0x0CA9, 0x0CA9),
    (0x0CB4, 0x0CB4),
    (0x0CBA, 0x0CBB),
    (0x0CC5, 0x0CC5),
    (0x0CC9, 0x0CC9),
    (0x0CCE, 0x0CD4),
    (0x0CD7, 0x0CDB),
    (0x0CDF, 0x0CDF),
    (0x0CE4, 0x0CE5),
    (0x0CF0, 0x0CF0),
    (0x0CF4, 0x0CFF),
    (0x0D0D, 0x0D0D),
    (0x0D11, 0x0D11),
    (0x0D45, 0x0D45),
    (0x0D49, 0x0D49),
    (0x0D50, 0x0D53),
    (0x0D64, 0x0D65),
    (0x0D80, 0x0D80),
    (0x0D84, 0x0D84),
    (0x0D97, 0x0D99),
    (0x0DB2, 0x0DB2),
    (0x0DBC, 0x0DBC),
    (0x0DBE, 0x0DBF),
    (0x0DC7, 0x0DC9),
    (0x0DCB, 0x0DCE),
    (0x0DD5, 0x0DD5),
    (0x0DD7, 0x0DD7),
    (0x0DE0, 0x0DE5),
    (0x0DF0, 0x0DF1),
    (0x0DF5, 0x0E00),
    (0x0E3B, 0x0E3E),
    (0x0E5C, 0x0E80),
    (0x0E83, 0x0E83),
    (0x0E85, 0x0E85),
    (0x0E8B, 0x0E8B),
    (0x0EA4, 0x0EA4),
    (0x0EA6, 0x0EA6),
    (0x0EBE, 0x0EBF),
    (0x0EC5, 0x0EC5),
    (0x0EC7, 0x0EC7),
    (0x0ECF, 0x0ECF),
    (0x0EDA, 0x0EDB),
    (0x0EE0, 0x0EFF),
    (0x0F48, 0x0F48),
    (0x0F6D, 0x0F70),
    (0x0F98, 0x0F98),
    (0x0FBD, 0x0FBD),
    (0x0FCD, 0x0FCD),
    (0x0FDB, 0x0FFF),
    (0x10C6, 0x10C6),
    (0x10C8, 0x10CC),
    (0x10CE, 0x10CF),
    (0x1249, 0x1249),
    (0x124E, 0x124F),
    (0x1257, 0x1257),
    (0x1259, 0x1259),
    (0x125E, 0x125F),
    (0x1289, 0x1289),
    (0x128E, 0x128F),
    (0x12B1, 0x12B1),
    (0x12B6, 0x12B7),
    (0x12BF, 0x12BF),
    (0x12C1, 0x12C1),
    (0x12C6, 0x12C7),
    (0x12D7, 0x12D7),
    (0x1311, 0x1311),
    (0x1316, 0x1317),
    (0x135B, 0x135C),
    (0x137D, 0x137F),
    (0x139A, 0x139F),
    (0x13F6, 0x13F7),
    (0x13FE, 0x13FF),
    (0x169D, 0x169F),
    (0x16F9, 0x16FF),
    (0x1716, 0x171E),
    (0x1737, 0x173F),
    (0x1754, 0x175F),
    (0x176D, 0x176D),
    (0x1771, 0x1771),
    (0x1774, 0x177F),
    (0x17DE, 0x17DF),
    (0x17EA, 0x17EF),
    (0x17FA, 0x17FF),
    (0x181A, 0x181F),
    (0x1879, 0x187F),
    (0x18AB, 0x18AF),
    (0x18F6, 0x18FF),
    (0x191F, 0x191F),
    (0x192C, 0x192F),
    (0x193C, 0x193F),
    (0x1941, 0x1943),
    (0x196E, 0x196F),
    (0x1975, 0x197F),
    (0x19AC, 0x19AF),
    (0x19CA, 0x19CF),
    (0x19DB, 0x19DD),
    (0x1A1C, 0x1A1D),
    (0x1A5F, 0x1A5F),
    (0x1A7D, 0x1A7E),
    (0x1A8A, 0x1A8F),
    (0x1A9A, 0x1A9F),
    (0x1AAE, 0x1AAF),
    (0x1ADE, 0x1ADF),
    (0x1AEC, 0x1AFF),
    (0x1B4D, 0x1B4D),
    (0x1BF4, 0x1BFB),
    (0x1C38, 0x1C3A),
    (0x1C4A, 0x1C4C),
    (0x1C8B, 0x1C8F),
    (0x1CBB, 0x1CBC),
    (0x1CC8, 0x1CCF),
    (0x1CFB, 0x1CFF),
    (0x1F16, 0x1F17),
    (0x1F1E, 0x1F1F),
    (0x1F46, 0x1F47),
    (0x1F4E, 0x1F4F),
    (0x1F58, 0x1F58),
    (0x1F5A, 0x1F5A),
    (0x1F5C, 0x1F5C),
    (0x1F5E, 0x1F5E),
    (0x1F7E, 0x1F7F),
    (0x1FB5, 0x1FB5),
    (0x1FC5, 0x1FC5),
    (0x1FD4, 0x1FD5),
    (0x1FDC, 0x1FDC),
    (0x1FF0, 0x1FF1),
    (0x1FF5, 0x1FF5),
    (0x1FFF, 0x1FFF),
    (0x2065, 0x2065),
    (0x2072, 0x2073),
    (0x208F, 0x208F),
    (0x209D, 0x209F),
    (0x20C2, 0x20CF),
    (0x20F1, 0x20FF),
    (0x218C, 0x218F),
    (0x242A, 0x243F),
    (0x244B, 0x245F),
    (0x2B74, 0x2B75),
    (0x2CF4, 0x2CF8),
    (0x2D26, 0x2D26),
    (0x2D28, 0x2D2C),
    (0x2D2E, 0x2D2F),
    (0x2D68, 0x2D6E),
    (0x2D71, 0x2D7E),
    (0x2D97, 0x2D9F),
    (0x2DA7, 0x2DA7),
    (0x2DAF, 0x2DAF),
    (0x2DB7, 0x2DB7),
    (0x2DBF, 0x2DBF),
    (0x2DC7, 0x2DC7),
    (0x2DCF, 0x2DCF),
    (0x2DD7, 0x2DD7),
    (0x2DDF, 0x2DDF),
    (0x2E5E, 0x2E7F),
    (0x2E9A, 0x2E9A),
    (0x2EF4, 0x2EFF),
    (0x2FD6, 0x2FEF),
    (0x3040, 0x3040),
    (0x3097, 0x3098),
    (0x3100, 0x3104),
    (0x3130, 0x3130),
    (0x318F, 0x318F),
    (0x31E6, 0x31EE),
    (0x321F, 0x321F),
    (0xA48D, 0xA48F),
    (0xA4C7, 0xA4CF),
    (0xA62C, 0xA63F),
    (0xA6F8, 0xA6FF),
    (0xA7DD, 0xA7F0),
    (0xA82D, 0xA82F),
    (0xA83A, 0xA83F),
    (0xA878, 0xA87F),
    (0xA8C6, 0xA8CD),
    (0xA8DA, 0xA8DF),
    (0xA954, 0xA95E),
    (0xA97D, 0xA97F),
    (0xA9CE, 0xA9CE),
    (0xA9DA, 0xA9DD),
    (0xA9FF, 0xA9FF),
    (0xAA37, 0xAA3F),
    (0xAA4E, 0xAA4F),
    (0xAA5A, 0xAA5B),
    (0xAAC3, 0xAADA),
    (0xAAF7, 0xAB00),
    (0xAB07, 0xAB08),
    (0xAB0F, 0xAB10),
    (0xAB17, 0xAB1F),
    (0xAB27, 0xAB27),
    (0xAB2F, 0xAB2F),
    (0xAB6C, 0xAB6F),
    (0xABEE, 0xABEF),
    (0xABFA, 0xABFF),
    (0xD7A4, 0xD7AF),
    (0xD7C7, 0xD7CA),
    (0xD7FC, 0xF8FF),
    (0xFA6E, 0xFA6F),
    (0xFADA, 0xFAFF),
    (0xFB07, 0xFB12),
    (0xFB18, 0xFB1C),
    (0xFB37, 0xFB37),
    (0xFB3D, 0xFB3D),
    (0xFB3F, 0xFB3F),
    (0xFB42, 0xFB42),
    (0xFB45, 0xFB45),
    (0xFDD0, 0xFDEF),
    (0xFE1A, 0xFE1F),
    (0xFE53, 0xFE53),
    (0xFE67, 0xFE67),
    (0xFE6C, 0xFE6F),
    (0xFE75, 0xFE75),
    (0xFEFD, 0xFEFE),
    (0xFF00, 0xFF00),
    (0xFFBF, 0xFFC1),
    (0xFFC8, 0xFFC9),
    (0xFFD0, 0xFFD1),
    (0xFFD8, 0xFFD9),
    (0xFFDD, 0xFFDF),
    (0xFFE7, 0xFFE7),
    (0xFFEF, 0xFFF8),
    (0xFFFE, 0xFFFF),
    (0x1000C, 0x1000C),
    (0x10027, 0x10027),
    (0x1003B, 0x1003B),
    (0x1003E, 0x1003E),
    (0x1004E, 0x1004F),
    (0x1005E, 0x1007F),
    (0x100FB, 0x100FF),
    (0x10103, 0x10106),
    (0x10134, 0x10136),
    (0x1018F, 0x1018F),
    (0x1019D, 0x1019F),
    (0x101A1, 0x101CF),
    (0x101FE, 0x1027F),
    (0x1029D, 0x1029F),
    (0x102D1, 0x102DF),
    (0x102FC, 0x102FF),
    (0x10324, 0x1032C),
    (0x1034B, 0x1034F),
    (0x1037B, 0x1037F),
    (0x1039E, 0x1039E),
    (0x103C4, 0x103C7),
    (0x103D6, 0x103FF),
    (0x1049E, 0x1049F),
    (0x104AA, 0x104AF),
    (0x104D4, 0x104D7),
    (0x104FC, 0x104FF),
    (0x10528, 0x1052F),
    (0x10564, 0x1056E),
    (0x1057B, 0x1057B),
    (0x1058B, 0x1058B),
    (0x10593, 0x10593),
    (0x10596, 0x10596),
    (0x105A2, 0x105A2),
    (0x105B2, 0x105B2),
    (0x105BA, 0x105BA),
    (0x105BD, 0x105BF),
    (0x105F4, 0x105FF),
    (0x10737, 0x1073F),
    (0x10756, 0x1075F),
    (0x10768, 0x1077F),
    (0x10786, 0x10786),
    (0x107B1, 0x107B1),
    (0x107BB, 0x107FF),
    (0x10806, 0x10807),
    (0x10809, 0x10809),
    (0x10836, 0x10836),
    (0x10839, 0x1083B),
    (0x1083D, 0x1083E),
    (0x10856, 0x10856),
    (0x1089F, 0x108A6),
    (0x108B0, 0x108DF),
    (0x108F3, 0x108F3),
    (0x108F6, 0x108FA),
    (0x1091C, 0x1091E),
    (0x1093A, 0x1093E),
    (0x1095A, 0x1097F),
    (0x109B8, 0x109BB),
    (0x109D0, 0x109D1),
    (0x10A04, 0x10A04),
    (0x10A07, 0x10A0B),
    (0x10A14, 0x10A14),
    (0x10A18, 0x10A18),
    (0x10A36, 0x10A37),
    (0x10A3B, 0x10A3E),
    (0x10A49, 0x10A4F),
    (0x10A59, 0x10A5F),
    (0x10AA0, 0x10ABF),
    (0x10AE7, 0x10AEA),
    (0x10AF7, 0x10AFF),
    (0x10B36, 0x10B38),
    (0x10B56, 0x10B57),
    (0x10B73, 0x10B77),
    (0x10B92, 0x10B98),
    (0x10B9D, 0x10BA8),
    (0x10BB0, 0x10BFF),
    (0x10C49, 0x10C7F),
    (0x10CB3, 0x10CBF),
    (0x10CF3, 0x10CF9),
    (0x10D28, 0x10D2F),
    (0x10D3A, 0x10D3F),
    (0x10D66, 0x10D68),
    (0x10D86, 0x10D8D),
    (0x10D90, 0x10E5F),
    (0x10E7F, 0x10E7F),
    (0x10EAA, 0x10EAA),
    (0x10EAE, 0x10EAF),
    (0x10EB2, 0x10EC1),
    (0x10EC8, 0x10ECF),
    (0x10ED9, 0x10EF9),
    (0x10F28, 0x10F2F),
    (0x10F5A, 0x10F6F),
    (0x10F8A, 0x10FAF),
    (0x10FCC, 0x10FDF),
    (0x10FF7, 0x10FFF),
    (0x1104E, 0x11051),
    (0x11076, 0x1107E),
    (0x110C3, 0x110CC),
    (0x110CE, 0x110CF),
    (0x110E9, 0x110EF),
    (0x110FA, 0x110FF),
    (0x11135, 0x11135),
    (0x11148, 0x1114F),
    (0x11177, 0x1117F),
    (0x111E0, 0x111E0),
    (0x111F5, 0x111FF),
    (0x11212, 0x11212),
    (0x11242, 0x1127F),
    (0x11287, 0x11287),
    (0x11289, 0x11289),
    (0x1128E, 0x1128E),
    (0x1129E, 0x1129E),
    (0x112AA, 0x112AF),
    (0x112EB, 0x112EF),
    (0x112FA, 0x112FF),
    (0x11304, 0x11304),
    (0x1130D, 0x1130E),
    (0x11311, 0x11312),
    (0x11329, 0x11329),
    (0x11331, 0x11331),
    (0x11334, 0x11334),
    (0x1133A, 0x1133A),
    (0x11345, 0x11346),
    (0x11349, 0x1134A),
    (0x1134E, 0x1134F),
    (0x11351, 0x11356),
    (0x11358, 0x1135C),
    (0x11364, 0x11365),
    (0x1136D, 0x1136F),
    (0x11375, 0x1137F),
    (0x1138A, 0x1138A),
    (0x1138C, 0x1138D),
    (0x1138F, 0x1138F),
    (0x113B6, 0x113B6),
    (0x113C1, 0x113C1),
    (0x113C3, 0x113C4),
    (0x113C6, 0x113C6),
    (0x113CB, 0x113CB),
    (0x113D6, 0x113D6),
    (0x113D9, 0x113E0),
    (0x113E3, 0x113FF),
    (0x1145C, 0x1145C),
    (0x11462, 0x1147F),
    (0x114C8, 0x114CF),
    (0x114DA, 0x1157F),
    (0x115B6, 0x115B7),
    (0x115DE, 0x115FF),
    (0x11645, 0x1164F),
    (0x1165A, 0x1165F),
    (0x1166D, 0x1167F),
    (0x116BA, 0x116BF),
    (0x116CA, 0x116CF),
    (0x116E4, 0x116FF),
    (0x1171B, 0x1171C),
    (0x1172C, 0x1172F),
    (0x11747, 0x117FF),
    (0x1183C, 0x1189F),
    (0x118F3, 0x118FE),
    (0x11907, 0x11908),
    (0x1190A, 0x1190B),
    (0x11914, 0x11914),
    (0x11917, 0x11917),
    (0x11936, 0x11936),
    (0x11939, 0x1193A),
    (0x11947, 0x1194F),
    (0x1195A, 0x1199F),
    (0x119A8, 0x119A9),
    (0x119D8, 0x119D9),
    (0x119E5, 0x119FF),
    (0x11A48, 0x11A4F),
    (0x11AA3, 0x11AAF),
    (0x11AF9, 0x11AFF),
    (0x11B0A, 0x11B5F),
    (0x11B68, 0x11BBF),
    (0x11BE2, 0x11BEF),
    (0x11BFA, 0x11BFF),
    (0x11C09, 0x11C09),
    (0x11C37, 0x11C37),
    (0x11C46, 0x11C4F),
    (0x11C6D, 0x11C6F),
    (0x11C90, 0x11C91),
    (0x11CA8, 0x11CA8),
    (0x11CB7, 0x11CFF),
    (0x11D07, 0x11D07),
    (0x11D0A, 0x11D0A),
    (0x11D37, 0x11D39),
    (0x11D3B, 0x11D3B),
    (0x11D3E, 0x11D3E),
    (0x11D48, 0x11D4F),
    (0x11D5A, 0x11D5F),
    (0x11D66, 0x11D66),
    (0x11D69, 0x11D69),
    (0x11D8F, 0x11D8F),
    (0x11D92, 0x11D92),
    (0x11D99, 0x11D9F),
    (0x11DAA, 0x11DAF),
    (0x11DDC, 0x11DDF),
    (0x11DEA, 0x11EDF),
    (0x11EF9, 0x11EFF),
    (0x11F11, 0x11F11),
    (0x11F3B, 0x11F3D),
    (0x11F5B, 0x11FAF),
    (0x11FB1, 0x11FBF),
    (0x11FF2, 0x11FFE),
    (0x1239A, 0x123FF),
    (0x1246F, 0x1246F),
    (0x12475, 0x1247F),
    (0x12544, 0x12F8F),
    (0x12FF3, 0x12FFF),
    (0x13456, 0x1345F),
    (0x143FB, 0x143FF),
    (0x14647, 0x160FF),
    (0x1613A, 0x167FF),
    (0x16A39, 0x16A3F),
    (0x16A5F, 0x16A5F),
    (0x16A6A, 0x16A6D),
    (0x16ABF, 0x16ABF),
    (0x16ACA, 0x16ACF),
    (0x16AEE, 0x16AEF),
    (0x16AF6, 0x16AFF),
    (0x16B46, 0x16B4F),
    (0x16B5A, 0x16B5A),
    (0x16B62, 0x16B62),
    (0x16B78, 0x16B7C),
    (0x16B90, 0x16D3F),
    (0x16D7A, 0x16E3F),
    (0x16E9B, 0x16E9F),
    (0x16EB9, 0x16EBA),
    (0x16ED4, 0x16EFF),
    (0x16F4B, 0x16F4E),
    (0x16F88, 0x16F8E),
    (0x16FA0, 0x16FDF),
    (0x16FE5, 0x16FEF),
    (0x16FF7, 0x16FFF),
    (0x18CD6, 0x18CFE),
    (0x18D1F, 0x18D7F),
    (0x18DF3, 0x1AFEF),
    (0x1AFF4, 0x1AFF4),
    (0x1AFFC, 0x1AFFC),
    (0x1AFFF, 0x1AFFF),
    (0x1B123, 0x1B131),
    (0x1B133, 0x1B14F),
    (0x1B153, 0x1B154),
    (0x1B156, 0x1B163),
    (0x1B168, 0x1B16F),
    (0x1B2FC, 0x1BBFF),
    (0x1BC6B, 0x1BC6F),
    (0x1BC7D, 0x1BC7F),
    (0x1BC89, 0x1BC8F),
    (0x1BC9A, 0x1BC9B),
    (0x1BCA4, 0x1CBFF),
    (0x1CCFD, 0x1CCFF),
    (0x1CEB4, 0x1CEB9),
    (0x1CED1, 0x1CEDF),
    (0x1CEF1, 0x1CEFF),
    (0x1CF2E, 0x1CF2F),
    (0x1CF47, 0x1CF4F),
    (0x1CFC4, 0x1CFFF),
    (0x1D0F6, 0x1D0FF),
    (0x1D127, 0x1D128),
    (0x1D1EB, 0x1D1FF),
    (0x1D246, 0x1D2BF),
    (0x1D2D4, 0x1D2DF),
    (0x1D2F4, 0x1D2FF),
    (0x1D357, 0x1D35F),
    (0x1D379, 0x1D3FF),
    (0x1D455, 0x1D455),
    (0x1D49D, 0x1D49D),
    (0x1D4A0, 0x1D4A1),
    (0x1D4A3, 0x1D4A4),
    (0x1D4A7, 0x1D4A8),
    (0x1D4AD, 0x1D4AD),
    (0x1D4BA, 0x1D4BA),
    (0x1D4BC, 0x1D4BC),
    (0x1D4C4, 0x1D4C4),
    (0x1D506, 0x1D506),
    (0x1D50B, 0x1D50C),
    (0x1D515, 0x1D515),
    (0x1D51D, 0x1D51D),
    (0x1D53A, 0x1D53A),
    (0x1D53F, 0x1D53F),
    (0x1D545, 0x1D545),
    (0x1D547, 0x1D549),
    (0x1D551, 0x1D551),
    (0x1D6A6, 0x1D6A7),
    (0x1D7CC, 0x1D7CD),
    (0x1DA8C, 0x1DA9A),
    (0x1DAA0, 0x1DAA0),
    (0x1DAB0, 0x1DEFF),
    (0x1DF1F, 0x1DF24),
    (0x1DF2B, 0x1DFFF),
    (0x1E007, 0x1E007),
    (0x1E019, 0x1E01A),
    (0x1E022, 0x1E022),
    (0x1E025, 0x1E025),
    (0x1E02B, 0x1E02F),
    (0x1E06E, 0x1E08E),
    (0x1E090, 0x1E0FF),
    (0x1E12D, 0x1E12F),
    (0x1E13E, 0x1E13F),
    (0x1E14A, 0x1E14D),
    (0x1E150, 0x1E28F),
    (0x1E2AF, 0x1E2BF),
    (0x1E2FA, 0x1E2FE),
    (0x1E300, 0x1E4CF),
    (0x1E4FA, 0x1E5CF),
    (0x1E5FB, 0x1E5FE),
    (0x1E600, 0x1E6BF),
    (0x1E6DF, 0x1E6DF),
    (0x1E6F6, 0x1E6FD),
    (0x1E700, 0x1E7DF),
    (0x1E7E7, 0x1E7E7),
    (0x1E7EC, 0x1E7EC),
    (0x1E7EF, 0x1E7EF),
    (0x1E7FF, 0x1E7FF),
    (0x1E8C5, 0x1E8C6),
    (0x1E8D7, 0x1E8FF),
    (0x1E94C, 0x1E94F),
    (0x1E95A, 0x1E95D),
    (0x1E960, 0x1EC70),
    (0x1ECB5, 0x1ED00),
    (0x1ED3E, 0x1EDFF),
    (0x1EE04, 0x1EE04),
    (0x1EE20, 0x1EE20),
    (0x1EE23, 0x1EE23),
    (0x1EE25, 0x1EE26),
    (0x1EE28, 0x1EE28),
    (0x1EE33, 0x1EE33),
    (0x1EE38, 0x1EE38),
    (0x1EE3A, 0x1EE3A),
    (0x1EE3C, 0x1EE41),
    (0x1EE43, 0x1EE46),
    (0x1EE48, 0x1EE48),
    (0x1EE4A, 0x1EE4A),
    (0x1EE4C, 0x1EE4C),
    (0x1EE50, 0x1EE50),
    (0x1EE53, 0x1EE53),
    (0x1EE55, 0x1EE56),
    (0x1EE58, 0x1EE58),
    (0x1EE5A, 0x1EE5A),
    (0x1EE5C, 0x1EE5C),
    (0x1EE5E, 0x1EE5E),
    (0x1EE60, 0x1EE60),
    (0x1EE63, 0x1EE63),
    (0x1EE65, 0x1EE66),
    (0x1EE6B, 0x1EE6B),
    (0x1EE73, 0x1EE73),
    (0x1EE78, 0x1EE78),
    (0x1EE7D, 0x1EE7D),
    (0x1EE7F, 0x1EE7F),
    (0x1EE8A, 0x1EE8A),
    (0x1EE9C, 0x1EEA0),
    (0x1EEA4, 0x1EEA4),
    (0x1EEAA, 0x1EEAA),
    (0x1EEBC, 0x1EEEF),
    (0x1EEF2, 0x1EFFF),
    (0x1F02C, 0x1F02F),
    (0x1F094, 0x1F09F),
    (0x1F0AF, 0x1F0B0),
    (0x1F0C0, 0x1F0C0),
    (0x1F0D0, 0x1F0D0),
    (0x1F0F6, 0x1F0FF),
    (0x1F1AE, 0x1F1E5),
    (0x1F203, 0x1F20F),
    (0x1F23C, 0x1F23F),
    (0x1F249, 0x1F24F),
    (0x1F252, 0x1F25F),
    (0x1F266, 0x1F2FF),
    (0x1F6D9, 0x1F6DB),
    (0x1F6ED, 0x1F6EF),
    (0x1F6FD, 0x1F6FF),
    (0x1F7DA, 0x1F7DF),
    (0x1F7EC, 0x1F7EF),
    (0x1F7F1, 0x1F7FF),
    (0x1F80C, 0x1F80F),
    (0x1F848, 0x1F84F),
    (0x1F85A, 0x1F85F),
    (0x1F888, 0x1F88F),
    (0x1F8AE, 0x1F8AF),
    (0x1F8BC, 0x1F8BF),
    (0x1F8C2, 0x1F8CF),
    (0x1F8D9, 0x1F8FF),
    (0x1FA58, 0x1FA5F),
    (0x1FA6E, 0x1FA6F),
    (0x1FA7D, 0x1FA7F),
    (0x1FA8B, 0x1FA8D),
    (0x1FAC7, 0x1FAC7),
    (0x1FAC9, 0x1FACC),
    (0x1FADD, 0x1FADE),
    (0x1FAEB, 0x1FAEE),
    (0x1FAF9, 0x1FAFF),
    (0x1FB93, 0x1FB93),
    (0x1FBFB, 0x1FFFF),
    (0x2A6E0, 0x2A6FF),
    (0x2B81E, 0x2B81F),
    (0x2CEAE, 0x2CEAF),
    (0x2EBE1, 0x2EBEF),
    (0x2EE5E, 0x2F7FF),
    (0x2FA1E, 0x2FFFF),
    (0x3134B, 0x3134F),
    (0x3347A, 0xE0000),
    (0xE0002, 0xE001F),
    (0xE0080, 0xE00FF),
    (0xE01F0, 0x10FFFF),
];

/// `\p{Script_-_Vai}` (from the test262 fixtures).
pub const SCRIPT___VAI: &[(u32, u32)] = &[
    (0xA500, 0xA62B),
];

/// `\p{Script_-_Vithkuqi}` (from the test262 fixtures).
pub const SCRIPT___VITHKUQI: &[(u32, u32)] = &[
    (0x10570, 0x1057A),
    (0x1057C, 0x1058A),
    (0x1058C, 0x10592),
    (0x10594, 0x10595),
    (0x10597, 0x105A1),
    (0x105A3, 0x105B1),
    (0x105B3, 0x105B9),
    (0x105BB, 0x105BC),
];

/// `\p{Script_-_Wancho}` (from the test262 fixtures).
pub const SCRIPT___WANCHO: &[(u32, u32)] = &[
    (0x1E2C0, 0x1E2F9),
    (0x1E2FF, 0x1E2FF),
];

/// `\p{Script_-_Warang_Citi}` (from the test262 fixtures).
pub const SCRIPT___WARANG_CITI: &[(u32, u32)] = &[
    (0x118A0, 0x118F2),
    (0x118FF, 0x118FF),
];

/// `\p{Script_-_Yezidi}` (from the test262 fixtures).
pub const SCRIPT___YEZIDI: &[(u32, u32)] = &[
    (0x10E80, 0x10EA9),
    (0x10EAB, 0x10EAD),
    (0x10EB0, 0x10EB1),
];

/// `\p{Script_-_Yi}` (from the test262 fixtures).
pub const SCRIPT___YI: &[(u32, u32)] = &[
    (0xA000, 0xA48C),
    (0xA490, 0xA4C6),
];

/// `\p{Script_-_Zanabazar_Square}` (from the test262 fixtures).
pub const SCRIPT___ZANABAZAR_SQUARE: &[(u32, u32)] = &[
    (0x11A00, 0x11A47),
];

/// `\p{Script_Extensions_-_Adlam}` (from the test262 fixtures).
pub const SCRIPT_EXTENSIONS___ADLAM: &[(u32, u32)] = &[
    (0x061F, 0x061F),
    (0x0640, 0x0640),
    (0x204F, 0x204F),
    (0x2E41, 0x2E41),
    (0x1E900, 0x1E94B),
    (0x1E950, 0x1E959),
    (0x1E95E, 0x1E95F),
];

/// `\p{Script_Extensions_-_Ahom}` (from the test262 fixtures).
pub const SCRIPT_EXTENSIONS___AHOM: &[(u32, u32)] = &[
    (0x11700, 0x1171A),
    (0x1171D, 0x1172B),
    (0x11730, 0x11746),
];

/// `\p{Script_Extensions_-_Anatolian_Hieroglyphs}` (from the test262 fixtures).
pub const SCRIPT_EXTENSIONS___ANATOLIAN_HIEROGLYPHS: &[(u32, u32)] = &[
    (0x14400, 0x14646),
];

/// `\p{Script_Extensions_-_Arabic}` (from the test262 fixtures).
pub const SCRIPT_EXTENSIONS___ARABIC: &[(u32, u32)] = &[
    (0x0600, 0x0604),
    (0x0606, 0x06DC),
    (0x06DE, 0x06FF),
    (0x0750, 0x077F),
    (0x0870, 0x0891),
    (0x0897, 0x08E1),
    (0x08E3, 0x08FF),
    (0x204F, 0x204F),
    (0x2E41, 0x2E41),
    (0xFB50, 0xFDCF),
    (0xFDF0, 0xFDFF),
    (0xFE70, 0xFE74),
    (0xFE76, 0xFEFC),
    (0x102E0, 0x102FB),
    (0x10E60, 0x10E7E),
    (0x10EC2, 0x10EC7),
    (0x10ED0, 0x10ED8),
    (0x10EFA, 0x10EFF),
    (0x1EE00, 0x1EE03),
    (0x1EE05, 0x1EE1F),
    (0x1EE21, 0x1EE22),
    (0x1EE24, 0x1EE24),
    (0x1EE27, 0x1EE27),
    (0x1EE29, 0x1EE32),
    (0x1EE34, 0x1EE37),
    (0x1EE39, 0x1EE39),
    (0x1EE3B, 0x1EE3B),
    (0x1EE42, 0x1EE42),
    (0x1EE47, 0x1EE47),
    (0x1EE49, 0x1EE49),
    (0x1EE4B, 0x1EE4B),
    (0x1EE4D, 0x1EE4F),
    (0x1EE51, 0x1EE52),
    (0x1EE54, 0x1EE54),
    (0x1EE57, 0x1EE57),
    (0x1EE59, 0x1EE59),
    (0x1EE5B, 0x1EE5B),
    (0x1EE5D, 0x1EE5D),
    (0x1EE5F, 0x1EE5F),
    (0x1EE61, 0x1EE62),
    (0x1EE64, 0x1EE64),
    (0x1EE67, 0x1EE6A),
    (0x1EE6C, 0x1EE72),
    (0x1EE74, 0x1EE77),
    (0x1EE79, 0x1EE7C),
    (0x1EE7E, 0x1EE7E),
    (0x1EE80, 0x1EE89),
    (0x1EE8B, 0x1EE9B),
    (0x1EEA1, 0x1EEA3),
    (0x1EEA5, 0x1EEA9),
    (0x1EEAB, 0x1EEBB),
    (0x1EEF0, 0x1EEF1),
];

/// `\p{Script_Extensions_-_Armenian}` (from the test262 fixtures).
pub const SCRIPT_EXTENSIONS___ARMENIAN: &[(u32, u32)] = &[
    (0x0308, 0x0308),
    (0x0531, 0x0556),
    (0x0559, 0x058A),
    (0x058D, 0x058F),
    (0xFB13, 0xFB17),
];

/// `\p{Script_Extensions_-_Avestan}` (from the test262 fixtures).
pub const SCRIPT_EXTENSIONS___AVESTAN: &[(u32, u32)] = &[
    (0x00B7, 0x00B7),
    (0x2E30, 0x2E31),
    (0x10B00, 0x10B35),
    (0x10B39, 0x10B3F),
];

/// `\p{Script_Extensions_-_Balinese}` (from the test262 fixtures).
pub const SCRIPT_EXTENSIONS___BALINESE: &[(u32, u32)] = &[
    (0x1B00, 0x1B4C),
    (0x1B4E, 0x1B7F),
];

/// `\p{Script_Extensions_-_Bamum}` (from the test262 fixtures).
pub const SCRIPT_EXTENSIONS___BAMUM: &[(u32, u32)] = &[
    (0xA6A0, 0xA6F7),
    (0x16800, 0x16A38),
];

/// `\p{Script_Extensions_-_Bassa_Vah}` (from the test262 fixtures).
pub const SCRIPT_EXTENSIONS___BASSA_VAH: &[(u32, u32)] = &[
    (0x16AD0, 0x16AED),
    (0x16AF0, 0x16AF5),
];

/// `\p{Script_Extensions_-_Batak}` (from the test262 fixtures).
pub const SCRIPT_EXTENSIONS___BATAK: &[(u32, u32)] = &[
    (0x1BC0, 0x1BF3),
    (0x1BFC, 0x1BFF),
];

/// `\p{Script_Extensions_-_Bengali}` (from the test262 fixtures).
pub const SCRIPT_EXTENSIONS___BENGALI: &[(u32, u32)] = &[
    (0x02BC, 0x02BC),
    (0x0951, 0x0952),
    (0x0964, 0x0965),
    (0x0980, 0x0983),
    (0x0985, 0x098C),
    (0x098F, 0x0990),
    (0x0993, 0x09A8),
    (0x09AA, 0x09B0),
    (0x09B2, 0x09B2),
    (0x09B6, 0x09B9),
    (0x09BC, 0x09C4),
    (0x09C7, 0x09C8),
    (0x09CB, 0x09CE),
    (0x09D7, 0x09D7),
    (0x09DC, 0x09DD),
    (0x09DF, 0x09E3),
    (0x09E6, 0x09FE),
    (0x1CD0, 0x1CD0),
    (0x1CD2, 0x1CD2),
    (0x1CD5, 0x1CD6),
    (0x1CD8, 0x1CD8),
    (0x1CE1, 0x1CE1),
    (0x1CEA, 0x1CEA),
    (0x1CED, 0x1CED),
    (0x1CF2, 0x1CF2),
    (0x1CF5, 0x1CF7),
    (0xA8F1, 0xA8F1),
];

/// `\p{Script_Extensions_-_Beria_Erfe}` (from the test262 fixtures).
pub const SCRIPT_EXTENSIONS___BERIA_ERFE: &[(u32, u32)] = &[
    (0x16EA0, 0x16EB8),
    (0x16EBB, 0x16ED3),
];

/// `\p{Script_Extensions_-_Bhaiksuki}` (from the test262 fixtures).
pub const SCRIPT_EXTENSIONS___BHAIKSUKI: &[(u32, u32)] = &[
    (0x11C00, 0x11C08),
    (0x11C0A, 0x11C36),
    (0x11C38, 0x11C45),
    (0x11C50, 0x11C6C),
];

/// `\p{Script_Extensions_-_Bopomofo}` (from the test262 fixtures).
pub const SCRIPT_EXTENSIONS___BOPOMOFO: &[(u32, u32)] = &[
    (0x02C7, 0x02C7),
    (0x02C9, 0x02CB),
    (0x02D9, 0x02D9),
    (0x02EA, 0x02EB),
    (0x3001, 0x3003),
    (0x3008, 0x3011),
    (0x3013, 0x301F),
    (0x302A, 0x302D),
    (0x3030, 0x3030),
    (0x3037, 0x3037),
    (0x30FB, 0x30FB),
    (0x3105, 0x312F),
    (0x31A0, 0x31BF),
    (0xFE45, 0xFE46),
    (0xFF61, 0xFF65),
];

/// `\p{Script_Extensions_-_Brahmi}` (from the test262 fixtures).
pub const SCRIPT_EXTENSIONS___BRAHMI: &[(u32, u32)] = &[
    (0x11000, 0x1104D),
    (0x11052, 0x11075),
    (0x1107F, 0x1107F),
];

/// `\p{Script_Extensions_-_Braille}` (from the test262 fixtures).
pub const SCRIPT_EXTENSIONS___BRAILLE: &[(u32, u32)] = &[
    (0x2800, 0x28FF),
];

/// `\p{Script_Extensions_-_Buginese}` (from the test262 fixtures).
pub const SCRIPT_EXTENSIONS___BUGINESE: &[(u32, u32)] = &[
    (0x1A00, 0x1A1B),
    (0x1A1E, 0x1A1F),
    (0xA9CF, 0xA9CF),
];

/// `\p{Script_Extensions_-_Buhid}` (from the test262 fixtures).
pub const SCRIPT_EXTENSIONS___BUHID: &[(u32, u32)] = &[
    (0x1735, 0x1736),
    (0x1740, 0x1753),
];

/// `\p{Script_Extensions_-_Canadian_Aboriginal}` (from the test262 fixtures).
pub const SCRIPT_EXTENSIONS___CANADIAN_ABORIGINAL: &[(u32, u32)] = &[
    (0x1400, 0x167F),
    (0x18B0, 0x18F5),
    (0x11AB0, 0x11ABF),
];

/// `\p{Script_Extensions_-_Carian}` (from the test262 fixtures).
pub const SCRIPT_EXTENSIONS___CARIAN: &[(u32, u32)] = &[
    (0x00B7, 0x00B7),
    (0x205A, 0x205A),
    (0x205D, 0x205D),
    (0x2E31, 0x2E31),
    (0x102A0, 0x102D0),
];

/// `\p{Script_Extensions_-_Caucasian_Albanian}` (from the test262 fixtures).
pub const SCRIPT_EXTENSIONS___CAUCASIAN_ALBANIAN: &[(u32, u32)] = &[
    (0x0304, 0x0304),
    (0x0331, 0x0331),
    (0x035E, 0x035E),
    (0x10530, 0x10563),
    (0x1056F, 0x1056F),
];

/// `\p{Script_Extensions_-_Chakma}` (from the test262 fixtures).
pub const SCRIPT_EXTENSIONS___CHAKMA: &[(u32, u32)] = &[
    (0x09E6, 0x09EF),
    (0x1040, 0x1049),
    (0x11100, 0x11134),
    (0x11136, 0x11147),
];

/// `\p{Script_Extensions_-_Cham}` (from the test262 fixtures).
pub const SCRIPT_EXTENSIONS___CHAM: &[(u32, u32)] = &[
    (0xAA00, 0xAA36),
    (0xAA40, 0xAA4D),
    (0xAA50, 0xAA59),
    (0xAA5C, 0xAA5F),
];

/// `\p{Script_Extensions_-_Cherokee}` (from the test262 fixtures).
pub const SCRIPT_EXTENSIONS___CHEROKEE: &[(u32, u32)] = &[
    (0x0300, 0x0302),
    (0x0304, 0x0304),
    (0x030B, 0x030C),
    (0x0323, 0x0324),
    (0x0330, 0x0331),
    (0x13A0, 0x13F5),
    (0x13F8, 0x13FD),
    (0xAB70, 0xABBF),
];

/// `\p{Script_Extensions_-_Chorasmian}` (from the test262 fixtures).
pub const SCRIPT_EXTENSIONS___CHORASMIAN: &[(u32, u32)] = &[
    (0x10FB0, 0x10FCB),
];

/// `\p{Script_Extensions_-_Common}` (from the test262 fixtures).
pub const SCRIPT_EXTENSIONS___COMMON: &[(u32, u32)] = &[
    (0x0000, 0x0040),
    (0x005B, 0x0060),
    (0x007B, 0x00A9),
    (0x00AB, 0x00B6),
    (0x00B8, 0x00B9),
    (0x00BB, 0x00BF),
    (0x00D7, 0x00D7),
    (0x00F7, 0x00F7),
    (0x02B9, 0x02BB),
    (0x02BD, 0x02C6),
    (0x02C8, 0x02C8),
    (0x02CC, 0x02CC),
    (0x02CE, 0x02D6),
    (0x02D8, 0x02D8),
    (0x02DA, 0x02DF),
    (0x02E5, 0x02E9),
    (0x02EC, 0x02FF),
    (0x037E, 0x037E),
    (0x0385, 0x0385),
    (0x0387, 0x0387),
    (0x0605, 0x0605),
    (0x06DD, 0x06DD),
    (0x08E2, 0x08E2),
    (0x0E3F, 0x0E3F),
    (0x0FD5, 0x0FD8),
    (0x2000, 0x200B),
    (0x200E, 0x202E),
    (0x2030, 0x204E),
    (0x2050, 0x2059),
    (0x205B, 0x205C),
    (0x205E, 0x2064),
    (0x2066, 0x2070),
    (0x2074, 0x207E),
    (0x2080, 0x208E),
    (0x20A0, 0x20C1),
    (0x2100, 0x2125),
    (0x2127, 0x2129),
    (0x212C, 0x2131),
    (0x2133, 0x214D),
    (0x214F, 0x215F),
    (0x2189, 0x218B),
    (0x2190, 0x2429),
    (0x2440, 0x244A),
    (0x2460, 0x27FF),
    (0x2900, 0x2B73),
    (0x2B76, 0x2BFF),
    (0x2E00, 0x2E16),
    (0x2E18, 0x2E2F),
    (0x2E32, 0x2E3B),
    (0x2E3D, 0x2E40),
    (0x2E42, 0x2E42),
    (0x2E44, 0x2E5D),
    (0x3000, 0x3000),
    (0x3004, 0x3004),
    (0x3012, 0x3012),
    (0x3020, 0x3020),
    (0x3036, 0x3036),
    (0x3248, 0x325F),
    (0x327F, 0x327F),
    (0x32B1, 0x32BF),
    (0x32CC, 0x32CF),
    (0x3371, 0x337A),
    (0x3380, 0x33DF),
    (0x33FF, 0x33FF),
    (0x4DC0, 0x4DFF),
    (0xA708, 0xA721),
    (0xA788, 0xA78A),
    (0xAB5B, 0xAB5B),
    (0xAB6A, 0xAB6B),
    (0xFE10, 0xFE19),
    (0xFE30, 0xFE44),
    (0xFE47, 0xFE52),
    (0xFE54, 0xFE66),
    (0xFE68, 0xFE6B),
    (0xFEFF, 0xFEFF),
    (0xFF01, 0xFF20),
    (0xFF3B, 0xFF40),
    (0xFF5B, 0xFF60),
    (0xFFE0, 0xFFE6),
    (0xFFE8, 0xFFEE),
    (0xFFF9, 0xFFFD),
    (0x10190, 0x1019C),
    (0x101D0, 0x101FC),
    (0x1CC00, 0x1CCFC),
    (0x1CD00, 0x1CEB3),
    (0x1CEBA, 0x1CED0),
    (0x1CEE0, 0x1CEF0),
    (0x1CF50, 0x1CFC3),
    (0x1D000, 0x1D0F5),
    (0x1D100, 0x1D126),
    (0x1D129, 0x1D166),
    (0x1D16A, 0x1D17A),
    (0x1D183, 0x1D184),
    (0x1D18C, 0x1D1A9),
    (0x1D1AE, 0x1D1EA),
    (0x1D2C0, 0x1D2D3),
    (0x1D2E0, 0x1D2F3),
    (0x1D300, 0x1D356),
    (0x1D372, 0x1D378),
    (0x1D400, 0x1D454),
    (0x1D456, 0x1D49C),
    (0x1D49E, 0x1D49F),
    (0x1D4A2, 0x1D4A2),
    (0x1D4A5, 0x1D4A6),
    (0x1D4A9, 0x1D4AC),
    (0x1D4AE, 0x1D4B9),
    (0x1D4BB, 0x1D4BB),
    (0x1D4BD, 0x1D4C3),
    (0x1D4C5, 0x1D505),
    (0x1D507, 0x1D50A),
    (0x1D50D, 0x1D514),
    (0x1D516, 0x1D51C),
    (0x1D51E, 0x1D539),
    (0x1D53B, 0x1D53E),
    (0x1D540, 0x1D544),
    (0x1D546, 0x1D546),
    (0x1D54A, 0x1D550),
    (0x1D552, 0x1D6A5),
    (0x1D6A8, 0x1D7CB),
    (0x1D7CE, 0x1D7FF),
    (0x1EC71, 0x1ECB4),
    (0x1ED01, 0x1ED3D),
    (0x1F000, 0x1F02B),
    (0x1F030, 0x1F093),
    (0x1F0A0, 0x1F0AE),
    (0x1F0B1, 0x1F0BF),
    (0x1F0C1, 0x1F0CF),
    (0x1F0D1, 0x1F0F5),
    (0x1F100, 0x1F1AD),
    (0x1F1E6, 0x1F1FF),
    (0x1F201, 0x1F202),
    (0x1F210, 0x1F23B),
    (0x1F240, 0x1F248),
    (0x1F260, 0x1F265),
    (0x1F300, 0x1F6D8),
    (0x1F6DC, 0x1F6EC),
    (0x1F6F0, 0x1F6FC),
    (0x1F700, 0x1F7D9),
    (0x1F7E0, 0x1F7EB),
    (0x1F7F0, 0x1F7F0),
    (0x1F800, 0x1F80B),
    (0x1F810, 0x1F847),
    (0x1F850, 0x1F859),
    (0x1F860, 0x1F887),
    (0x1F890, 0x1F8AD),
    (0x1F8B0, 0x1F8BB),
    (0x1F8C0, 0x1F8C1),
    (0x1F8D0, 0x1F8D8),
    (0x1F900, 0x1FA57),
    (0x1FA60, 0x1FA6D),
    (0x1FA70, 0x1FA7C),
    (0x1FA80, 0x1FA8A),
    (0x1FA8E, 0x1FAC6),
    (0x1FAC8, 0x1FAC8),
    (0x1FACD, 0x1FADC),
    (0x1FADF, 0x1FAEA),
    (0x1FAEF, 0x1FAF8),
    (0x1FB00, 0x1FB92),
    (0x1FB94, 0x1FBFA),
    (0xE0001, 0xE0001),
    (0xE0020, 0xE007F),
];

/// `\p{Script_Extensions_-_Coptic}` (from the test262 fixtures).
pub const SCRIPT_EXTENSIONS___COPTIC: &[(u32, u32)] = &[
    (0x00B7, 0x00B7),
    (0x0300, 0x0300),
    (0x0304, 0x0305),
    (0x0307, 0x0307),
    (0x0374, 0x0375),
    (0x03E2, 0x03EF),
    (0x2C80, 0x2CF3),
    (0x2CF9, 0x2CFF),
    (0x2E17, 0x2E17),
    (0x102E0, 0x102FB),
];

/// `\p{Script_Extensions_-_Cuneiform}` (from the test262 fixtures).
pub const SCRIPT_EXTENSIONS___CUNEIFORM: &[(u32, u32)] = &[
    (0x12000, 0x12399),
    (0x12400, 0x1246E),
    (0x12470, 0x12474),
    (0x12480, 0x12543),
];

/// `\p{Script_Extensions_-_Cypriot}` (from the test262 fixtures).
pub const SCRIPT_EXTENSIONS___CYPRIOT: &[(u32, u32)] = &[
    (0x10100, 0x10102),
    (0x10107, 0x10133),
    (0x10137, 0x1013F),
    (0x10800, 0x10805),
    (0x10808, 0x10808),
    (0x1080A, 0x10835),
    (0x10837, 0x10838),
    (0x1083C, 0x1083C),
    (0x1083F, 0x1083F),
];

/// `\p{Script_Extensions_-_Cypro_Minoan}` (from the test262 fixtures).
pub const SCRIPT_EXTENSIONS___CYPRO_MINOAN: &[(u32, u32)] = &[
    (0x10100, 0x10101),
    (0x12F90, 0x12FF2),
];

/// `\p{Script_Extensions_-_Cyrillic}` (from the test262 fixtures).
pub const SCRIPT_EXTENSIONS___CYRILLIC: &[(u32, u32)] = &[
    (0x02BC, 0x02BC),
    (0x0300, 0x0302),
    (0x0304, 0x0304),
    (0x0306, 0x0306),
    (0x0308, 0x0308),
    (0x030B, 0x030B),
    (0x0311, 0x0311),
    (0x0400, 0x052F),
    (0x1C80, 0x1C8A),
    (0x1D2B, 0x1D2B),
    (0x1D78, 0x1D78),
    (0x1DF8, 0x1DF8),
    (0x2DE0, 0x2DFF),
    (0x2E43, 0x2E43),
    (0xA640, 0xA69F),
    (0xFE2E, 0xFE2F),
    (0x1E030, 0x1E06D),
    (0x1E08F, 0x1E08F),
];

/// `\p{Script_Extensions_-_Deseret}` (from the test262 fixtures).
pub const SCRIPT_EXTENSIONS___DESERET: &[(u32, u32)] = &[
    (0x10400, 0x1044F),
];

/// `\p{Script_Extensions_-_Devanagari}` (from the test262 fixtures).
pub const SCRIPT_EXTENSIONS___DEVANAGARI: &[(u32, u32)] = &[
    (0x02BC, 0x02BC),
    (0x0900, 0x0952),
    (0x0955, 0x097F),
    (0x1CD0, 0x1CF6),
    (0x1CF8, 0x1CF9),
    (0x20F0, 0x20F0),
    (0xA830, 0xA839),
    (0xA8E0, 0xA8FF),
    (0x11B00, 0x11B09),
];

/// `\p{Script_Extensions_-_Dives_Akuru}` (from the test262 fixtures).
pub const SCRIPT_EXTENSIONS___DIVES_AKURU: &[(u32, u32)] = &[
    (0x11900, 0x11906),
    (0x11909, 0x11909),
    (0x1190C, 0x11913),
    (0x11915, 0x11916),
    (0x11918, 0x11935),
    (0x11937, 0x11938),
    (0x1193B, 0x11946),
    (0x11950, 0x11959),
];

/// `\p{Script_Extensions_-_Dogra}` (from the test262 fixtures).
pub const SCRIPT_EXTENSIONS___DOGRA: &[(u32, u32)] = &[
    (0x0964, 0x096F),
    (0xA830, 0xA839),
    (0x11800, 0x1183B),
];

/// `\p{Script_Extensions_-_Duployan}` (from the test262 fixtures).
pub const SCRIPT_EXTENSIONS___DUPLOYAN: &[(u32, u32)] = &[
    (0x00B7, 0x00B7),
    (0x0307, 0x0308),
    (0x030A, 0x030A),
    (0x0323, 0x0324),
    (0x2E3C, 0x2E3C),
    (0x1BC00, 0x1BC6A),
    (0x1BC70, 0x1BC7C),
    (0x1BC80, 0x1BC88),
    (0x1BC90, 0x1BC99),
    (0x1BC9C, 0x1BCA3),
];

/// `\p{Script_Extensions_-_Egyptian_Hieroglyphs}` (from the test262 fixtures).
pub const SCRIPT_EXTENSIONS___EGYPTIAN_HIEROGLYPHS: &[(u32, u32)] = &[
    (0x13000, 0x13455),
    (0x13460, 0x143FA),
];

/// `\p{Script_Extensions_-_Elbasan}` (from the test262 fixtures).
pub const SCRIPT_EXTENSIONS___ELBASAN: &[(u32, u32)] = &[
    (0x00B7, 0x00B7),
    (0x0305, 0x0305),
    (0x10500, 0x10527),
];

/// `\p{Script_Extensions_-_Elymaic}` (from the test262 fixtures).
pub const SCRIPT_EXTENSIONS___ELYMAIC: &[(u32, u32)] = &[
    (0x10FE0, 0x10FF6),
];

/// `\p{Script_Extensions_-_Ethiopic}` (from the test262 fixtures).
pub const SCRIPT_EXTENSIONS___ETHIOPIC: &[(u32, u32)] = &[
    (0x030E, 0x030E),
    (0x1200, 0x1248),
    (0x124A, 0x124D),
    (0x1250, 0x1256),
    (0x1258, 0x1258),
    (0x125A, 0x125D),
    (0x1260, 0x1288),
    (0x128A, 0x128D),
    (0x1290, 0x12B0),
    (0x12B2, 0x12B5),
    (0x12B8, 0x12BE),
    (0x12C0, 0x12C0),
    (0x12C2, 0x12C5),
    (0x12C8, 0x12D6),
    (0x12D8, 0x1310),
    (0x1312, 0x1315),
    (0x1318, 0x135A),
    (0x135D, 0x137C),
    (0x1380, 0x1399),
    (0x2D80, 0x2D96),
    (0x2DA0, 0x2DA6),
    (0x2DA8, 0x2DAE),
    (0x2DB0, 0x2DB6),
    (0x2DB8, 0x2DBE),
    (0x2DC0, 0x2DC6),
    (0x2DC8, 0x2DCE),
    (0x2DD0, 0x2DD6),
    (0x2DD8, 0x2DDE),
    (0xAB01, 0xAB06),
    (0xAB09, 0xAB0E),
    (0xAB11, 0xAB16),
    (0xAB20, 0xAB26),
    (0xAB28, 0xAB2E),
    (0x1E7E0, 0x1E7E6),
    (0x1E7E8, 0x1E7EB),
    (0x1E7ED, 0x1E7EE),
    (0x1E7F0, 0x1E7FE),
];

/// `\p{Script_Extensions_-_Garay}` (from the test262 fixtures).
pub const SCRIPT_EXTENSIONS___GARAY: &[(u32, u32)] = &[
    (0x060C, 0x060C),
    (0x061B, 0x061B),
    (0x061F, 0x061F),
    (0x10D40, 0x10D65),
    (0x10D69, 0x10D85),
    (0x10D8E, 0x10D8F),
];

/// `\p{Script_Extensions_-_Georgian}` (from the test262 fixtures).
pub const SCRIPT_EXTENSIONS___GEORGIAN: &[(u32, u32)] = &[
    (0x00B7, 0x00B7),
    (0x0589, 0x0589),
    (0x10A0, 0x10C5),
    (0x10C7, 0x10C7),
    (0x10CD, 0x10CD),
    (0x10D0, 0x10FF),
    (0x1C90, 0x1CBA),
    (0x1CBD, 0x1CBF),
    (0x205A, 0x205A),
    (0x2D00, 0x2D25),
    (0x2D27, 0x2D27),
    (0x2D2D, 0x2D2D),
    (0x2E31, 0x2E31),
];

/// `\p{Script_Extensions_-_Glagolitic}` (from the test262 fixtures).
pub const SCRIPT_EXTENSIONS___GLAGOLITIC: &[(u32, u32)] = &[
    (0x00B7, 0x00B7),
    (0x0303, 0x0303),
    (0x0305, 0x0305),
    (0x0484, 0x0484),
    (0x0487, 0x0487),
    (0x0589, 0x0589),
    (0x10FB, 0x10FB),
    (0x205A, 0x205A),
    (0x2C00, 0x2C5F),
    (0x2E43, 0x2E43),
    (0xA66F, 0xA66F),
    (0x1E000, 0x1E006),
    (0x1E008, 0x1E018),
    (0x1E01B, 0x1E021),
    (0x1E023, 0x1E024),
    (0x1E026, 0x1E02A),
];

/// `\p{Script_Extensions_-_Gothic}` (from the test262 fixtures).
pub const SCRIPT_EXTENSIONS___GOTHIC: &[(u32, u32)] = &[
    (0x00B7, 0x00B7),
    (0x0304, 0x0305),
    (0x0308, 0x0308),
    (0x0331, 0x0331),
    (0x10330, 0x1034A),
];

/// `\p{Script_Extensions_-_Grantha}` (from the test262 fixtures).
pub const SCRIPT_EXTENSIONS___GRANTHA: &[(u32, u32)] = &[
    (0x0951, 0x0952),
    (0x0964, 0x0965),
    (0x0BE6, 0x0BF3),
    (0x1CD0, 0x1CD0),
    (0x1CD2, 0x1CD3),
    (0x1CF2, 0x1CF4),
    (0x1CF8, 0x1CF9),
    (0x20F0, 0x20F0),
    (0x11300, 0x11303),
    (0x11305, 0x1130C),
    (0x1130F, 0x11310),
    (0x11313, 0x11328),
    (0x1132A, 0x11330),
    (0x11332, 0x11333),
    (0x11335, 0x11339),
    (0x1133B, 0x11344),
    (0x11347, 0x11348),
    (0x1134B, 0x1134D),
    (0x11350, 0x11350),
    (0x11357, 0x11357),
    (0x1135D, 0x11363),
    (0x11366, 0x1136C),
    (0x11370, 0x11374),
    (0x11FD0, 0x11FD1),
    (0x11FD3, 0x11FD3),
];

/// `\p{Script_Extensions_-_Greek}` (from the test262 fixtures).
pub const SCRIPT_EXTENSIONS___GREEK: &[(u32, u32)] = &[
    (0x00B7, 0x00B7),
    (0x0300, 0x0301),
    (0x0304, 0x0304),
    (0x0306, 0x0306),
    (0x0308, 0x0308),
    (0x0313, 0x0313),
    (0x0342, 0x0342),
    (0x0345, 0x0345),
    (0x0370, 0x0377),
    (0x037A, 0x037D),
    (0x037F, 0x037F),
    (0x0384, 0x0384),
    (0x0386, 0x0386),
    (0x0388, 0x038A),
    (0x038C, 0x038C),
    (0x038E, 0x03A1),
    (0x03A3, 0x03E1),
    (0x03F0, 0x03FF),
    (0x1D26, 0x1D2A),
    (0x1D5D, 0x1D61),
    (0x1D66, 0x1D6A),
    (0x1DBF, 0x1DC1),
    (0x1F00, 0x1F15),
    (0x1F18, 0x1F1D),
    (0x1F20, 0x1F45),
    (0x1F48, 0x1F4D),
    (0x1F50, 0x1F57),
    (0x1F59, 0x1F59),
    (0x1F5B, 0x1F5B),
    (0x1F5D, 0x1F5D),
    (0x1F5F, 0x1F7D),
    (0x1F80, 0x1FB4),
    (0x1FB6, 0x1FC4),
    (0x1FC6, 0x1FD3),
    (0x1FD6, 0x1FDB),
    (0x1FDD, 0x1FEF),
    (0x1FF2, 0x1FF4),
    (0x1FF6, 0x1FFE),
    (0x205D, 0x205D),
    (0x2126, 0x2126),
    (0xAB65, 0xAB65),
    (0x10140, 0x1018E),
    (0x101A0, 0x101A0),
    (0x1D200, 0x1D245),
];

/// `\p{Script_Extensions_-_Gujarati}` (from the test262 fixtures).
pub const SCRIPT_EXTENSIONS___GUJARATI: &[(u32, u32)] = &[
    (0x0951, 0x0952),
    (0x0964, 0x0965),
    (0x0A81, 0x0A83),
    (0x0A85, 0x0A8D),
    (0x0A8F, 0x0A91),
    (0x0A93, 0x0AA8),
    (0x0AAA, 0x0AB0),
    (0x0AB2, 0x0AB3),
    (0x0AB5, 0x0AB9),
    (0x0ABC, 0x0AC5),
    (0x0AC7, 0x0AC9),
    (0x0ACB, 0x0ACD),
    (0x0AD0, 0x0AD0),
    (0x0AE0, 0x0AE3),
    (0x0AE6, 0x0AF1),
    (0x0AF9, 0x0AFF),
    (0xA830, 0xA839),
];

/// `\p{Script_Extensions_-_Gunjala_Gondi}` (from the test262 fixtures).
pub const SCRIPT_EXTENSIONS___GUNJALA_GONDI: &[(u32, u32)] = &[
    (0x00B7, 0x00B7),
    (0x0964, 0x0965),
    (0x11D60, 0x11D65),
    (0x11D67, 0x11D68),
    (0x11D6A, 0x11D8E),
    (0x11D90, 0x11D91),
    (0x11D93, 0x11D98),
    (0x11DA0, 0x11DA9),
];

/// `\p{Script_Extensions_-_Gurmukhi}` (from the test262 fixtures).
pub const SCRIPT_EXTENSIONS___GURMUKHI: &[(u32, u32)] = &[
    (0x0951, 0x0952),
    (0x0964, 0x0965),
    (0x0A01, 0x0A03),
    (0x0A05, 0x0A0A),
    (0x0A0F, 0x0A10),
    (0x0A13, 0x0A28),
    (0x0A2A, 0x0A30),
    (0x0A32, 0x0A33),
    (0x0A35, 0x0A36),
    (0x0A38, 0x0A39),
    (0x0A3C, 0x0A3C),
    (0x0A3E, 0x0A42),
    (0x0A47, 0x0A48),
    (0x0A4B, 0x0A4D),
    (0x0A51, 0x0A51),
    (0x0A59, 0x0A5C),
    (0x0A5E, 0x0A5E),
    (0x0A66, 0x0A76),
    (0xA830, 0xA839),
];

/// `\p{Script_Extensions_-_Gurung_Khema}` (from the test262 fixtures).
pub const SCRIPT_EXTENSIONS___GURUNG_KHEMA: &[(u32, u32)] = &[
    (0x0965, 0x0965),
    (0x16100, 0x16139),
];

/// `\p{Script_Extensions_-_Han}` (from the test262 fixtures).
pub const SCRIPT_EXTENSIONS___HAN: &[(u32, u32)] = &[
    (0x00B7, 0x00B7),
    (0x2E80, 0x2E99),
    (0x2E9B, 0x2EF3),
    (0x2F00, 0x2FD5),
    (0x2FF0, 0x2FFF),
    (0x3001, 0x3003),
    (0x3005, 0x3011),
    (0x3013, 0x301F),
    (0x3021, 0x302D),
    (0x3030, 0x3030),
    (0x3037, 0x303F),
    (0x30FB, 0x30FB),
    (0x3190, 0x319F),
    (0x31C0, 0x31E5),
    (0x31EF, 0x31EF),
    (0x3220, 0x3247),
    (0x3280, 0x32B0),
    (0x32C0, 0x32CB),
    (0x32FF, 0x32FF),
    (0x3358, 0x3370),
    (0x337B, 0x337F),
    (0x33E0, 0x33FE),
    (0x3400, 0x4DBF),
    (0x4E00, 0x9FFF),
    (0xA700, 0xA707),
    (0xF900, 0xFA6D),
    (0xFA70, 0xFAD9),
    (0xFE45, 0xFE46),
    (0xFF61, 0xFF65),
    (0x16FE2, 0x16FE3),
    (0x16FF0, 0x16FF6),
    (0x1D360, 0x1D371),
    (0x1F250, 0x1F251),
    (0x20000, 0x2A6DF),
    (0x2A700, 0x2B81D),
    (0x2B820, 0x2CEAD),
    (0x2CEB0, 0x2EBE0),
    (0x2EBF0, 0x2EE5D),
    (0x2F800, 0x2FA1D),
    (0x30000, 0x3134A),
    (0x31350, 0x33479),
];

/// `\p{Script_Extensions_-_Hangul}` (from the test262 fixtures).
pub const SCRIPT_EXTENSIONS___HANGUL: &[(u32, u32)] = &[
    (0x1100, 0x11FF),
    (0x3001, 0x3003),
    (0x3008, 0x3011),
    (0x3013, 0x301F),
    (0x302E, 0x3030),
    (0x3037, 0x3037),
    (0x30FB, 0x30FB),
    (0x3131, 0x318E),
    (0x3200, 0x321E),
    (0x3260, 0x327E),
    (0xA960, 0xA97C),
    (0xAC00, 0xD7A3),
    (0xD7B0, 0xD7C6),
    (0xD7CB, 0xD7FB),
    (0xFE45, 0xFE46),
    (0xFF61, 0xFF65),
    (0xFFA0, 0xFFBE),
    (0xFFC2, 0xFFC7),
    (0xFFCA, 0xFFCF),
    (0xFFD2, 0xFFD7),
    (0xFFDA, 0xFFDC),
];

/// `\p{Script_Extensions_-_Hanifi_Rohingya}` (from the test262 fixtures).
pub const SCRIPT_EXTENSIONS___HANIFI_ROHINGYA: &[(u32, u32)] = &[
    (0x060C, 0x060C),
    (0x061B, 0x061B),
    (0x061F, 0x061F),
    (0x0640, 0x0640),
    (0x06D4, 0x06D4),
    (0x10D00, 0x10D27),
    (0x10D30, 0x10D39),
];

/// `\p{Script_Extensions_-_Hanunoo}` (from the test262 fixtures).
pub const SCRIPT_EXTENSIONS___HANUNOO: &[(u32, u32)] = &[
    (0x1720, 0x1736),
];

/// `\p{Script_Extensions_-_Hatran}` (from the test262 fixtures).
pub const SCRIPT_EXTENSIONS___HATRAN: &[(u32, u32)] = &[
    (0x108E0, 0x108F2),
    (0x108F4, 0x108F5),
    (0x108FB, 0x108FF),
];

/// `\p{Script_Extensions_-_Hebrew}` (from the test262 fixtures).
pub const SCRIPT_EXTENSIONS___HEBREW: &[(u32, u32)] = &[
    (0x0307, 0x0308),
    (0x0591, 0x05C7),
    (0x05D0, 0x05EA),
    (0x05EF, 0x05F4),
    (0xFB1D, 0xFB36),
    (0xFB38, 0xFB3C),
    (0xFB3E, 0xFB3E),
    (0xFB40, 0xFB41),
    (0xFB43, 0xFB44),
    (0xFB46, 0xFB4F),
];

/// `\p{Script_Extensions_-_Hiragana}` (from the test262 fixtures).
pub const SCRIPT_EXTENSIONS___HIRAGANA: &[(u32, u32)] = &[
    (0x3001, 0x3003),
    (0x3008, 0x3011),
    (0x3013, 0x301F),
    (0x3030, 0x3035),
    (0x3037, 0x3037),
    (0x303C, 0x303D),
    (0x3041, 0x3096),
    (0x3099, 0x30A0),
    (0x30FB, 0x30FC),
    (0xFE45, 0xFE46),
    (0xFF61, 0xFF65),
    (0xFF70, 0xFF70),
    (0xFF9E, 0xFF9F),
    (0x1B001, 0x1B11F),
    (0x1B132, 0x1B132),
    (0x1B150, 0x1B152),
    (0x1F200, 0x1F200),
];

/// `\p{Script_Extensions_-_Imperial_Aramaic}` (from the test262 fixtures).
pub const SCRIPT_EXTENSIONS___IMPERIAL_ARAMAIC: &[(u32, u32)] = &[
    (0x10840, 0x10855),
    (0x10857, 0x1085F),
];

/// `\p{Script_Extensions_-_Inherited}` (from the test262 fixtures).
pub const SCRIPT_EXTENSIONS___INHERITED: &[(u32, u32)] = &[
    (0x030F, 0x030F),
    (0x0312, 0x0312),
    (0x0314, 0x0322),
    (0x0326, 0x032C),
    (0x032F, 0x032F),
    (0x0332, 0x0341),
    (0x0343, 0x0344),
    (0x0346, 0x0357),
    (0x0359, 0x035D),
    (0x035F, 0x0362),
    (0x0953, 0x0954),
    (0x1AB0, 0x1ADD),
    (0x1AE0, 0x1AEB),
    (0x1DC2, 0x1DF7),
    (0x1DF9, 0x1DF9),
    (0x1DFB, 0x1DFF),
    (0x200C, 0x200D),
    (0x20D0, 0x20EF),
    (0xFE00, 0xFE0F),
    (0xFE20, 0xFE2D),
    (0x101FD, 0x101FD),
    (0x1CF00, 0x1CF2D),
    (0x1CF30, 0x1CF46),
    (0x1D167, 0x1D169),
    (0x1D17B, 0x1D182),
    (0x1D185, 0x1D18B),
    (0x1D1AA, 0x1D1AD),
    (0xE0100, 0xE01EF),
];

/// `\p{Script_Extensions_-_Inscriptional_Pahlavi}` (from the test262 fixtures).
pub const SCRIPT_EXTENSIONS___INSCRIPTIONAL_PAHLAVI: &[(u32, u32)] = &[
    (0x10B60, 0x10B72),
    (0x10B78, 0x10B7F),
];

/// `\p{Script_Extensions_-_Inscriptional_Parthian}` (from the test262 fixtures).
pub const SCRIPT_EXTENSIONS___INSCRIPTIONAL_PARTHIAN: &[(u32, u32)] = &[
    (0x10B40, 0x10B55),
    (0x10B58, 0x10B5F),
];

/// `\p{Script_Extensions_-_Javanese}` (from the test262 fixtures).
pub const SCRIPT_EXTENSIONS___JAVANESE: &[(u32, u32)] = &[
    (0xA980, 0xA9CD),
    (0xA9CF, 0xA9D9),
    (0xA9DE, 0xA9DF),
];

/// `\p{Script_Extensions_-_Kaithi}` (from the test262 fixtures).
pub const SCRIPT_EXTENSIONS___KAITHI: &[(u32, u32)] = &[
    (0x0966, 0x096F),
    (0x2E31, 0x2E31),
    (0xA830, 0xA839),
    (0x11080, 0x110C2),
    (0x110CD, 0x110CD),
];

/// `\p{Script_Extensions_-_Kannada}` (from the test262 fixtures).
pub const SCRIPT_EXTENSIONS___KANNADA: &[(u32, u32)] = &[
    (0x0951, 0x0952),
    (0x0964, 0x0965),
    (0x0C80, 0x0C8C),
    (0x0C8E, 0x0C90),
    (0x0C92, 0x0CA8),
    (0x0CAA, 0x0CB3),
    (0x0CB5, 0x0CB9),
    (0x0CBC, 0x0CC4),
    (0x0CC6, 0x0CC8),
    (0x0CCA, 0x0CCD),
    (0x0CD5, 0x0CD6),
    (0x0CDC, 0x0CDE),
    (0x0CE0, 0x0CE3),
    (0x0CE6, 0x0CEF),
    (0x0CF1, 0x0CF3),
    (0x1CD0, 0x1CD0),
    (0x1CD2, 0x1CD3),
    (0x1CDA, 0x1CDA),
    (0x1CF2, 0x1CF2),
    (0x1CF4, 0x1CF4),
    (0xA830, 0xA835),
];

/// `\p{Script_Extensions_-_Katakana}` (from the test262 fixtures).
pub const SCRIPT_EXTENSIONS___KATAKANA: &[(u32, u32)] = &[
    (0x0305, 0x0305),
    (0x0323, 0x0323),
    (0x3001, 0x3003),
    (0x3008, 0x3011),
    (0x3013, 0x301F),
    (0x3030, 0x3035),
    (0x3037, 0x3037),
    (0x303C, 0x303D),
    (0x3099, 0x309C),
    (0x30A0, 0x30FF),
    (0x31F0, 0x31FF),
    (0x32D0, 0x32FE),
    (0x3300, 0x3357),
    (0xFE45, 0xFE46),
    (0xFF61, 0xFF9F),
    (0x1AFF0, 0x1AFF3),
    (0x1AFF5, 0x1AFFB),
    (0x1AFFD, 0x1AFFE),
    (0x1B000, 0x1B000),
    (0x1B120, 0x1B122),
    (0x1B155, 0x1B155),
    (0x1B164, 0x1B167),
];

/// `\p{Script_Extensions_-_Kawi}` (from the test262 fixtures).
pub const SCRIPT_EXTENSIONS___KAWI: &[(u32, u32)] = &[
    (0x11F00, 0x11F10),
    (0x11F12, 0x11F3A),
    (0x11F3E, 0x11F5A),
];

/// `\p{Script_Extensions_-_Kayah_Li}` (from the test262 fixtures).
pub const SCRIPT_EXTENSIONS___KAYAH_LI: &[(u32, u32)] = &[
    (0xA900, 0xA92F),
];

/// `\p{Script_Extensions_-_Kharoshthi}` (from the test262 fixtures).
pub const SCRIPT_EXTENSIONS___KHAROSHTHI: &[(u32, u32)] = &[
    (0x10A00, 0x10A03),
    (0x10A05, 0x10A06),
    (0x10A0C, 0x10A13),
    (0x10A15, 0x10A17),
    (0x10A19, 0x10A35),
    (0x10A38, 0x10A3A),
    (0x10A3F, 0x10A48),
    (0x10A50, 0x10A58),
];

/// `\p{Script_Extensions_-_Khitan_Small_Script}` (from the test262 fixtures).
pub const SCRIPT_EXTENSIONS___KHITAN_SMALL_SCRIPT: &[(u32, u32)] = &[
    (0x16FE4, 0x16FE4),
    (0x18B00, 0x18CD5),
    (0x18CFF, 0x18CFF),
];

/// `\p{Script_Extensions_-_Khmer}` (from the test262 fixtures).
pub const SCRIPT_EXTENSIONS___KHMER: &[(u32, u32)] = &[
    (0x1780, 0x17DD),
    (0x17E0, 0x17E9),
    (0x17F0, 0x17F9),
    (0x19E0, 0x19FF),
];

/// `\p{Script_Extensions_-_Khojki}` (from the test262 fixtures).
pub const SCRIPT_EXTENSIONS___KHOJKI: &[(u32, u32)] = &[
    (0x0AE6, 0x0AEF),
    (0xA830, 0xA839),
    (0x11200, 0x11211),
    (0x11213, 0x11241),
];

/// `\p{Script_Extensions_-_Khudawadi}` (from the test262 fixtures).
pub const SCRIPT_EXTENSIONS___KHUDAWADI: &[(u32, u32)] = &[
    (0x0964, 0x0965),
    (0xA830, 0xA839),
    (0x112B0, 0x112EA),
    (0x112F0, 0x112F9),
];

/// `\p{Script_Extensions_-_Kirat_Rai}` (from the test262 fixtures).
pub const SCRIPT_EXTENSIONS___KIRAT_RAI: &[(u32, u32)] = &[
    (0x16D40, 0x16D79),
];

/// `\p{Script_Extensions_-_Lao}` (from the test262 fixtures).
pub const SCRIPT_EXTENSIONS___LAO: &[(u32, u32)] = &[
    (0x0E81, 0x0E82),
    (0x0E84, 0x0E84),
    (0x0E86, 0x0E8A),
    (0x0E8C, 0x0EA3),
    (0x0EA5, 0x0EA5),
    (0x0EA7, 0x0EBD),
    (0x0EC0, 0x0EC4),
    (0x0EC6, 0x0EC6),
    (0x0EC8, 0x0ECE),
    (0x0ED0, 0x0ED9),
    (0x0EDC, 0x0EDF),
];

/// `\p{Script_Extensions_-_Latin}` (from the test262 fixtures).
pub const SCRIPT_EXTENSIONS___LATIN: &[(u32, u32)] = &[
    (0x0041, 0x005A),
    (0x0061, 0x007A),
    (0x00AA, 0x00AA),
    (0x00B7, 0x00B7),
    (0x00BA, 0x00BA),
    (0x00C0, 0x00D6),
    (0x00D8, 0x00F6),
    (0x00F8, 0x02B8),
    (0x02BC, 0x02BC),
    (0x02C7, 0x02C7),
    (0x02C9, 0x02CB),
    (0x02CD, 0x02CD),
    (0x02D7, 0x02D7),
    (0x02D9, 0x02D9),
    (0x02E0, 0x02E4),
    (0x0300, 0x030E),
    (0x0310, 0x0311),
    (0x0313, 0x0313),
    (0x0323, 0x0325),
    (0x032D, 0x032E),
    (0x0330, 0x0331),
    (0x0358, 0x0358),
    (0x035E, 0x035E),
    (0x0363, 0x036F),
    (0x0485, 0x0486),
    (0x0951, 0x0952),
    (0x10FB, 0x10FB),
    (0x1D00, 0x1D25),
    (0x1D2C, 0x1D5C),
    (0x1D62, 0x1D65),
    (0x1D6B, 0x1D77),
    (0x1D79, 0x1DBE),
    (0x1DF8, 0x1DF8),
    (0x1E00, 0x1EFF),
    (0x202F, 0x202F),
    (0x2071, 0x2071),
    (0x207F, 0x207F),
    (0x2090, 0x209C),
    (0x20F0, 0x20F0),
    (0x212A, 0x212B),
    (0x2132, 0x2132),
    (0x214E, 0x214E),
    (0x2160, 0x2188),
    (0x2C60, 0x2C7F),
    (0x2E17, 0x2E17),
    (0xA700, 0xA707),
    (0xA722, 0xA787),
    (0xA78B, 0xA7DC),
    (0xA7F1, 0xA7FF),
    (0xA92E, 0xA92E),
    (0xAB30, 0xAB5A),
    (0xAB5C, 0xAB64),
    (0xAB66, 0xAB69),
    (0xFB00, 0xFB06),
    (0xFF21, 0xFF3A),
    (0xFF41, 0xFF5A),
    (0x10780, 0x10785),
    (0x10787, 0x107B0),
    (0x107B2, 0x107BA),
    (0x1DF00, 0x1DF1E),
    (0x1DF25, 0x1DF2A),
];

/// `\p{Script_Extensions_-_Lepcha}` (from the test262 fixtures).
pub const SCRIPT_EXTENSIONS___LEPCHA: &[(u32, u32)] = &[
    (0x1C00, 0x1C37),
    (0x1C3B, 0x1C49),
    (0x1C4D, 0x1C4F),
];

/// `\p{Script_Extensions_-_Limbu}` (from the test262 fixtures).
pub const SCRIPT_EXTENSIONS___LIMBU: &[(u32, u32)] = &[
    (0x0965, 0x0965),
    (0x1900, 0x191E),
    (0x1920, 0x192B),
    (0x1930, 0x193B),
    (0x1940, 0x1940),
    (0x1944, 0x194F),
];

/// `\p{Script_Extensions_-_Linear_A}` (from the test262 fixtures).
pub const SCRIPT_EXTENSIONS___LINEAR_A: &[(u32, u32)] = &[
    (0x10107, 0x10133),
    (0x10600, 0x10736),
    (0x10740, 0x10755),
    (0x10760, 0x10767),
];

/// `\p{Script_Extensions_-_Linear_B}` (from the test262 fixtures).
pub const SCRIPT_EXTENSIONS___LINEAR_B: &[(u32, u32)] = &[
    (0x10000, 0x1000B),
    (0x1000D, 0x10026),
    (0x10028, 0x1003A),
    (0x1003C, 0x1003D),
    (0x1003F, 0x1004D),
    (0x10050, 0x1005D),
    (0x10080, 0x100FA),
    (0x10100, 0x10102),
    (0x10107, 0x10133),
    (0x10137, 0x1013F),
];

/// `\p{Script_Extensions_-_Lisu}` (from the test262 fixtures).
pub const SCRIPT_EXTENSIONS___LISU: &[(u32, u32)] = &[
    (0x02BC, 0x02BC),
    (0x02CD, 0x02CD),
    (0x300A, 0x300B),
    (0xA4D0, 0xA4FF),
    (0x11FB0, 0x11FB0),
];

/// `\p{Script_Extensions_-_Lycian}` (from the test262 fixtures).
pub const SCRIPT_EXTENSIONS___LYCIAN: &[(u32, u32)] = &[
    (0x205A, 0x205A),
    (0x10280, 0x1029C),
];

/// `\p{Script_Extensions_-_Lydian}` (from the test262 fixtures).
pub const SCRIPT_EXTENSIONS___LYDIAN: &[(u32, u32)] = &[
    (0x00B7, 0x00B7),
    (0x2E31, 0x2E31),
    (0x10920, 0x10939),
    (0x1093F, 0x1093F),
];

/// `\p{Script_Extensions_-_Mahajani}` (from the test262 fixtures).
pub const SCRIPT_EXTENSIONS___MAHAJANI: &[(u32, u32)] = &[
    (0x00B7, 0x00B7),
    (0x0964, 0x096F),
    (0xA830, 0xA839),
    (0x11150, 0x11176),
];

/// `\p{Script_Extensions_-_Makasar}` (from the test262 fixtures).
pub const SCRIPT_EXTENSIONS___MAKASAR: &[(u32, u32)] = &[
    (0x11EE0, 0x11EF8),
];

/// `\p{Script_Extensions_-_Malayalam}` (from the test262 fixtures).
pub const SCRIPT_EXTENSIONS___MALAYALAM: &[(u32, u32)] = &[
    (0x0951, 0x0952),
    (0x0964, 0x0965),
    (0x0D00, 0x0D0C),
    (0x0D0E, 0x0D10),
    (0x0D12, 0x0D44),
    (0x0D46, 0x0D48),
    (0x0D4A, 0x0D4F),
    (0x0D54, 0x0D63),
    (0x0D66, 0x0D7F),
    (0x1CDA, 0x1CDA),
    (0x1CF2, 0x1CF2),
    (0xA830, 0xA832),
];

/// `\p{Script_Extensions_-_Mandaic}` (from the test262 fixtures).
pub const SCRIPT_EXTENSIONS___MANDAIC: &[(u32, u32)] = &[
    (0x0640, 0x0640),
    (0x0840, 0x085B),
    (0x085E, 0x085E),
];

/// `\p{Script_Extensions_-_Manichaean}` (from the test262 fixtures).
pub const SCRIPT_EXTENSIONS___MANICHAEAN: &[(u32, u32)] = &[
    (0x0640, 0x0640),
    (0x10AC0, 0x10AE6),
    (0x10AEB, 0x10AF6),
];

/// `\p{Script_Extensions_-_Marchen}` (from the test262 fixtures).
pub const SCRIPT_EXTENSIONS___MARCHEN: &[(u32, u32)] = &[
    (0x11C70, 0x11C8F),
    (0x11C92, 0x11CA7),
    (0x11CA9, 0x11CB6),
];

/// `\p{Script_Extensions_-_Masaram_Gondi}` (from the test262 fixtures).
pub const SCRIPT_EXTENSIONS___MASARAM_GONDI: &[(u32, u32)] = &[
    (0x0964, 0x0965),
    (0x11D00, 0x11D06),
    (0x11D08, 0x11D09),
    (0x11D0B, 0x11D36),
    (0x11D3A, 0x11D3A),
    (0x11D3C, 0x11D3D),
    (0x11D3F, 0x11D47),
    (0x11D50, 0x11D59),
];

/// `\p{Script_Extensions_-_Medefaidrin}` (from the test262 fixtures).
pub const SCRIPT_EXTENSIONS___MEDEFAIDRIN: &[(u32, u32)] = &[
    (0x16E40, 0x16E9A),
];

/// `\p{Script_Extensions_-_Meetei_Mayek}` (from the test262 fixtures).
pub const SCRIPT_EXTENSIONS___MEETEI_MAYEK: &[(u32, u32)] = &[
    (0xAAE0, 0xAAF6),
    (0xABC0, 0xABED),
    (0xABF0, 0xABF9),
];

/// `\p{Script_Extensions_-_Mende_Kikakui}` (from the test262 fixtures).
pub const SCRIPT_EXTENSIONS___MENDE_KIKAKUI: &[(u32, u32)] = &[
    (0x1E800, 0x1E8C4),
    (0x1E8C7, 0x1E8D6),
];

/// `\p{Script_Extensions_-_Meroitic_Cursive}` (from the test262 fixtures).
pub const SCRIPT_EXTENSIONS___MEROITIC_CURSIVE: &[(u32, u32)] = &[
    (0x109A0, 0x109B7),
    (0x109BC, 0x109CF),
    (0x109D2, 0x109FF),
];

/// `\p{Script_Extensions_-_Meroitic_Hieroglyphs}` (from the test262 fixtures).
pub const SCRIPT_EXTENSIONS___MEROITIC_HIEROGLYPHS: &[(u32, u32)] = &[
    (0x205D, 0x205D),
    (0x10980, 0x1099F),
];

/// `\p{Script_Extensions_-_Miao}` (from the test262 fixtures).
pub const SCRIPT_EXTENSIONS___MIAO: &[(u32, u32)] = &[
    (0x16F00, 0x16F4A),
    (0x16F4F, 0x16F87),
    (0x16F8F, 0x16F9F),
];

/// `\p{Script_Extensions_-_Modi}` (from the test262 fixtures).
pub const SCRIPT_EXTENSIONS___MODI: &[(u32, u32)] = &[
    (0xA830, 0xA839),
    (0x11600, 0x11644),
    (0x11650, 0x11659),
];

/// `\p{Script_Extensions_-_Mongolian}` (from the test262 fixtures).
pub const SCRIPT_EXTENSIONS___MONGOLIAN: &[(u32, u32)] = &[
    (0x1800, 0x1819),
    (0x1820, 0x1878),
    (0x1880, 0x18AA),
    (0x202F, 0x202F),
    (0x3001, 0x3002),
    (0x3008, 0x300B),
    (0x11660, 0x1166C),
];

/// `\p{Script_Extensions_-_Mro}` (from the test262 fixtures).
pub const SCRIPT_EXTENSIONS___MRO: &[(u32, u32)] = &[
    (0x16A40, 0x16A5E),
    (0x16A60, 0x16A69),
    (0x16A6E, 0x16A6F),
];

/// `\p{Script_Extensions_-_Multani}` (from the test262 fixtures).
pub const SCRIPT_EXTENSIONS___MULTANI: &[(u32, u32)] = &[
    (0x0A66, 0x0A6F),
    (0x11280, 0x11286),
    (0x11288, 0x11288),
    (0x1128A, 0x1128D),
    (0x1128F, 0x1129D),
    (0x1129F, 0x112A9),
];

/// `\p{Script_Extensions_-_Myanmar}` (from the test262 fixtures).
pub const SCRIPT_EXTENSIONS___MYANMAR: &[(u32, u32)] = &[
    (0x1000, 0x109F),
    (0xA92E, 0xA92E),
    (0xA9E0, 0xA9FE),
    (0xAA60, 0xAA7F),
    (0x116D0, 0x116E3),
];

/// `\p{Script_Extensions_-_Nabataean}` (from the test262 fixtures).
pub const SCRIPT_EXTENSIONS___NABATAEAN: &[(u32, u32)] = &[
    (0x10880, 0x1089E),
    (0x108A7, 0x108AF),
];

/// `\p{Script_Extensions_-_Nag_Mundari}` (from the test262 fixtures).
pub const SCRIPT_EXTENSIONS___NAG_MUNDARI: &[(u32, u32)] = &[
    (0x1E4D0, 0x1E4F9),
];

/// `\p{Script_Extensions_-_Nandinagari}` (from the test262 fixtures).
pub const SCRIPT_EXTENSIONS___NANDINAGARI: &[(u32, u32)] = &[
    (0x0951, 0x0951),
    (0x0964, 0x0965),
    (0x0CE6, 0x0CEF),
    (0x1CE9, 0x1CE9),
    (0x1CF2, 0x1CF2),
    (0x1CFA, 0x1CFA),
    (0xA830, 0xA835),
    (0x119A0, 0x119A7),
    (0x119AA, 0x119D7),
    (0x119DA, 0x119E4),
];

/// `\p{Script_Extensions_-_New_Tai_Lue}` (from the test262 fixtures).
pub const SCRIPT_EXTENSIONS___NEW_TAI_LUE: &[(u32, u32)] = &[
    (0x1980, 0x19AB),
    (0x19B0, 0x19C9),
    (0x19D0, 0x19DA),
    (0x19DE, 0x19DF),
];

/// `\p{Script_Extensions_-_Newa}` (from the test262 fixtures).
pub const SCRIPT_EXTENSIONS___NEWA: &[(u32, u32)] = &[
    (0x0951, 0x0952),
    (0x1CD5, 0x1CD5),
    (0x1CD7, 0x1CD8),
    (0x1CE2, 0x1CE2),
    (0x1CE9, 0x1CE9),
    (0x1CEB, 0x1CEB),
    (0x1CED, 0x1CED),
    (0x11400, 0x1145B),
    (0x1145D, 0x11461),
];

/// `\p{Script_Extensions_-_Nko}` (from the test262 fixtures).
pub const SCRIPT_EXTENSIONS___NKO: &[(u32, u32)] = &[
    (0x060C, 0x060C),
    (0x061B, 0x061B),
    (0x061F, 0x061F),
    (0x07C0, 0x07FA),
    (0x07FD, 0x07FF),
    (0xFD3E, 0xFD3F),
];

/// `\p{Script_Extensions_-_Nushu}` (from the test262 fixtures).
pub const SCRIPT_EXTENSIONS___NUSHU: &[(u32, u32)] = &[
    (0x16FE1, 0x16FE1),
    (0x1B170, 0x1B2FB),
];

/// `\p{Script_Extensions_-_Nyiakeng_Puachue_Hmong}` (from the test262 fixtures).
pub const SCRIPT_EXTENSIONS___NYIAKENG_PUACHUE_HMONG: &[(u32, u32)] = &[
    (0x1E100, 0x1E12C),
    (0x1E130, 0x1E13D),
    (0x1E140, 0x1E149),
    (0x1E14E, 0x1E14F),
];

/// `\p{Script_Extensions_-_Ogham}` (from the test262 fixtures).
pub const SCRIPT_EXTENSIONS___OGHAM: &[(u32, u32)] = &[
    (0x1680, 0x169C),
];

/// `\p{Script_Extensions_-_Ol_Chiki}` (from the test262 fixtures).
pub const SCRIPT_EXTENSIONS___OL_CHIKI: &[(u32, u32)] = &[
    (0x1C50, 0x1C7F),
];

/// `\p{Script_Extensions_-_Ol_Onal}` (from the test262 fixtures).
pub const SCRIPT_EXTENSIONS___OL_ONAL: &[(u32, u32)] = &[
    (0x0964, 0x0965),
    (0x1E5D0, 0x1E5FA),
    (0x1E5FF, 0x1E5FF),
];

/// `\p{Script_Extensions_-_Old_Hungarian}` (from the test262 fixtures).
pub const SCRIPT_EXTENSIONS___OLD_HUNGARIAN: &[(u32, u32)] = &[
    (0x205A, 0x205A),
    (0x205D, 0x205D),
    (0x2E31, 0x2E31),
    (0x2E41, 0x2E41),
    (0x10C80, 0x10CB2),
    (0x10CC0, 0x10CF2),
    (0x10CFA, 0x10CFF),
];

/// `\p{Script_Extensions_-_Old_Italic}` (from the test262 fixtures).
pub const SCRIPT_EXTENSIONS___OLD_ITALIC: &[(u32, u32)] = &[
    (0x10300, 0x10323),
    (0x1032D, 0x1032F),
];

/// `\p{Script_Extensions_-_Old_North_Arabian}` (from the test262 fixtures).
pub const SCRIPT_EXTENSIONS___OLD_NORTH_ARABIAN: &[(u32, u32)] = &[
    (0x10A80, 0x10A9F),
];

/// `\p{Script_Extensions_-_Old_Permic}` (from the test262 fixtures).
pub const SCRIPT_EXTENSIONS___OLD_PERMIC: &[(u32, u32)] = &[
    (0x00B7, 0x00B7),
    (0x0300, 0x0300),
    (0x0306, 0x0308),
    (0x0313, 0x0313),
    (0x0483, 0x0483),
    (0x10350, 0x1037A),
];

/// `\p{Script_Extensions_-_Old_Persian}` (from the test262 fixtures).
pub const SCRIPT_EXTENSIONS___OLD_PERSIAN: &[(u32, u32)] = &[
    (0x103A0, 0x103C3),
    (0x103C8, 0x103D5),
];

/// `\p{Script_Extensions_-_Old_Sogdian}` (from the test262 fixtures).
pub const SCRIPT_EXTENSIONS___OLD_SOGDIAN: &[(u32, u32)] = &[
    (0x10F00, 0x10F27),
];

/// `\p{Script_Extensions_-_Old_South_Arabian}` (from the test262 fixtures).
pub const SCRIPT_EXTENSIONS___OLD_SOUTH_ARABIAN: &[(u32, u32)] = &[
    (0x10A60, 0x10A7F),
];

/// `\p{Script_Extensions_-_Old_Turkic}` (from the test262 fixtures).
pub const SCRIPT_EXTENSIONS___OLD_TURKIC: &[(u32, u32)] = &[
    (0x205A, 0x205A),
    (0x2E30, 0x2E30),
    (0x10C00, 0x10C48),
];

/// `\p{Script_Extensions_-_Old_Uyghur}` (from the test262 fixtures).
pub const SCRIPT_EXTENSIONS___OLD_UYGHUR: &[(u32, u32)] = &[
    (0x0640, 0x0640),
    (0x10AF2, 0x10AF2),
    (0x10F70, 0x10F89),
];

/// `\p{Script_Extensions_-_Oriya}` (from the test262 fixtures).
pub const SCRIPT_EXTENSIONS___ORIYA: &[(u32, u32)] = &[
    (0x0951, 0x0952),
    (0x0964, 0x0965),
    (0x0B01, 0x0B03),
    (0x0B05, 0x0B0C),
    (0x0B0F, 0x0B10),
    (0x0B13, 0x0B28),
    (0x0B2A, 0x0B30),
    (0x0B32, 0x0B33),
    (0x0B35, 0x0B39),
    (0x0B3C, 0x0B44),
    (0x0B47, 0x0B48),
    (0x0B4B, 0x0B4D),
    (0x0B55, 0x0B57),
    (0x0B5C, 0x0B5D),
    (0x0B5F, 0x0B63),
    (0x0B66, 0x0B77),
    (0x1CDA, 0x1CDA),
    (0x1CF2, 0x1CF2),
];

/// `\p{Script_Extensions_-_Osage}` (from the test262 fixtures).
pub const SCRIPT_EXTENSIONS___OSAGE: &[(u32, u32)] = &[
    (0x0301, 0x0301),
    (0x0304, 0x0304),
    (0x030B, 0x030B),
    (0x0358, 0x0358),
    (0x104B0, 0x104D3),
    (0x104D8, 0x104FB),
];

/// `\p{Script_Extensions_-_Osmanya}` (from the test262 fixtures).
pub const SCRIPT_EXTENSIONS___OSMANYA: &[(u32, u32)] = &[
    (0x10480, 0x1049D),
    (0x104A0, 0x104A9),
];

/// `\p{Script_Extensions_-_Pahawh_Hmong}` (from the test262 fixtures).
pub const SCRIPT_EXTENSIONS___PAHAWH_HMONG: &[(u32, u32)] = &[
    (0x16B00, 0x16B45),
    (0x16B50, 0x16B59),
    (0x16B5B, 0x16B61),
    (0x16B63, 0x16B77),
    (0x16B7D, 0x16B8F),
];

/// `\p{Script_Extensions_-_Palmyrene}` (from the test262 fixtures).
pub const SCRIPT_EXTENSIONS___PALMYRENE: &[(u32, u32)] = &[
    (0x10860, 0x1087F),
];

/// `\p{Script_Extensions_-_Pau_Cin_Hau}` (from the test262 fixtures).
pub const SCRIPT_EXTENSIONS___PAU_CIN_HAU: &[(u32, u32)] = &[
    (0x11AC0, 0x11AF8),
];

/// `\p{Script_Extensions_-_Phags_Pa}` (from the test262 fixtures).
pub const SCRIPT_EXTENSIONS___PHAGS_PA: &[(u32, u32)] = &[
    (0x1802, 0x1803),
    (0x1805, 0x1805),
    (0x202F, 0x202F),
    (0x3002, 0x3002),
    (0xA840, 0xA877),
];

/// `\p{Script_Extensions_-_Phoenician}` (from the test262 fixtures).
pub const SCRIPT_EXTENSIONS___PHOENICIAN: &[(u32, u32)] = &[
    (0x10900, 0x1091B),
    (0x1091F, 0x1091F),
];

/// `\p{Script_Extensions_-_Psalter_Pahlavi}` (from the test262 fixtures).
pub const SCRIPT_EXTENSIONS___PSALTER_PAHLAVI: &[(u32, u32)] = &[
    (0x0640, 0x0640),
    (0x10B80, 0x10B91),
    (0x10B99, 0x10B9C),
    (0x10BA9, 0x10BAF),
];

/// `\p{Script_Extensions_-_Rejang}` (from the test262 fixtures).
pub const SCRIPT_EXTENSIONS___REJANG: &[(u32, u32)] = &[
    (0xA930, 0xA953),
    (0xA95F, 0xA95F),
];

/// `\p{Script_Extensions_-_Runic}` (from the test262 fixtures).
pub const SCRIPT_EXTENSIONS___RUNIC: &[(u32, u32)] = &[
    (0x16A0, 0x16F8),
];

/// `\p{Script_Extensions_-_Samaritan}` (from the test262 fixtures).
pub const SCRIPT_EXTENSIONS___SAMARITAN: &[(u32, u32)] = &[
    (0x0800, 0x082D),
    (0x0830, 0x083E),
    (0x2E31, 0x2E31),
];

/// `\p{Script_Extensions_-_Saurashtra}` (from the test262 fixtures).
pub const SCRIPT_EXTENSIONS___SAURASHTRA: &[(u32, u32)] = &[
    (0xA880, 0xA8C5),
    (0xA8CE, 0xA8D9),
];

/// `\p{Script_Extensions_-_Sharada}` (from the test262 fixtures).
pub const SCRIPT_EXTENSIONS___SHARADA: &[(u32, u32)] = &[
    (0x0951, 0x0951),
    (0x1CD7, 0x1CD7),
    (0x1CD9, 0x1CD9),
    (0x1CDC, 0x1CDD),
    (0x1CE0, 0x1CE0),
    (0x1CEA, 0x1CEA),
    (0x1CED, 0x1CED),
    (0xA830, 0xA835),
    (0xA838, 0xA838),
    (0x11180, 0x111DF),
    (0x11B60, 0x11B67),
];

/// `\p{Script_Extensions_-_Shavian}` (from the test262 fixtures).
pub const SCRIPT_EXTENSIONS___SHAVIAN: &[(u32, u32)] = &[
    (0x00B7, 0x00B7),
    (0x10450, 0x1047F),
];

/// `\p{Script_Extensions_-_Siddham}` (from the test262 fixtures).
pub const SCRIPT_EXTENSIONS___SIDDHAM: &[(u32, u32)] = &[
    (0x11580, 0x115B5),
    (0x115B8, 0x115DD),
];

/// `\p{Script_Extensions_-_Sidetic}` (from the test262 fixtures).
pub const SCRIPT_EXTENSIONS___SIDETIC: &[(u32, u32)] = &[
    (0x10940, 0x10959),
];

/// `\p{Script_Extensions_-_SignWriting}` (from the test262 fixtures).
pub const SCRIPT_EXTENSIONS___SIGNWRITING: &[(u32, u32)] = &[
    (0x1D800, 0x1DA8B),
    (0x1DA9B, 0x1DA9F),
    (0x1DAA1, 0x1DAAF),
];

/// `\p{Script_Extensions_-_Sinhala}` (from the test262 fixtures).
pub const SCRIPT_EXTENSIONS___SINHALA: &[(u32, u32)] = &[
    (0x0964, 0x0965),
    (0x0D81, 0x0D83),
    (0x0D85, 0x0D96),
    (0x0D9A, 0x0DB1),
    (0x0DB3, 0x0DBB),
    (0x0DBD, 0x0DBD),
    (0x0DC0, 0x0DC6),
    (0x0DCA, 0x0DCA),
    (0x0DCF, 0x0DD4),
    (0x0DD6, 0x0DD6),
    (0x0DD8, 0x0DDF),
    (0x0DE6, 0x0DEF),
    (0x0DF2, 0x0DF4),
    (0x1CF2, 0x1CF2),
    (0x111E1, 0x111F4),
];

/// `\p{Script_Extensions_-_Sogdian}` (from the test262 fixtures).
pub const SCRIPT_EXTENSIONS___SOGDIAN: &[(u32, u32)] = &[
    (0x0640, 0x0640),
    (0x10F30, 0x10F59),
];

/// `\p{Script_Extensions_-_Sora_Sompeng}` (from the test262 fixtures).
pub const SCRIPT_EXTENSIONS___SORA_SOMPENG: &[(u32, u32)] = &[
    (0x110D0, 0x110E8),
    (0x110F0, 0x110F9),
];

/// `\p{Script_Extensions_-_Soyombo}` (from the test262 fixtures).
pub const SCRIPT_EXTENSIONS___SOYOMBO: &[(u32, u32)] = &[
    (0x11A50, 0x11AA2),
];

/// `\p{Script_Extensions_-_Sundanese}` (from the test262 fixtures).
pub const SCRIPT_EXTENSIONS___SUNDANESE: &[(u32, u32)] = &[
    (0x1B80, 0x1BBF),
    (0x1CC0, 0x1CC7),
];

/// `\p{Script_Extensions_-_Sunuwar}` (from the test262 fixtures).
pub const SCRIPT_EXTENSIONS___SUNUWAR: &[(u32, u32)] = &[
    (0x0300, 0x0301),
    (0x0303, 0x0303),
    (0x030D, 0x030D),
    (0x0310, 0x0310),
    (0x032D, 0x032D),
    (0x0331, 0x0331),
    (0x11BC0, 0x11BE1),
    (0x11BF0, 0x11BF9),
];

/// `\p{Script_Extensions_-_Syloti_Nagri}` (from the test262 fixtures).
pub const SCRIPT_EXTENSIONS___SYLOTI_NAGRI: &[(u32, u32)] = &[
    (0x0964, 0x0965),
    (0x09E6, 0x09EF),
    (0xA800, 0xA82C),
];

/// `\p{Script_Extensions_-_Syriac}` (from the test262 fixtures).
pub const SCRIPT_EXTENSIONS___SYRIAC: &[(u32, u32)] = &[
    (0x0303, 0x0304),
    (0x0307, 0x0308),
    (0x030A, 0x030A),
    (0x0323, 0x0325),
    (0x032D, 0x032E),
    (0x0330, 0x0331),
    (0x060C, 0x060C),
    (0x061B, 0x061C),
    (0x061F, 0x061F),
    (0x0640, 0x0640),
    (0x064B, 0x0655),
    (0x0670, 0x0670),
    (0x0700, 0x070D),
    (0x070F, 0x074A),
    (0x074D, 0x074F),
    (0x0860, 0x086A),
    (0x1DF8, 0x1DF8),
    (0x1DFA, 0x1DFA),
];

/// `\p{Script_Extensions_-_Tagalog}` (from the test262 fixtures).
pub const SCRIPT_EXTENSIONS___TAGALOG: &[(u32, u32)] = &[
    (0x1700, 0x1715),
    (0x171F, 0x171F),
    (0x1735, 0x1736),
];

/// `\p{Script_Extensions_-_Tagbanwa}` (from the test262 fixtures).
pub const SCRIPT_EXTENSIONS___TAGBANWA: &[(u32, u32)] = &[
    (0x1735, 0x1736),
    (0x1760, 0x176C),
    (0x176E, 0x1770),
    (0x1772, 0x1773),
];

/// `\p{Script_Extensions_-_Tai_Le}` (from the test262 fixtures).
pub const SCRIPT_EXTENSIONS___TAI_LE: &[(u32, u32)] = &[
    (0x0300, 0x0301),
    (0x0307, 0x0308),
    (0x030C, 0x030C),
    (0x1040, 0x1049),
    (0x1950, 0x196D),
    (0x1970, 0x1974),
];

/// `\p{Script_Extensions_-_Tai_Tham}` (from the test262 fixtures).
pub const SCRIPT_EXTENSIONS___TAI_THAM: &[(u32, u32)] = &[
    (0x1A20, 0x1A5E),
    (0x1A60, 0x1A7C),
    (0x1A7F, 0x1A89),
    (0x1A90, 0x1A99),
    (0x1AA0, 0x1AAD),
];

/// `\p{Script_Extensions_-_Tai_Viet}` (from the test262 fixtures).
pub const SCRIPT_EXTENSIONS___TAI_VIET: &[(u32, u32)] = &[
    (0xAA80, 0xAAC2),
    (0xAADB, 0xAADF),
];

/// `\p{Script_Extensions_-_Tai_Yo}` (from the test262 fixtures).
pub const SCRIPT_EXTENSIONS___TAI_YO: &[(u32, u32)] = &[
    (0x1E6C0, 0x1E6DE),
    (0x1E6E0, 0x1E6F5),
    (0x1E6FE, 0x1E6FF),
];

/// `\p{Script_Extensions_-_Takri}` (from the test262 fixtures).
pub const SCRIPT_EXTENSIONS___TAKRI: &[(u32, u32)] = &[
    (0x0964, 0x0965),
    (0xA830, 0xA839),
    (0x11680, 0x116B9),
    (0x116C0, 0x116C9),
];

/// `\p{Script_Extensions_-_Tamil}` (from the test262 fixtures).
pub const SCRIPT_EXTENSIONS___TAMIL: &[(u32, u32)] = &[
    (0x0951, 0x0952),
    (0x0964, 0x0965),
    (0x0B82, 0x0B83),
    (0x0B85, 0x0B8A),
    (0x0B8E, 0x0B90),
    (0x0B92, 0x0B95),
    (0x0B99, 0x0B9A),
    (0x0B9C, 0x0B9C),
    (0x0B9E, 0x0B9F),
    (0x0BA3, 0x0BA4),
    (0x0BA8, 0x0BAA),
    (0x0BAE, 0x0BB9),
    (0x0BBE, 0x0BC2),
    (0x0BC6, 0x0BC8),
    (0x0BCA, 0x0BCD),
    (0x0BD0, 0x0BD0),
    (0x0BD7, 0x0BD7),
    (0x0BE6, 0x0BFA),
    (0x1CDA, 0x1CDA),
    (0xA8F3, 0xA8F3),
    (0x11301, 0x11301),
    (0x11303, 0x11303),
    (0x1133B, 0x1133C),
    (0x11FC0, 0x11FF1),
    (0x11FFF, 0x11FFF),
];

/// `\p{Script_Extensions_-_Tangsa}` (from the test262 fixtures).
pub const SCRIPT_EXTENSIONS___TANGSA: &[(u32, u32)] = &[
    (0x16A70, 0x16ABE),
    (0x16AC0, 0x16AC9),
];

/// `\p{Script_Extensions_-_Tangut}` (from the test262 fixtures).
pub const SCRIPT_EXTENSIONS___TANGUT: &[(u32, u32)] = &[
    (0x2FF0, 0x2FFF),
    (0x31EF, 0x31EF),
    (0x16FE0, 0x16FE0),
    (0x17000, 0x18AFF),
    (0x18D00, 0x18D1E),
    (0x18D80, 0x18DF2),
];

/// `\p{Script_Extensions_-_Telugu}` (from the test262 fixtures).
pub const SCRIPT_EXTENSIONS___TELUGU: &[(u32, u32)] = &[
    (0x0951, 0x0952),
    (0x0964, 0x0965),
    (0x0C00, 0x0C0C),
    (0x0C0E, 0x0C10),
    (0x0C12, 0x0C28),
    (0x0C2A, 0x0C39),
    (0x0C3C, 0x0C44),
    (0x0C46, 0x0C48),
    (0x0C4A, 0x0C4D),
    (0x0C55, 0x0C56),
    (0x0C58, 0x0C5A),
    (0x0C5C, 0x0C5D),
    (0x0C60, 0x0C63),
    (0x0C66, 0x0C6F),
    (0x0C77, 0x0C7F),
    (0x1CD5, 0x1CD6),
    (0x1CD8, 0x1CD8),
    (0x1CDA, 0x1CDA),
    (0x1CF2, 0x1CF2),
];

/// `\p{Script_Extensions_-_Thaana}` (from the test262 fixtures).
pub const SCRIPT_EXTENSIONS___THAANA: &[(u32, u32)] = &[
    (0x060C, 0x060C),
    (0x061B, 0x061C),
    (0x061F, 0x061F),
    (0x0660, 0x0669),
    (0x0780, 0x07B1),
    (0xFDF2, 0xFDF2),
    (0xFDFD, 0xFDFD),
];

/// `\p{Script_Extensions_-_Thai}` (from the test262 fixtures).
pub const SCRIPT_EXTENSIONS___THAI: &[(u32, u32)] = &[
    (0x02BC, 0x02BC),
    (0x02D7, 0x02D7),
    (0x0303, 0x0303),
    (0x0331, 0x0331),
    (0x0E01, 0x0E3A),
    (0x0E40, 0x0E5B),
];

/// `\p{Script_Extensions_-_Tibetan}` (from the test262 fixtures).
pub const SCRIPT_EXTENSIONS___TIBETAN: &[(u32, u32)] = &[
    (0x0F00, 0x0F47),
    (0x0F49, 0x0F6C),
    (0x0F71, 0x0F97),
    (0x0F99, 0x0FBC),
    (0x0FBE, 0x0FCC),
    (0x0FCE, 0x0FD4),
    (0x0FD9, 0x0FDA),
    (0x3008, 0x300B),
];

/// `\p{Script_Extensions_-_Tifinagh}` (from the test262 fixtures).
pub const SCRIPT_EXTENSIONS___TIFINAGH: &[(u32, u32)] = &[
    (0x0302, 0x0302),
    (0x0304, 0x0304),
    (0x0306, 0x0309),
    (0x0323, 0x0323),
    (0x2D30, 0x2D67),
    (0x2D6F, 0x2D70),
    (0x2D7F, 0x2D7F),
];

/// `\p{Script_Extensions_-_Tirhuta}` (from the test262 fixtures).
pub const SCRIPT_EXTENSIONS___TIRHUTA: &[(u32, u32)] = &[
    (0x0951, 0x0952),
    (0x0964, 0x0965),
    (0x1CD5, 0x1CD5),
    (0x1CE2, 0x1CE2),
    (0x1CF2, 0x1CF2),
    (0xA830, 0xA839),
    (0x11480, 0x114C7),
    (0x114D0, 0x114D9),
];

/// `\p{Script_Extensions_-_Todhri}` (from the test262 fixtures).
pub const SCRIPT_EXTENSIONS___TODHRI: &[(u32, u32)] = &[
    (0x0301, 0x0301),
    (0x0304, 0x0304),
    (0x0307, 0x0307),
    (0x0311, 0x0311),
    (0x0313, 0x0313),
    (0x035E, 0x035E),
    (0x105C0, 0x105F3),
];

/// `\p{Script_Extensions_-_Tolong_Siki}` (from the test262 fixtures).
pub const SCRIPT_EXTENSIONS___TOLONG_SIKI: &[(u32, u32)] = &[
    (0x11DB0, 0x11DDB),
    (0x11DE0, 0x11DE9),
];

/// `\p{Script_Extensions_-_Toto}` (from the test262 fixtures).
pub const SCRIPT_EXTENSIONS___TOTO: &[(u32, u32)] = &[
    (0x02BC, 0x02BC),
    (0x1E290, 0x1E2AE),
];

/// `\p{Script_Extensions_-_Tulu_Tigalari}` (from the test262 fixtures).
pub const SCRIPT_EXTENSIONS___TULU_TIGALARI: &[(u32, u32)] = &[
    (0x0CE6, 0x0CEF),
    (0x1CF2, 0x1CF2),
    (0x1CF4, 0x1CF4),
    (0xA830, 0xA835),
    (0xA8F1, 0xA8F1),
    (0x11380, 0x11389),
    (0x1138B, 0x1138B),
    (0x1138E, 0x1138E),
    (0x11390, 0x113B5),
    (0x113B7, 0x113C0),
    (0x113C2, 0x113C2),
    (0x113C5, 0x113C5),
    (0x113C7, 0x113CA),
    (0x113CC, 0x113D5),
    (0x113D7, 0x113D8),
    (0x113E1, 0x113E2),
];

/// `\p{Script_Extensions_-_Ugaritic}` (from the test262 fixtures).
pub const SCRIPT_EXTENSIONS___UGARITIC: &[(u32, u32)] = &[
    (0x10380, 0x1039D),
    (0x1039F, 0x1039F),
];

/// `\p{Script_Extensions_-_Unknown}` (from the test262 fixtures).
pub const SCRIPT_EXTENSIONS___UNKNOWN: &[(u32, u32)] = &[
    (0x0378, 0x0379),
    (0x0380, 0x0383),
    (0x038B, 0x038B),
    (0x038D, 0x038D),
    (0x03A2, 0x03A2),
    (0x0530, 0x0530),
    (0x0557, 0x0558),
    (0x058B, 0x058C),
    (0x0590, 0x0590),
    (0x05C8, 0x05CF),
    (0x05EB, 0x05EE),
    (0x05F5, 0x05FF),
    (0x070E, 0x070E),
    (0x074B, 0x074C),
    (0x07B2, 0x07BF),
    (0x07FB, 0x07FC),
    (0x082E, 0x082F),
    (0x083F, 0x083F),
    (0x085C, 0x085D),
    (0x085F, 0x085F),
    (0x086B, 0x086F),
    (0x0892, 0x0896),
    (0x0984, 0x0984),
    (0x098D, 0x098E),
    (0x0991, 0x0992),
    (0x09A9, 0x09A9),
    (0x09B1, 0x09B1),
    (0x09B3, 0x09B5),
    (0x09BA, 0x09BB),
    (0x09C5, 0x09C6),
    (0x09C9, 0x09CA),
    (0x09CF, 0x09D6),
    (0x09D8, 0x09DB),
    (0x09DE, 0x09DE),
    (0x09E4, 0x09E5),
    (0x09FF, 0x0A00),
    (0x0A04, 0x0A04),
    (0x0A0B, 0x0A0E),
    (0x0A11, 0x0A12),
    (0x0A29, 0x0A29),
    (0x0A31, 0x0A31),
    (0x0A34, 0x0A34),
    (0x0A37, 0x0A37),
    (0x0A3A, 0x0A3B),
    (0x0A3D, 0x0A3D),
    (0x0A43, 0x0A46),
    (0x0A49, 0x0A4A),
    (0x0A4E, 0x0A50),
    (0x0A52, 0x0A58),
    (0x0A5D, 0x0A5D),
    (0x0A5F, 0x0A65),
    (0x0A77, 0x0A80),
    (0x0A84, 0x0A84),
    (0x0A8E, 0x0A8E),
    (0x0A92, 0x0A92),
    (0x0AA9, 0x0AA9),
    (0x0AB1, 0x0AB1),
    (0x0AB4, 0x0AB4),
    (0x0ABA, 0x0ABB),
    (0x0AC6, 0x0AC6),
    (0x0ACA, 0x0ACA),
    (0x0ACE, 0x0ACF),
    (0x0AD1, 0x0ADF),
    (0x0AE4, 0x0AE5),
    (0x0AF2, 0x0AF8),
    (0x0B00, 0x0B00),
    (0x0B04, 0x0B04),
    (0x0B0D, 0x0B0E),
    (0x0B11, 0x0B12),
    (0x0B29, 0x0B29),
    (0x0B31, 0x0B31),
    (0x0B34, 0x0B34),
    (0x0B3A, 0x0B3B),
    (0x0B45, 0x0B46),
    (0x0B49, 0x0B4A),
    (0x0B4E, 0x0B54),
    (0x0B58, 0x0B5B),
    (0x0B5E, 0x0B5E),
    (0x0B64, 0x0B65),
    (0x0B78, 0x0B81),
    (0x0B84, 0x0B84),
    (0x0B8B, 0x0B8D),
    (0x0B91, 0x0B91),
    (0x0B96, 0x0B98),
    (0x0B9B, 0x0B9B),
    (0x0B9D, 0x0B9D),
    (0x0BA0, 0x0BA2),
    (0x0BA5, 0x0BA7),
    (0x0BAB, 0x0BAD),
    (0x0BBA, 0x0BBD),
    (0x0BC3, 0x0BC5),
    (0x0BC9, 0x0BC9),
    (0x0BCE, 0x0BCF),
    (0x0BD1, 0x0BD6),
    (0x0BD8, 0x0BE5),
    (0x0BFB, 0x0BFF),
    (0x0C0D, 0x0C0D),
    (0x0C11, 0x0C11),
    (0x0C29, 0x0C29),
    (0x0C3A, 0x0C3B),
    (0x0C45, 0x0C45),
    (0x0C49, 0x0C49),
    (0x0C4E, 0x0C54),
    (0x0C57, 0x0C57),
    (0x0C5B, 0x0C5B),
    (0x0C5E, 0x0C5F),
    (0x0C64, 0x0C65),
    (0x0C70, 0x0C76),
    (0x0C8D, 0x0C8D),
    (0x0C91, 0x0C91),
    (0x0CA9, 0x0CA9),
    (0x0CB4, 0x0CB4),
    (0x0CBA, 0x0CBB),
    (0x0CC5, 0x0CC5),
    (0x0CC9, 0x0CC9),
    (0x0CCE, 0x0CD4),
    (0x0CD7, 0x0CDB),
    (0x0CDF, 0x0CDF),
    (0x0CE4, 0x0CE5),
    (0x0CF0, 0x0CF0),
    (0x0CF4, 0x0CFF),
    (0x0D0D, 0x0D0D),
    (0x0D11, 0x0D11),
    (0x0D45, 0x0D45),
    (0x0D49, 0x0D49),
    (0x0D50, 0x0D53),
    (0x0D64, 0x0D65),
    (0x0D80, 0x0D80),
    (0x0D84, 0x0D84),
    (0x0D97, 0x0D99),
    (0x0DB2, 0x0DB2),
    (0x0DBC, 0x0DBC),
    (0x0DBE, 0x0DBF),
    (0x0DC7, 0x0DC9),
    (0x0DCB, 0x0DCE),
    (0x0DD5, 0x0DD5),
    (0x0DD7, 0x0DD7),
    (0x0DE0, 0x0DE5),
    (0x0DF0, 0x0DF1),
    (0x0DF5, 0x0E00),
    (0x0E3B, 0x0E3E),
    (0x0E5C, 0x0E80),
    (0x0E83, 0x0E83),
    (0x0E85, 0x0E85),
    (0x0E8B, 0x0E8B),
    (0x0EA4, 0x0EA4),
    (0x0EA6, 0x0EA6),
    (0x0EBE, 0x0EBF),
    (0x0EC5, 0x0EC5),
    (0x0EC7, 0x0EC7),
    (0x0ECF, 0x0ECF),
    (0x0EDA, 0x0EDB),
    (0x0EE0, 0x0EFF),
    (0x0F48, 0x0F48),
    (0x0F6D, 0x0F70),
    (0x0F98, 0x0F98),
    (0x0FBD, 0x0FBD),
    (0x0FCD, 0x0FCD),
    (0x0FDB, 0x0FFF),
    (0x10C6, 0x10C6),
    (0x10C8, 0x10CC),
    (0x10CE, 0x10CF),
    (0x1249, 0x1249),
    (0x124E, 0x124F),
    (0x1257, 0x1257),
    (0x1259, 0x1259),
    (0x125E, 0x125F),
    (0x1289, 0x1289),
    (0x128E, 0x128F),
    (0x12B1, 0x12B1),
    (0x12B6, 0x12B7),
    (0x12BF, 0x12BF),
    (0x12C1, 0x12C1),
    (0x12C6, 0x12C7),
    (0x12D7, 0x12D7),
    (0x1311, 0x1311),
    (0x1316, 0x1317),
    (0x135B, 0x135C),
    (0x137D, 0x137F),
    (0x139A, 0x139F),
    (0x13F6, 0x13F7),
    (0x13FE, 0x13FF),
    (0x169D, 0x169F),
    (0x16F9, 0x16FF),
    (0x1716, 0x171E),
    (0x1737, 0x173F),
    (0x1754, 0x175F),
    (0x176D, 0x176D),
    (0x1771, 0x1771),
    (0x1774, 0x177F),
    (0x17DE, 0x17DF),
    (0x17EA, 0x17EF),
    (0x17FA, 0x17FF),
    (0x181A, 0x181F),
    (0x1879, 0x187F),
    (0x18AB, 0x18AF),
    (0x18F6, 0x18FF),
    (0x191F, 0x191F),
    (0x192C, 0x192F),
    (0x193C, 0x193F),
    (0x1941, 0x1943),
    (0x196E, 0x196F),
    (0x1975, 0x197F),
    (0x19AC, 0x19AF),
    (0x19CA, 0x19CF),
    (0x19DB, 0x19DD),
    (0x1A1C, 0x1A1D),
    (0x1A5F, 0x1A5F),
    (0x1A7D, 0x1A7E),
    (0x1A8A, 0x1A8F),
    (0x1A9A, 0x1A9F),
    (0x1AAE, 0x1AAF),
    (0x1ADE, 0x1ADF),
    (0x1AEC, 0x1AFF),
    (0x1B4D, 0x1B4D),
    (0x1BF4, 0x1BFB),
    (0x1C38, 0x1C3A),
    (0x1C4A, 0x1C4C),
    (0x1C8B, 0x1C8F),
    (0x1CBB, 0x1CBC),
    (0x1CC8, 0x1CCF),
    (0x1CFB, 0x1CFF),
    (0x1F16, 0x1F17),
    (0x1F1E, 0x1F1F),
    (0x1F46, 0x1F47),
    (0x1F4E, 0x1F4F),
    (0x1F58, 0x1F58),
    (0x1F5A, 0x1F5A),
    (0x1F5C, 0x1F5C),
    (0x1F5E, 0x1F5E),
    (0x1F7E, 0x1F7F),
    (0x1FB5, 0x1FB5),
    (0x1FC5, 0x1FC5),
    (0x1FD4, 0x1FD5),
    (0x1FDC, 0x1FDC),
    (0x1FF0, 0x1FF1),
    (0x1FF5, 0x1FF5),
    (0x1FFF, 0x1FFF),
    (0x2065, 0x2065),
    (0x2072, 0x2073),
    (0x208F, 0x208F),
    (0x209D, 0x209F),
    (0x20C2, 0x20CF),
    (0x20F1, 0x20FF),
    (0x218C, 0x218F),
    (0x242A, 0x243F),
    (0x244B, 0x245F),
    (0x2B74, 0x2B75),
    (0x2CF4, 0x2CF8),
    (0x2D26, 0x2D26),
    (0x2D28, 0x2D2C),
    (0x2D2E, 0x2D2F),
    (0x2D68, 0x2D6E),
    (0x2D71, 0x2D7E),
    (0x2D97, 0x2D9F),
    (0x2DA7, 0x2DA7),
    (0x2DAF, 0x2DAF),
    (0x2DB7, 0x2DB7),
    (0x2DBF, 0x2DBF),
    (0x2DC7, 0x2DC7),
    (0x2DCF, 0x2DCF),
    (0x2DD7, 0x2DD7),
    (0x2DDF, 0x2DDF),
    (0x2E5E, 0x2E7F),
    (0x2E9A, 0x2E9A),
    (0x2EF4, 0x2EFF),
    (0x2FD6, 0x2FEF),
    (0x3040, 0x3040),
    (0x3097, 0x3098),
    (0x3100, 0x3104),
    (0x3130, 0x3130),
    (0x318F, 0x318F),
    (0x31E6, 0x31EE),
    (0x321F, 0x321F),
    (0xA48D, 0xA48F),
    (0xA4C7, 0xA4CF),
    (0xA62C, 0xA63F),
    (0xA6F8, 0xA6FF),
    (0xA7DD, 0xA7F0),
    (0xA82D, 0xA82F),
    (0xA83A, 0xA83F),
    (0xA878, 0xA87F),
    (0xA8C6, 0xA8CD),
    (0xA8DA, 0xA8DF),
    (0xA954, 0xA95E),
    (0xA97D, 0xA97F),
    (0xA9CE, 0xA9CE),
    (0xA9DA, 0xA9DD),
    (0xA9FF, 0xA9FF),
    (0xAA37, 0xAA3F),
    (0xAA4E, 0xAA4F),
    (0xAA5A, 0xAA5B),
    (0xAAC3, 0xAADA),
    (0xAAF7, 0xAB00),
    (0xAB07, 0xAB08),
    (0xAB0F, 0xAB10),
    (0xAB17, 0xAB1F),
    (0xAB27, 0xAB27),
    (0xAB2F, 0xAB2F),
    (0xAB6C, 0xAB6F),
    (0xABEE, 0xABEF),
    (0xABFA, 0xABFF),
    (0xD7A4, 0xD7AF),
    (0xD7C7, 0xD7CA),
    (0xD7FC, 0xF8FF),
    (0xFA6E, 0xFA6F),
    (0xFADA, 0xFAFF),
    (0xFB07, 0xFB12),
    (0xFB18, 0xFB1C),
    (0xFB37, 0xFB37),
    (0xFB3D, 0xFB3D),
    (0xFB3F, 0xFB3F),
    (0xFB42, 0xFB42),
    (0xFB45, 0xFB45),
    (0xFDD0, 0xFDEF),
    (0xFE1A, 0xFE1F),
    (0xFE53, 0xFE53),
    (0xFE67, 0xFE67),
    (0xFE6C, 0xFE6F),
    (0xFE75, 0xFE75),
    (0xFEFD, 0xFEFE),
    (0xFF00, 0xFF00),
    (0xFFBF, 0xFFC1),
    (0xFFC8, 0xFFC9),
    (0xFFD0, 0xFFD1),
    (0xFFD8, 0xFFD9),
    (0xFFDD, 0xFFDF),
    (0xFFE7, 0xFFE7),
    (0xFFEF, 0xFFF8),
    (0xFFFE, 0xFFFF),
    (0x1000C, 0x1000C),
    (0x10027, 0x10027),
    (0x1003B, 0x1003B),
    (0x1003E, 0x1003E),
    (0x1004E, 0x1004F),
    (0x1005E, 0x1007F),
    (0x100FB, 0x100FF),
    (0x10103, 0x10106),
    (0x10134, 0x10136),
    (0x1018F, 0x1018F),
    (0x1019D, 0x1019F),
    (0x101A1, 0x101CF),
    (0x101FE, 0x1027F),
    (0x1029D, 0x1029F),
    (0x102D1, 0x102DF),
    (0x102FC, 0x102FF),
    (0x10324, 0x1032C),
    (0x1034B, 0x1034F),
    (0x1037B, 0x1037F),
    (0x1039E, 0x1039E),
    (0x103C4, 0x103C7),
    (0x103D6, 0x103FF),
    (0x1049E, 0x1049F),
    (0x104AA, 0x104AF),
    (0x104D4, 0x104D7),
    (0x104FC, 0x104FF),
    (0x10528, 0x1052F),
    (0x10564, 0x1056E),
    (0x1057B, 0x1057B),
    (0x1058B, 0x1058B),
    (0x10593, 0x10593),
    (0x10596, 0x10596),
    (0x105A2, 0x105A2),
    (0x105B2, 0x105B2),
    (0x105BA, 0x105BA),
    (0x105BD, 0x105BF),
    (0x105F4, 0x105FF),
    (0x10737, 0x1073F),
    (0x10756, 0x1075F),
    (0x10768, 0x1077F),
    (0x10786, 0x10786),
    (0x107B1, 0x107B1),
    (0x107BB, 0x107FF),
    (0x10806, 0x10807),
    (0x10809, 0x10809),
    (0x10836, 0x10836),
    (0x10839, 0x1083B),
    (0x1083D, 0x1083E),
    (0x10856, 0x10856),
    (0x1089F, 0x108A6),
    (0x108B0, 0x108DF),
    (0x108F3, 0x108F3),
    (0x108F6, 0x108FA),
    (0x1091C, 0x1091E),
    (0x1093A, 0x1093E),
    (0x1095A, 0x1097F),
    (0x109B8, 0x109BB),
    (0x109D0, 0x109D1),
    (0x10A04, 0x10A04),
    (0x10A07, 0x10A0B),
    (0x10A14, 0x10A14),
    (0x10A18, 0x10A18),
    (0x10A36, 0x10A37),
    (0x10A3B, 0x10A3E),
    (0x10A49, 0x10A4F),
    (0x10A59, 0x10A5F),
    (0x10AA0, 0x10ABF),
    (0x10AE7, 0x10AEA),
    (0x10AF7, 0x10AFF),
    (0x10B36, 0x10B38),
    (0x10B56, 0x10B57),
    (0x10B73, 0x10B77),
    (0x10B92, 0x10B98),
    (0x10B9D, 0x10BA8),
    (0x10BB0, 0x10BFF),
    (0x10C49, 0x10C7F),
    (0x10CB3, 0x10CBF),
    (0x10CF3, 0x10CF9),
    (0x10D28, 0x10D2F),
    (0x10D3A, 0x10D3F),
    (0x10D66, 0x10D68),
    (0x10D86, 0x10D8D),
    (0x10D90, 0x10E5F),
    (0x10E7F, 0x10E7F),
    (0x10EAA, 0x10EAA),
    (0x10EAE, 0x10EAF),
    (0x10EB2, 0x10EC1),
    (0x10EC8, 0x10ECF),
    (0x10ED9, 0x10EF9),
    (0x10F28, 0x10F2F),
    (0x10F5A, 0x10F6F),
    (0x10F8A, 0x10FAF),
    (0x10FCC, 0x10FDF),
    (0x10FF7, 0x10FFF),
    (0x1104E, 0x11051),
    (0x11076, 0x1107E),
    (0x110C3, 0x110CC),
    (0x110CE, 0x110CF),
    (0x110E9, 0x110EF),
    (0x110FA, 0x110FF),
    (0x11135, 0x11135),
    (0x11148, 0x1114F),
    (0x11177, 0x1117F),
    (0x111E0, 0x111E0),
    (0x111F5, 0x111FF),
    (0x11212, 0x11212),
    (0x11242, 0x1127F),
    (0x11287, 0x11287),
    (0x11289, 0x11289),
    (0x1128E, 0x1128E),
    (0x1129E, 0x1129E),
    (0x112AA, 0x112AF),
    (0x112EB, 0x112EF),
    (0x112FA, 0x112FF),
    (0x11304, 0x11304),
    (0x1130D, 0x1130E),
    (0x11311, 0x11312),
    (0x11329, 0x11329),
    (0x11331, 0x11331),
    (0x11334, 0x11334),
    (0x1133A, 0x1133A),
    (0x11345, 0x11346),
    (0x11349, 0x1134A),
    (0x1134E, 0x1134F),
    (0x11351, 0x11356),
    (0x11358, 0x1135C),
    (0x11364, 0x11365),
    (0x1136D, 0x1136F),
    (0x11375, 0x1137F),
    (0x1138A, 0x1138A),
    (0x1138C, 0x1138D),
    (0x1138F, 0x1138F),
    (0x113B6, 0x113B6),
    (0x113C1, 0x113C1),
    (0x113C3, 0x113C4),
    (0x113C6, 0x113C6),
    (0x113CB, 0x113CB),
    (0x113D6, 0x113D6),
    (0x113D9, 0x113E0),
    (0x113E3, 0x113FF),
    (0x1145C, 0x1145C),
    (0x11462, 0x1147F),
    (0x114C8, 0x114CF),
    (0x114DA, 0x1157F),
    (0x115B6, 0x115B7),
    (0x115DE, 0x115FF),
    (0x11645, 0x1164F),
    (0x1165A, 0x1165F),
    (0x1166D, 0x1167F),
    (0x116BA, 0x116BF),
    (0x116CA, 0x116CF),
    (0x116E4, 0x116FF),
    (0x1171B, 0x1171C),
    (0x1172C, 0x1172F),
    (0x11747, 0x117FF),
    (0x1183C, 0x1189F),
    (0x118F3, 0x118FE),
    (0x11907, 0x11908),
    (0x1190A, 0x1190B),
    (0x11914, 0x11914),
    (0x11917, 0x11917),
    (0x11936, 0x11936),
    (0x11939, 0x1193A),
    (0x11947, 0x1194F),
    (0x1195A, 0x1199F),
    (0x119A8, 0x119A9),
    (0x119D8, 0x119D9),
    (0x119E5, 0x119FF),
    (0x11A48, 0x11A4F),
    (0x11AA3, 0x11AAF),
    (0x11AF9, 0x11AFF),
    (0x11B0A, 0x11B5F),
    (0x11B68, 0x11BBF),
    (0x11BE2, 0x11BEF),
    (0x11BFA, 0x11BFF),
    (0x11C09, 0x11C09),
    (0x11C37, 0x11C37),
    (0x11C46, 0x11C4F),
    (0x11C6D, 0x11C6F),
    (0x11C90, 0x11C91),
    (0x11CA8, 0x11CA8),
    (0x11CB7, 0x11CFF),
    (0x11D07, 0x11D07),
    (0x11D0A, 0x11D0A),
    (0x11D37, 0x11D39),
    (0x11D3B, 0x11D3B),
    (0x11D3E, 0x11D3E),
    (0x11D48, 0x11D4F),
    (0x11D5A, 0x11D5F),
    (0x11D66, 0x11D66),
    (0x11D69, 0x11D69),
    (0x11D8F, 0x11D8F),
    (0x11D92, 0x11D92),
    (0x11D99, 0x11D9F),
    (0x11DAA, 0x11DAF),
    (0x11DDC, 0x11DDF),
    (0x11DEA, 0x11EDF),
    (0x11EF9, 0x11EFF),
    (0x11F11, 0x11F11),
    (0x11F3B, 0x11F3D),
    (0x11F5B, 0x11FAF),
    (0x11FB1, 0x11FBF),
    (0x11FF2, 0x11FFE),
    (0x1239A, 0x123FF),
    (0x1246F, 0x1246F),
    (0x12475, 0x1247F),
    (0x12544, 0x12F8F),
    (0x12FF3, 0x12FFF),
    (0x13456, 0x1345F),
    (0x143FB, 0x143FF),
    (0x14647, 0x160FF),
    (0x1613A, 0x167FF),
    (0x16A39, 0x16A3F),
    (0x16A5F, 0x16A5F),
    (0x16A6A, 0x16A6D),
    (0x16ABF, 0x16ABF),
    (0x16ACA, 0x16ACF),
    (0x16AEE, 0x16AEF),
    (0x16AF6, 0x16AFF),
    (0x16B46, 0x16B4F),
    (0x16B5A, 0x16B5A),
    (0x16B62, 0x16B62),
    (0x16B78, 0x16B7C),
    (0x16B90, 0x16D3F),
    (0x16D7A, 0x16E3F),
    (0x16E9B, 0x16E9F),
    (0x16EB9, 0x16EBA),
    (0x16ED4, 0x16EFF),
    (0x16F4B, 0x16F4E),
    (0x16F88, 0x16F8E),
    (0x16FA0, 0x16FDF),
    (0x16FE5, 0x16FEF),
    (0x16FF7, 0x16FFF),
    (0x18CD6, 0x18CFE),
    (0x18D1F, 0x18D7F),
    (0x18DF3, 0x1AFEF),
    (0x1AFF4, 0x1AFF4),
    (0x1AFFC, 0x1AFFC),
    (0x1AFFF, 0x1AFFF),
    (0x1B123, 0x1B131),
    (0x1B133, 0x1B14F),
    (0x1B153, 0x1B154),
    (0x1B156, 0x1B163),
    (0x1B168, 0x1B16F),
    (0x1B2FC, 0x1BBFF),
    (0x1BC6B, 0x1BC6F),
    (0x1BC7D, 0x1BC7F),
    (0x1BC89, 0x1BC8F),
    (0x1BC9A, 0x1BC9B),
    (0x1BCA4, 0x1CBFF),
    (0x1CCFD, 0x1CCFF),
    (0x1CEB4, 0x1CEB9),
    (0x1CED1, 0x1CEDF),
    (0x1CEF1, 0x1CEFF),
    (0x1CF2E, 0x1CF2F),
    (0x1CF47, 0x1CF4F),
    (0x1CFC4, 0x1CFFF),
    (0x1D0F6, 0x1D0FF),
    (0x1D127, 0x1D128),
    (0x1D1EB, 0x1D1FF),
    (0x1D246, 0x1D2BF),
    (0x1D2D4, 0x1D2DF),
    (0x1D2F4, 0x1D2FF),
    (0x1D357, 0x1D35F),
    (0x1D379, 0x1D3FF),
    (0x1D455, 0x1D455),
    (0x1D49D, 0x1D49D),
    (0x1D4A0, 0x1D4A1),
    (0x1D4A3, 0x1D4A4),
    (0x1D4A7, 0x1D4A8),
    (0x1D4AD, 0x1D4AD),
    (0x1D4BA, 0x1D4BA),
    (0x1D4BC, 0x1D4BC),
    (0x1D4C4, 0x1D4C4),
    (0x1D506, 0x1D506),
    (0x1D50B, 0x1D50C),
    (0x1D515, 0x1D515),
    (0x1D51D, 0x1D51D),
    (0x1D53A, 0x1D53A),
    (0x1D53F, 0x1D53F),
    (0x1D545, 0x1D545),
    (0x1D547, 0x1D549),
    (0x1D551, 0x1D551),
    (0x1D6A6, 0x1D6A7),
    (0x1D7CC, 0x1D7CD),
    (0x1DA8C, 0x1DA9A),
    (0x1DAA0, 0x1DAA0),
    (0x1DAB0, 0x1DEFF),
    (0x1DF1F, 0x1DF24),
    (0x1DF2B, 0x1DFFF),
    (0x1E007, 0x1E007),
    (0x1E019, 0x1E01A),
    (0x1E022, 0x1E022),
    (0x1E025, 0x1E025),
    (0x1E02B, 0x1E02F),
    (0x1E06E, 0x1E08E),
    (0x1E090, 0x1E0FF),
    (0x1E12D, 0x1E12F),
    (0x1E13E, 0x1E13F),
    (0x1E14A, 0x1E14D),
    (0x1E150, 0x1E28F),
    (0x1E2AF, 0x1E2BF),
    (0x1E2FA, 0x1E2FE),
    (0x1E300, 0x1E4CF),
    (0x1E4FA, 0x1E5CF),
    (0x1E5FB, 0x1E5FE),
    (0x1E600, 0x1E6BF),
    (0x1E6DF, 0x1E6DF),
    (0x1E6F6, 0x1E6FD),
    (0x1E700, 0x1E7DF),
    (0x1E7E7, 0x1E7E7),
    (0x1E7EC, 0x1E7EC),
    (0x1E7EF, 0x1E7EF),
    (0x1E7FF, 0x1E7FF),
    (0x1E8C5, 0x1E8C6),
    (0x1E8D7, 0x1E8FF),
    (0x1E94C, 0x1E94F),
    (0x1E95A, 0x1E95D),
    (0x1E960, 0x1EC70),
    (0x1ECB5, 0x1ED00),
    (0x1ED3E, 0x1EDFF),
    (0x1EE04, 0x1EE04),
    (0x1EE20, 0x1EE20),
    (0x1EE23, 0x1EE23),
    (0x1EE25, 0x1EE26),
    (0x1EE28, 0x1EE28),
    (0x1EE33, 0x1EE33),
    (0x1EE38, 0x1EE38),
    (0x1EE3A, 0x1EE3A),
    (0x1EE3C, 0x1EE41),
    (0x1EE43, 0x1EE46),
    (0x1EE48, 0x1EE48),
    (0x1EE4A, 0x1EE4A),
    (0x1EE4C, 0x1EE4C),
    (0x1EE50, 0x1EE50),
    (0x1EE53, 0x1EE53),
    (0x1EE55, 0x1EE56),
    (0x1EE58, 0x1EE58),
    (0x1EE5A, 0x1EE5A),
    (0x1EE5C, 0x1EE5C),
    (0x1EE5E, 0x1EE5E),
    (0x1EE60, 0x1EE60),
    (0x1EE63, 0x1EE63),
    (0x1EE65, 0x1EE66),
    (0x1EE6B, 0x1EE6B),
    (0x1EE73, 0x1EE73),
    (0x1EE78, 0x1EE78),
    (0x1EE7D, 0x1EE7D),
    (0x1EE7F, 0x1EE7F),
    (0x1EE8A, 0x1EE8A),
    (0x1EE9C, 0x1EEA0),
    (0x1EEA4, 0x1EEA4),
    (0x1EEAA, 0x1EEAA),
    (0x1EEBC, 0x1EEEF),
    (0x1EEF2, 0x1EFFF),
    (0x1F02C, 0x1F02F),
    (0x1F094, 0x1F09F),
    (0x1F0AF, 0x1F0B0),
    (0x1F0C0, 0x1F0C0),
    (0x1F0D0, 0x1F0D0),
    (0x1F0F6, 0x1F0FF),
    (0x1F1AE, 0x1F1E5),
    (0x1F203, 0x1F20F),
    (0x1F23C, 0x1F23F),
    (0x1F249, 0x1F24F),
    (0x1F252, 0x1F25F),
    (0x1F266, 0x1F2FF),
    (0x1F6D9, 0x1F6DB),
    (0x1F6ED, 0x1F6EF),
    (0x1F6FD, 0x1F6FF),
    (0x1F7DA, 0x1F7DF),
    (0x1F7EC, 0x1F7EF),
    (0x1F7F1, 0x1F7FF),
    (0x1F80C, 0x1F80F),
    (0x1F848, 0x1F84F),
    (0x1F85A, 0x1F85F),
    (0x1F888, 0x1F88F),
    (0x1F8AE, 0x1F8AF),
    (0x1F8BC, 0x1F8BF),
    (0x1F8C2, 0x1F8CF),
    (0x1F8D9, 0x1F8FF),
    (0x1FA58, 0x1FA5F),
    (0x1FA6E, 0x1FA6F),
    (0x1FA7D, 0x1FA7F),
    (0x1FA8B, 0x1FA8D),
    (0x1FAC7, 0x1FAC7),
    (0x1FAC9, 0x1FACC),
    (0x1FADD, 0x1FADE),
    (0x1FAEB, 0x1FAEE),
    (0x1FAF9, 0x1FAFF),
    (0x1FB93, 0x1FB93),
    (0x1FBFB, 0x1FFFF),
    (0x2A6E0, 0x2A6FF),
    (0x2B81E, 0x2B81F),
    (0x2CEAE, 0x2CEAF),
    (0x2EBE1, 0x2EBEF),
    (0x2EE5E, 0x2F7FF),
    (0x2FA1E, 0x2FFFF),
    (0x3134B, 0x3134F),
    (0x3347A, 0xE0000),
    (0xE0002, 0xE001F),
    (0xE0080, 0xE00FF),
    (0xE01F0, 0x10FFFF),
];

/// `\p{Script_Extensions_-_Vai}` (from the test262 fixtures).
pub const SCRIPT_EXTENSIONS___VAI: &[(u32, u32)] = &[
    (0xA500, 0xA62B),
];

/// `\p{Script_Extensions_-_Vithkuqi}` (from the test262 fixtures).
pub const SCRIPT_EXTENSIONS___VITHKUQI: &[(u32, u32)] = &[
    (0x10570, 0x1057A),
    (0x1057C, 0x1058A),
    (0x1058C, 0x10592),
    (0x10594, 0x10595),
    (0x10597, 0x105A1),
    (0x105A3, 0x105B1),
    (0x105B3, 0x105B9),
    (0x105BB, 0x105BC),
];

/// `\p{Script_Extensions_-_Wancho}` (from the test262 fixtures).
pub const SCRIPT_EXTENSIONS___WANCHO: &[(u32, u32)] = &[
    (0x1E2C0, 0x1E2F9),
    (0x1E2FF, 0x1E2FF),
];

/// `\p{Script_Extensions_-_Warang_Citi}` (from the test262 fixtures).
pub const SCRIPT_EXTENSIONS___WARANG_CITI: &[(u32, u32)] = &[
    (0x118A0, 0x118F2),
    (0x118FF, 0x118FF),
];

/// `\p{Script_Extensions_-_Yezidi}` (from the test262 fixtures).
pub const SCRIPT_EXTENSIONS___YEZIDI: &[(u32, u32)] = &[
    (0x060C, 0x060C),
    (0x061B, 0x061B),
    (0x061F, 0x061F),
    (0x0660, 0x0669),
    (0x10E80, 0x10EA9),
    (0x10EAB, 0x10EAD),
    (0x10EB0, 0x10EB1),
];

/// `\p{Script_Extensions_-_Yi}` (from the test262 fixtures).
pub const SCRIPT_EXTENSIONS___YI: &[(u32, u32)] = &[
    (0x3001, 0x3002),
    (0x3008, 0x3011),
    (0x3014, 0x301B),
    (0x30FB, 0x30FB),
    (0xA000, 0xA48C),
    (0xA490, 0xA4C6),
    (0xFF61, 0xFF65),
];

/// `\p{Script_Extensions_-_Zanabazar_Square}` (from the test262 fixtures).
pub const SCRIPT_EXTENSIONS___ZANABAZAR_SQUARE: &[(u32, u32)] = &[
    (0x11A00, 0x11A47),
];

/// `\p{Sentence_Terminal}` (from the test262 fixtures).
pub const SENTENCE_TERMINAL: &[(u32, u32)] = &[
    (0x0021, 0x0021),
    (0x002E, 0x002E),
    (0x003F, 0x003F),
    (0x0589, 0x0589),
    (0x061D, 0x061F),
    (0x06D4, 0x06D4),
    (0x0700, 0x0702),
    (0x07F9, 0x07F9),
    (0x0837, 0x0837),
    (0x0839, 0x0839),
    (0x083D, 0x083E),
    (0x0964, 0x0965),
    (0x104A, 0x104B),
    (0x1362, 0x1362),
    (0x1367, 0x1368),
    (0x166E, 0x166E),
    (0x1735, 0x1736),
    (0x17D4, 0x17D5),
    (0x1803, 0x1803),
    (0x1809, 0x1809),
    (0x1944, 0x1945),
    (0x1AA8, 0x1AAB),
    (0x1B4E, 0x1B4F),
    (0x1B5A, 0x1B5B),
    (0x1B5E, 0x1B5F),
    (0x1B7D, 0x1B7F),
    (0x1C3B, 0x1C3C),
    (0x1C7E, 0x1C7F),
    (0x2024, 0x2024),
    (0x203C, 0x203D),
    (0x2047, 0x2049),
    (0x2CF9, 0x2CFB),
    (0x2E2E, 0x2E2E),
    (0x2E3C, 0x2E3C),
    (0x2E53, 0x2E54),
    (0x3002, 0x3002),
    (0xA4FF, 0xA4FF),
    (0xA60E, 0xA60F),
    (0xA6F3, 0xA6F3),
    (0xA6F7, 0xA6F7),
    (0xA876, 0xA877),
    (0xA8CE, 0xA8CF),
    (0xA92F, 0xA92F),
    (0xA9C8, 0xA9C9),
    (0xAA5D, 0xAA5F),
    (0xAAF0, 0xAAF1),
    (0xABEB, 0xABEB),
    (0xFE12, 0xFE12),
    (0xFE15, 0xFE16),
    (0xFE52, 0xFE52),
    (0xFE56, 0xFE57),
    (0xFF01, 0xFF01),
    (0xFF0E, 0xFF0E),
    (0xFF1F, 0xFF1F),
    (0xFF61, 0xFF61),
    (0x10A56, 0x10A57),
    (0x10F55, 0x10F59),
    (0x10F86, 0x10F89),
    (0x11047, 0x11048),
    (0x110BE, 0x110C1),
    (0x11141, 0x11143),
    (0x111C5, 0x111C6),
    (0x111CD, 0x111CD),
    (0x111DE, 0x111DF),
    (0x11238, 0x11239),
    (0x1123B, 0x1123C),
    (0x112A9, 0x112A9),
    (0x113D4, 0x113D5),
    (0x1144B, 0x1144C),
    (0x115C2, 0x115C3),
    (0x115C9, 0x115D7),
    (0x11641, 0x11642),
    (0x1173C, 0x1173E),
    (0x11944, 0x11944),
    (0x11946, 0x11946),
    (0x11A42, 0x11A43),
    (0x11A9B, 0x11A9C),
    (0x11C41, 0x11C42),
    (0x11EF7, 0x11EF8),
    (0x11F43, 0x11F44),
    (0x16A6E, 0x16A6F),
    (0x16AF5, 0x16AF5),
    (0x16B37, 0x16B38),
    (0x16B44, 0x16B44),
    (0x16D6E, 0x16D6F),
    (0x16E98, 0x16E98),
    (0x1BC9F, 0x1BC9F),
    (0x1DA88, 0x1DA88),
];

/// `\p{Soft_Dotted}` (from the test262 fixtures).
pub const SOFT_DOTTED: &[(u32, u32)] = &[
    (0x0069, 0x006A),
    (0x012F, 0x012F),
    (0x0249, 0x0249),
    (0x0268, 0x0268),
    (0x029D, 0x029D),
    (0x02B2, 0x02B2),
    (0x03F3, 0x03F3),
    (0x0456, 0x0456),
    (0x0458, 0x0458),
    (0x1D62, 0x1D62),
    (0x1D96, 0x1D96),
    (0x1DA4, 0x1DA4),
    (0x1DA8, 0x1DA8),
    (0x1E2D, 0x1E2D),
    (0x1ECB, 0x1ECB),
    (0x2071, 0x2071),
    (0x2148, 0x2149),
    (0x2C7C, 0x2C7C),
    (0x1D422, 0x1D423),
    (0x1D456, 0x1D457),
    (0x1D48A, 0x1D48B),
    (0x1D4BE, 0x1D4BF),
    (0x1D4F2, 0x1D4F3),
    (0x1D526, 0x1D527),
    (0x1D55A, 0x1D55B),
    (0x1D58E, 0x1D58F),
    (0x1D5C2, 0x1D5C3),
    (0x1D5F6, 0x1D5F7),
    (0x1D62A, 0x1D62B),
    (0x1D65E, 0x1D65F),
    (0x1D692, 0x1D693),
    (0x1DF1A, 0x1DF1A),
    (0x1E04C, 0x1E04D),
    (0x1E068, 0x1E068),
];

/// `\p{Terminal_Punctuation}` (from the test262 fixtures).
pub const TERMINAL_PUNCTUATION: &[(u32, u32)] = &[
    (0x0021, 0x0021),
    (0x002C, 0x002C),
    (0x002E, 0x002E),
    (0x003A, 0x003B),
    (0x003F, 0x003F),
    (0x037E, 0x037E),
    (0x0387, 0x0387),
    (0x0589, 0x0589),
    (0x05C3, 0x05C3),
    (0x060C, 0x060C),
    (0x061B, 0x061B),
    (0x061D, 0x061F),
    (0x06D4, 0x06D4),
    (0x0700, 0x070A),
    (0x070C, 0x070C),
    (0x07F8, 0x07F9),
    (0x0830, 0x0835),
    (0x0837, 0x083E),
    (0x085E, 0x085E),
    (0x0964, 0x0965),
    (0x0E5A, 0x0E5B),
    (0x0F08, 0x0F08),
    (0x0F0D, 0x0F12),
    (0x104A, 0x104B),
    (0x1361, 0x1368),
    (0x166E, 0x166E),
    (0x16EB, 0x16ED),
    (0x1735, 0x1736),
    (0x17D4, 0x17D6),
    (0x17DA, 0x17DA),
    (0x1802, 0x1805),
    (0x1808, 0x1809),
    (0x1944, 0x1945),
    (0x1AA8, 0x1AAB),
    (0x1B4E, 0x1B4F),
    (0x1B5A, 0x1B5B),
    (0x1B5D, 0x1B5F),
    (0x1B7D, 0x1B7F),
    (0x1C3B, 0x1C3F),
    (0x1C7E, 0x1C7F),
    (0x2024, 0x2024),
    (0x203C, 0x203D),
    (0x2047, 0x2049),
    (0x2CF9, 0x2CFB),
    (0x2E2E, 0x2E2E),
    (0x2E3C, 0x2E3C),
    (0x2E41, 0x2E41),
    (0x2E4C, 0x2E4C),
    (0x2E4E, 0x2E4F),
    (0x2E53, 0x2E54),
    (0x3001, 0x3002),
    (0xA4FE, 0xA4FF),
    (0xA60D, 0xA60F),
    (0xA6F3, 0xA6F7),
    (0xA876, 0xA877),
    (0xA8CE, 0xA8CF),
    (0xA92F, 0xA92F),
    (0xA9C7, 0xA9C9),
    (0xAA5D, 0xAA5F),
    (0xAADF, 0xAADF),
    (0xAAF0, 0xAAF1),
    (0xABEB, 0xABEB),
    (0xFE12, 0xFE12),
    (0xFE15, 0xFE16),
    (0xFE50, 0xFE52),
    (0xFE54, 0xFE57),
    (0xFF01, 0xFF01),
    (0xFF0C, 0xFF0C),
    (0xFF0E, 0xFF0E),
    (0xFF1A, 0xFF1B),
    (0xFF1F, 0xFF1F),
    (0xFF61, 0xFF61),
    (0xFF64, 0xFF64),
    (0x1039F, 0x1039F),
    (0x103D0, 0x103D0),
    (0x10857, 0x10857),
    (0x1091F, 0x1091F),
    (0x10A56, 0x10A57),
    (0x10AF0, 0x10AF5),
    (0x10B3A, 0x10B3F),
    (0x10B99, 0x10B9C),
    (0x10F55, 0x10F59),
    (0x10F86, 0x10F89),
    (0x11047, 0x1104D),
    (0x110BE, 0x110C1),
    (0x11141, 0x11143),
    (0x111C5, 0x111C6),
    (0x111CD, 0x111CD),
    (0x111DE, 0x111DF),
    (0x11238, 0x1123C),
    (0x112A9, 0x112A9),
    (0x113D4, 0x113D5),
    (0x1144B, 0x1144D),
    (0x1145A, 0x1145B),
    (0x115C2, 0x115C5),
    (0x115C9, 0x115D7),
    (0x11641, 0x11642),
    (0x1173C, 0x1173E),
    (0x11944, 0x11944),
    (0x11946, 0x11946),
    (0x11A42, 0x11A43),
    (0x11A9B, 0x11A9C),
    (0x11AA1, 0x11AA2),
    (0x11C41, 0x11C43),
    (0x11C71, 0x11C71),
    (0x11EF7, 0x11EF8),
    (0x11F43, 0x11F44),
    (0x12470, 0x12474),
    (0x16A6E, 0x16A6F),
    (0x16AF5, 0x16AF5),
    (0x16B37, 0x16B39),
    (0x16B44, 0x16B44),
    (0x16D6E, 0x16D6F),
    (0x16E97, 0x16E98),
    (0x1BC9F, 0x1BC9F),
    (0x1DA87, 0x1DA8A),
];

/// `\p{Unified_Ideograph}` (from the test262 fixtures).
pub const UNIFIED_IDEOGRAPH: &[(u32, u32)] = &[
    (0x3400, 0x4DBF),
    (0x4E00, 0x9FFF),
    (0xFA0E, 0xFA0F),
    (0xFA11, 0xFA11),
    (0xFA13, 0xFA14),
    (0xFA1F, 0xFA1F),
    (0xFA21, 0xFA21),
    (0xFA23, 0xFA24),
    (0xFA27, 0xFA29),
    (0x20000, 0x2A6DF),
    (0x2A700, 0x2B81D),
    (0x2B820, 0x2CEAD),
    (0x2CEB0, 0x2EBE0),
    (0x2EBF0, 0x2EE5D),
    (0x30000, 0x3134A),
    (0x31350, 0x33479),
];

/// `\p{Uppercase}` (from the test262 fixtures).
pub const UPPERCASE: &[(u32, u32)] = &[
    (0x0041, 0x005A),
    (0x00C0, 0x00D6),
    (0x00D8, 0x00DE),
    (0x0100, 0x0100),
    (0x0102, 0x0102),
    (0x0104, 0x0104),
    (0x0106, 0x0106),
    (0x0108, 0x0108),
    (0x010A, 0x010A),
    (0x010C, 0x010C),
    (0x010E, 0x010E),
    (0x0110, 0x0110),
    (0x0112, 0x0112),
    (0x0114, 0x0114),
    (0x0116, 0x0116),
    (0x0118, 0x0118),
    (0x011A, 0x011A),
    (0x011C, 0x011C),
    (0x011E, 0x011E),
    (0x0120, 0x0120),
    (0x0122, 0x0122),
    (0x0124, 0x0124),
    (0x0126, 0x0126),
    (0x0128, 0x0128),
    (0x012A, 0x012A),
    (0x012C, 0x012C),
    (0x012E, 0x012E),
    (0x0130, 0x0130),
    (0x0132, 0x0132),
    (0x0134, 0x0134),
    (0x0136, 0x0136),
    (0x0139, 0x0139),
    (0x013B, 0x013B),
    (0x013D, 0x013D),
    (0x013F, 0x013F),
    (0x0141, 0x0141),
    (0x0143, 0x0143),
    (0x0145, 0x0145),
    (0x0147, 0x0147),
    (0x014A, 0x014A),
    (0x014C, 0x014C),
    (0x014E, 0x014E),
    (0x0150, 0x0150),
    (0x0152, 0x0152),
    (0x0154, 0x0154),
    (0x0156, 0x0156),
    (0x0158, 0x0158),
    (0x015A, 0x015A),
    (0x015C, 0x015C),
    (0x015E, 0x015E),
    (0x0160, 0x0160),
    (0x0162, 0x0162),
    (0x0164, 0x0164),
    (0x0166, 0x0166),
    (0x0168, 0x0168),
    (0x016A, 0x016A),
    (0x016C, 0x016C),
    (0x016E, 0x016E),
    (0x0170, 0x0170),
    (0x0172, 0x0172),
    (0x0174, 0x0174),
    (0x0176, 0x0176),
    (0x0178, 0x0179),
    (0x017B, 0x017B),
    (0x017D, 0x017D),
    (0x0181, 0x0182),
    (0x0184, 0x0184),
    (0x0186, 0x0187),
    (0x0189, 0x018B),
    (0x018E, 0x0191),
    (0x0193, 0x0194),
    (0x0196, 0x0198),
    (0x019C, 0x019D),
    (0x019F, 0x01A0),
    (0x01A2, 0x01A2),
    (0x01A4, 0x01A4),
    (0x01A6, 0x01A7),
    (0x01A9, 0x01A9),
    (0x01AC, 0x01AC),
    (0x01AE, 0x01AF),
    (0x01B1, 0x01B3),
    (0x01B5, 0x01B5),
    (0x01B7, 0x01B8),
    (0x01BC, 0x01BC),
    (0x01C4, 0x01C4),
    (0x01C7, 0x01C7),
    (0x01CA, 0x01CA),
    (0x01CD, 0x01CD),
    (0x01CF, 0x01CF),
    (0x01D1, 0x01D1),
    (0x01D3, 0x01D3),
    (0x01D5, 0x01D5),
    (0x01D7, 0x01D7),
    (0x01D9, 0x01D9),
    (0x01DB, 0x01DB),
    (0x01DE, 0x01DE),
    (0x01E0, 0x01E0),
    (0x01E2, 0x01E2),
    (0x01E4, 0x01E4),
    (0x01E6, 0x01E6),
    (0x01E8, 0x01E8),
    (0x01EA, 0x01EA),
    (0x01EC, 0x01EC),
    (0x01EE, 0x01EE),
    (0x01F1, 0x01F1),
    (0x01F4, 0x01F4),
    (0x01F6, 0x01F8),
    (0x01FA, 0x01FA),
    (0x01FC, 0x01FC),
    (0x01FE, 0x01FE),
    (0x0200, 0x0200),
    (0x0202, 0x0202),
    (0x0204, 0x0204),
    (0x0206, 0x0206),
    (0x0208, 0x0208),
    (0x020A, 0x020A),
    (0x020C, 0x020C),
    (0x020E, 0x020E),
    (0x0210, 0x0210),
    (0x0212, 0x0212),
    (0x0214, 0x0214),
    (0x0216, 0x0216),
    (0x0218, 0x0218),
    (0x021A, 0x021A),
    (0x021C, 0x021C),
    (0x021E, 0x021E),
    (0x0220, 0x0220),
    (0x0222, 0x0222),
    (0x0224, 0x0224),
    (0x0226, 0x0226),
    (0x0228, 0x0228),
    (0x022A, 0x022A),
    (0x022C, 0x022C),
    (0x022E, 0x022E),
    (0x0230, 0x0230),
    (0x0232, 0x0232),
    (0x023A, 0x023B),
    (0x023D, 0x023E),
    (0x0241, 0x0241),
    (0x0243, 0x0246),
    (0x0248, 0x0248),
    (0x024A, 0x024A),
    (0x024C, 0x024C),
    (0x024E, 0x024E),
    (0x0370, 0x0370),
    (0x0372, 0x0372),
    (0x0376, 0x0376),
    (0x037F, 0x037F),
    (0x0386, 0x0386),
    (0x0388, 0x038A),
    (0x038C, 0x038C),
    (0x038E, 0x038F),
    (0x0391, 0x03A1),
    (0x03A3, 0x03AB),
    (0x03CF, 0x03CF),
    (0x03D2, 0x03D4),
    (0x03D8, 0x03D8),
    (0x03DA, 0x03DA),
    (0x03DC, 0x03DC),
    (0x03DE, 0x03DE),
    (0x03E0, 0x03E0),
    (0x03E2, 0x03E2),
    (0x03E4, 0x03E4),
    (0x03E6, 0x03E6),
    (0x03E8, 0x03E8),
    (0x03EA, 0x03EA),
    (0x03EC, 0x03EC),
    (0x03EE, 0x03EE),
    (0x03F4, 0x03F4),
    (0x03F7, 0x03F7),
    (0x03F9, 0x03FA),
    (0x03FD, 0x042F),
    (0x0460, 0x0460),
    (0x0462, 0x0462),
    (0x0464, 0x0464),
    (0x0466, 0x0466),
    (0x0468, 0x0468),
    (0x046A, 0x046A),
    (0x046C, 0x046C),
    (0x046E, 0x046E),
    (0x0470, 0x0470),
    (0x0472, 0x0472),
    (0x0474, 0x0474),
    (0x0476, 0x0476),
    (0x0478, 0x0478),
    (0x047A, 0x047A),
    (0x047C, 0x047C),
    (0x047E, 0x047E),
    (0x0480, 0x0480),
    (0x048A, 0x048A),
    (0x048C, 0x048C),
    (0x048E, 0x048E),
    (0x0490, 0x0490),
    (0x0492, 0x0492),
    (0x0494, 0x0494),
    (0x0496, 0x0496),
    (0x0498, 0x0498),
    (0x049A, 0x049A),
    (0x049C, 0x049C),
    (0x049E, 0x049E),
    (0x04A0, 0x04A0),
    (0x04A2, 0x04A2),
    (0x04A4, 0x04A4),
    (0x04A6, 0x04A6),
    (0x04A8, 0x04A8),
    (0x04AA, 0x04AA),
    (0x04AC, 0x04AC),
    (0x04AE, 0x04AE),
    (0x04B0, 0x04B0),
    (0x04B2, 0x04B2),
    (0x04B4, 0x04B4),
    (0x04B6, 0x04B6),
    (0x04B8, 0x04B8),
    (0x04BA, 0x04BA),
    (0x04BC, 0x04BC),
    (0x04BE, 0x04BE),
    (0x04C0, 0x04C1),
    (0x04C3, 0x04C3),
    (0x04C5, 0x04C5),
    (0x04C7, 0x04C7),
    (0x04C9, 0x04C9),
    (0x04CB, 0x04CB),
    (0x04CD, 0x04CD),
    (0x04D0, 0x04D0),
    (0x04D2, 0x04D2),
    (0x04D4, 0x04D4),
    (0x04D6, 0x04D6),
    (0x04D8, 0x04D8),
    (0x04DA, 0x04DA),
    (0x04DC, 0x04DC),
    (0x04DE, 0x04DE),
    (0x04E0, 0x04E0),
    (0x04E2, 0x04E2),
    (0x04E4, 0x04E4),
    (0x04E6, 0x04E6),
    (0x04E8, 0x04E8),
    (0x04EA, 0x04EA),
    (0x04EC, 0x04EC),
    (0x04EE, 0x04EE),
    (0x04F0, 0x04F0),
    (0x04F2, 0x04F2),
    (0x04F4, 0x04F4),
    (0x04F6, 0x04F6),
    (0x04F8, 0x04F8),
    (0x04FA, 0x04FA),
    (0x04FC, 0x04FC),
    (0x04FE, 0x04FE),
    (0x0500, 0x0500),
    (0x0502, 0x0502),
    (0x0504, 0x0504),
    (0x0506, 0x0506),
    (0x0508, 0x0508),
    (0x050A, 0x050A),
    (0x050C, 0x050C),
    (0x050E, 0x050E),
    (0x0510, 0x0510),
    (0x0512, 0x0512),
    (0x0514, 0x0514),
    (0x0516, 0x0516),
    (0x0518, 0x0518),
    (0x051A, 0x051A),
    (0x051C, 0x051C),
    (0x051E, 0x051E),
    (0x0520, 0x0520),
    (0x0522, 0x0522),
    (0x0524, 0x0524),
    (0x0526, 0x0526),
    (0x0528, 0x0528),
    (0x052A, 0x052A),
    (0x052C, 0x052C),
    (0x052E, 0x052E),
    (0x0531, 0x0556),
    (0x10A0, 0x10C5),
    (0x10C7, 0x10C7),
    (0x10CD, 0x10CD),
    (0x13A0, 0x13F5),
    (0x1C89, 0x1C89),
    (0x1C90, 0x1CBA),
    (0x1CBD, 0x1CBF),
    (0x1E00, 0x1E00),
    (0x1E02, 0x1E02),
    (0x1E04, 0x1E04),
    (0x1E06, 0x1E06),
    (0x1E08, 0x1E08),
    (0x1E0A, 0x1E0A),
    (0x1E0C, 0x1E0C),
    (0x1E0E, 0x1E0E),
    (0x1E10, 0x1E10),
    (0x1E12, 0x1E12),
    (0x1E14, 0x1E14),
    (0x1E16, 0x1E16),
    (0x1E18, 0x1E18),
    (0x1E1A, 0x1E1A),
    (0x1E1C, 0x1E1C),
    (0x1E1E, 0x1E1E),
    (0x1E20, 0x1E20),
    (0x1E22, 0x1E22),
    (0x1E24, 0x1E24),
    (0x1E26, 0x1E26),
    (0x1E28, 0x1E28),
    (0x1E2A, 0x1E2A),
    (0x1E2C, 0x1E2C),
    (0x1E2E, 0x1E2E),
    (0x1E30, 0x1E30),
    (0x1E32, 0x1E32),
    (0x1E34, 0x1E34),
    (0x1E36, 0x1E36),
    (0x1E38, 0x1E38),
    (0x1E3A, 0x1E3A),
    (0x1E3C, 0x1E3C),
    (0x1E3E, 0x1E3E),
    (0x1E40, 0x1E40),
    (0x1E42, 0x1E42),
    (0x1E44, 0x1E44),
    (0x1E46, 0x1E46),
    (0x1E48, 0x1E48),
    (0x1E4A, 0x1E4A),
    (0x1E4C, 0x1E4C),
    (0x1E4E, 0x1E4E),
    (0x1E50, 0x1E50),
    (0x1E52, 0x1E52),
    (0x1E54, 0x1E54),
    (0x1E56, 0x1E56),
    (0x1E58, 0x1E58),
    (0x1E5A, 0x1E5A),
    (0x1E5C, 0x1E5C),
    (0x1E5E, 0x1E5E),
    (0x1E60, 0x1E60),
    (0x1E62, 0x1E62),
    (0x1E64, 0x1E64),
    (0x1E66, 0x1E66),
    (0x1E68, 0x1E68),
    (0x1E6A, 0x1E6A),
    (0x1E6C, 0x1E6C),
    (0x1E6E, 0x1E6E),
    (0x1E70, 0x1E70),
    (0x1E72, 0x1E72),
    (0x1E74, 0x1E74),
    (0x1E76, 0x1E76),
    (0x1E78, 0x1E78),
    (0x1E7A, 0x1E7A),
    (0x1E7C, 0x1E7C),
    (0x1E7E, 0x1E7E),
    (0x1E80, 0x1E80),
    (0x1E82, 0x1E82),
    (0x1E84, 0x1E84),
    (0x1E86, 0x1E86),
    (0x1E88, 0x1E88),
    (0x1E8A, 0x1E8A),
    (0x1E8C, 0x1E8C),
    (0x1E8E, 0x1E8E),
    (0x1E90, 0x1E90),
    (0x1E92, 0x1E92),
    (0x1E94, 0x1E94),
    (0x1E9E, 0x1E9E),
    (0x1EA0, 0x1EA0),
    (0x1EA2, 0x1EA2),
    (0x1EA4, 0x1EA4),
    (0x1EA6, 0x1EA6),
    (0x1EA8, 0x1EA8),
    (0x1EAA, 0x1EAA),
    (0x1EAC, 0x1EAC),
    (0x1EAE, 0x1EAE),
    (0x1EB0, 0x1EB0),
    (0x1EB2, 0x1EB2),
    (0x1EB4, 0x1EB4),
    (0x1EB6, 0x1EB6),
    (0x1EB8, 0x1EB8),
    (0x1EBA, 0x1EBA),
    (0x1EBC, 0x1EBC),
    (0x1EBE, 0x1EBE),
    (0x1EC0, 0x1EC0),
    (0x1EC2, 0x1EC2),
    (0x1EC4, 0x1EC4),
    (0x1EC6, 0x1EC6),
    (0x1EC8, 0x1EC8),
    (0x1ECA, 0x1ECA),
    (0x1ECC, 0x1ECC),
    (0x1ECE, 0x1ECE),
    (0x1ED0, 0x1ED0),
    (0x1ED2, 0x1ED2),
    (0x1ED4, 0x1ED4),
    (0x1ED6, 0x1ED6),
    (0x1ED8, 0x1ED8),
    (0x1EDA, 0x1EDA),
    (0x1EDC, 0x1EDC),
    (0x1EDE, 0x1EDE),
    (0x1EE0, 0x1EE0),
    (0x1EE2, 0x1EE2),
    (0x1EE4, 0x1EE4),
    (0x1EE6, 0x1EE6),
    (0x1EE8, 0x1EE8),
    (0x1EEA, 0x1EEA),
    (0x1EEC, 0x1EEC),
    (0x1EEE, 0x1EEE),
    (0x1EF0, 0x1EF0),
    (0x1EF2, 0x1EF2),
    (0x1EF4, 0x1EF4),
    (0x1EF6, 0x1EF6),
    (0x1EF8, 0x1EF8),
    (0x1EFA, 0x1EFA),
    (0x1EFC, 0x1EFC),
    (0x1EFE, 0x1EFE),
    (0x1F08, 0x1F0F),
    (0x1F18, 0x1F1D),
    (0x1F28, 0x1F2F),
    (0x1F38, 0x1F3F),
    (0x1F48, 0x1F4D),
    (0x1F59, 0x1F59),
    (0x1F5B, 0x1F5B),
    (0x1F5D, 0x1F5D),
    (0x1F5F, 0x1F5F),
    (0x1F68, 0x1F6F),
    (0x1FB8, 0x1FBB),
    (0x1FC8, 0x1FCB),
    (0x1FD8, 0x1FDB),
    (0x1FE8, 0x1FEC),
    (0x1FF8, 0x1FFB),
    (0x2102, 0x2102),
    (0x2107, 0x2107),
    (0x210B, 0x210D),
    (0x2110, 0x2112),
    (0x2115, 0x2115),
    (0x2119, 0x211D),
    (0x2124, 0x2124),
    (0x2126, 0x2126),
    (0x2128, 0x2128),
    (0x212A, 0x212D),
    (0x2130, 0x2133),
    (0x213E, 0x213F),
    (0x2145, 0x2145),
    (0x2160, 0x216F),
    (0x2183, 0x2183),
    (0x24B6, 0x24CF),
    (0x2C00, 0x2C2F),
    (0x2C60, 0x2C60),
    (0x2C62, 0x2C64),
    (0x2C67, 0x2C67),
    (0x2C69, 0x2C69),
    (0x2C6B, 0x2C6B),
    (0x2C6D, 0x2C70),
    (0x2C72, 0x2C72),
    (0x2C75, 0x2C75),
    (0x2C7E, 0x2C80),
    (0x2C82, 0x2C82),
    (0x2C84, 0x2C84),
    (0x2C86, 0x2C86),
    (0x2C88, 0x2C88),
    (0x2C8A, 0x2C8A),
    (0x2C8C, 0x2C8C),
    (0x2C8E, 0x2C8E),
    (0x2C90, 0x2C90),
    (0x2C92, 0x2C92),
    (0x2C94, 0x2C94),
    (0x2C96, 0x2C96),
    (0x2C98, 0x2C98),
    (0x2C9A, 0x2C9A),
    (0x2C9C, 0x2C9C),
    (0x2C9E, 0x2C9E),
    (0x2CA0, 0x2CA0),
    (0x2CA2, 0x2CA2),
    (0x2CA4, 0x2CA4),
    (0x2CA6, 0x2CA6),
    (0x2CA8, 0x2CA8),
    (0x2CAA, 0x2CAA),
    (0x2CAC, 0x2CAC),
    (0x2CAE, 0x2CAE),
    (0x2CB0, 0x2CB0),
    (0x2CB2, 0x2CB2),
    (0x2CB4, 0x2CB4),
    (0x2CB6, 0x2CB6),
    (0x2CB8, 0x2CB8),
    (0x2CBA, 0x2CBA),
    (0x2CBC, 0x2CBC),
    (0x2CBE, 0x2CBE),
    (0x2CC0, 0x2CC0),
    (0x2CC2, 0x2CC2),
    (0x2CC4, 0x2CC4),
    (0x2CC6, 0x2CC6),
    (0x2CC8, 0x2CC8),
    (0x2CCA, 0x2CCA),
    (0x2CCC, 0x2CCC),
    (0x2CCE, 0x2CCE),
    (0x2CD0, 0x2CD0),
    (0x2CD2, 0x2CD2),
    (0x2CD4, 0x2CD4),
    (0x2CD6, 0x2CD6),
    (0x2CD8, 0x2CD8),
    (0x2CDA, 0x2CDA),
    (0x2CDC, 0x2CDC),
    (0x2CDE, 0x2CDE),
    (0x2CE0, 0x2CE0),
    (0x2CE2, 0x2CE2),
    (0x2CEB, 0x2CEB),
    (0x2CED, 0x2CED),
    (0x2CF2, 0x2CF2),
    (0xA640, 0xA640),
    (0xA642, 0xA642),
    (0xA644, 0xA644),
    (0xA646, 0xA646),
    (0xA648, 0xA648),
    (0xA64A, 0xA64A),
    (0xA64C, 0xA64C),
    (0xA64E, 0xA64E),
    (0xA650, 0xA650),
    (0xA652, 0xA652),
    (0xA654, 0xA654),
    (0xA656, 0xA656),
    (0xA658, 0xA658),
    (0xA65A, 0xA65A),
    (0xA65C, 0xA65C),
    (0xA65E, 0xA65E),
    (0xA660, 0xA660),
    (0xA662, 0xA662),
    (0xA664, 0xA664),
    (0xA666, 0xA666),
    (0xA668, 0xA668),
    (0xA66A, 0xA66A),
    (0xA66C, 0xA66C),
    (0xA680, 0xA680),
    (0xA682, 0xA682),
    (0xA684, 0xA684),
    (0xA686, 0xA686),
    (0xA688, 0xA688),
    (0xA68A, 0xA68A),
    (0xA68C, 0xA68C),
    (0xA68E, 0xA68E),
    (0xA690, 0xA690),
    (0xA692, 0xA692),
    (0xA694, 0xA694),
    (0xA696, 0xA696),
    (0xA698, 0xA698),
    (0xA69A, 0xA69A),
    (0xA722, 0xA722),
    (0xA724, 0xA724),
    (0xA726, 0xA726),
    (0xA728, 0xA728),
    (0xA72A, 0xA72A),
    (0xA72C, 0xA72C),
    (0xA72E, 0xA72E),
    (0xA732, 0xA732),
    (0xA734, 0xA734),
    (0xA736, 0xA736),
    (0xA738, 0xA738),
    (0xA73A, 0xA73A),
    (0xA73C, 0xA73C),
    (0xA73E, 0xA73E),
    (0xA740, 0xA740),
    (0xA742, 0xA742),
    (0xA744, 0xA744),
    (0xA746, 0xA746),
    (0xA748, 0xA748),
    (0xA74A, 0xA74A),
    (0xA74C, 0xA74C),
    (0xA74E, 0xA74E),
    (0xA750, 0xA750),
    (0xA752, 0xA752),
    (0xA754, 0xA754),
    (0xA756, 0xA756),
    (0xA758, 0xA758),
    (0xA75A, 0xA75A),
    (0xA75C, 0xA75C),
    (0xA75E, 0xA75E),
    (0xA760, 0xA760),
    (0xA762, 0xA762),
    (0xA764, 0xA764),
    (0xA766, 0xA766),
    (0xA768, 0xA768),
    (0xA76A, 0xA76A),
    (0xA76C, 0xA76C),
    (0xA76E, 0xA76E),
    (0xA779, 0xA779),
    (0xA77B, 0xA77B),
    (0xA77D, 0xA77E),
    (0xA780, 0xA780),
    (0xA782, 0xA782),
    (0xA784, 0xA784),
    (0xA786, 0xA786),
    (0xA78B, 0xA78B),
    (0xA78D, 0xA78D),
    (0xA790, 0xA790),
    (0xA792, 0xA792),
    (0xA796, 0xA796),
    (0xA798, 0xA798),
    (0xA79A, 0xA79A),
    (0xA79C, 0xA79C),
    (0xA79E, 0xA79E),
    (0xA7A0, 0xA7A0),
    (0xA7A2, 0xA7A2),
    (0xA7A4, 0xA7A4),
    (0xA7A6, 0xA7A6),
    (0xA7A8, 0xA7A8),
    (0xA7AA, 0xA7AE),
    (0xA7B0, 0xA7B4),
    (0xA7B6, 0xA7B6),
    (0xA7B8, 0xA7B8),
    (0xA7BA, 0xA7BA),
    (0xA7BC, 0xA7BC),
    (0xA7BE, 0xA7BE),
    (0xA7C0, 0xA7C0),
    (0xA7C2, 0xA7C2),
    (0xA7C4, 0xA7C7),
    (0xA7C9, 0xA7C9),
    (0xA7CB, 0xA7CC),
    (0xA7CE, 0xA7CE),
    (0xA7D0, 0xA7D0),
    (0xA7D2, 0xA7D2),
    (0xA7D4, 0xA7D4),
    (0xA7D6, 0xA7D6),
    (0xA7D8, 0xA7D8),
    (0xA7DA, 0xA7DA),
    (0xA7DC, 0xA7DC),
    (0xA7F5, 0xA7F5),
    (0xFF21, 0xFF3A),
    (0x10400, 0x10427),
    (0x104B0, 0x104D3),
    (0x10570, 0x1057A),
    (0x1057C, 0x1058A),
    (0x1058C, 0x10592),
    (0x10594, 0x10595),
    (0x10C80, 0x10CB2),
    (0x10D50, 0x10D65),
    (0x118A0, 0x118BF),
    (0x16E40, 0x16E5F),
    (0x16EA0, 0x16EB8),
    (0x1D400, 0x1D419),
    (0x1D434, 0x1D44D),
    (0x1D468, 0x1D481),
    (0x1D49C, 0x1D49C),
    (0x1D49E, 0x1D49F),
    (0x1D4A2, 0x1D4A2),
    (0x1D4A5, 0x1D4A6),
    (0x1D4A9, 0x1D4AC),
    (0x1D4AE, 0x1D4B5),
    (0x1D4D0, 0x1D4E9),
    (0x1D504, 0x1D505),
    (0x1D507, 0x1D50A),
    (0x1D50D, 0x1D514),
    (0x1D516, 0x1D51C),
    (0x1D538, 0x1D539),
    (0x1D53B, 0x1D53E),
    (0x1D540, 0x1D544),
    (0x1D546, 0x1D546),
    (0x1D54A, 0x1D550),
    (0x1D56C, 0x1D585),
    (0x1D5A0, 0x1D5B9),
    (0x1D5D4, 0x1D5ED),
    (0x1D608, 0x1D621),
    (0x1D63C, 0x1D655),
    (0x1D670, 0x1D689),
    (0x1D6A8, 0x1D6C0),
    (0x1D6E2, 0x1D6FA),
    (0x1D71C, 0x1D734),
    (0x1D756, 0x1D76E),
    (0x1D790, 0x1D7A8),
    (0x1D7CA, 0x1D7CA),
    (0x1E900, 0x1E921),
    (0x1F130, 0x1F149),
    (0x1F150, 0x1F169),
    (0x1F170, 0x1F189),
];

/// `\p{Variation_Selector}` (from the test262 fixtures).
pub const VARIATION_SELECTOR: &[(u32, u32)] = &[
    (0x180B, 0x180D),
    (0x180F, 0x180F),
    (0xFE00, 0xFE0F),
    (0xE0100, 0xE01EF),
];

/// `\p{White_Space}` (from the test262 fixtures).
pub const WHITE_SPACE: &[(u32, u32)] = &[
    (0x0009, 0x000D),
    (0x0020, 0x0020),
    (0x0085, 0x0085),
    (0x00A0, 0x00A0),
    (0x1680, 0x1680),
    (0x2000, 0x200A),
    (0x2028, 0x2029),
    (0x202F, 0x202F),
    (0x205F, 0x205F),
    (0x3000, 0x3000),
];

/// `\p{XID_Continue}` (from the test262 fixtures).
pub const XID_CONTINUE: &[(u32, u32)] = &[
    (0x0030, 0x0039),
    (0x0041, 0x005A),
    (0x005F, 0x005F),
    (0x0061, 0x007A),
    (0x00AA, 0x00AA),
    (0x00B5, 0x00B5),
    (0x00B7, 0x00B7),
    (0x00BA, 0x00BA),
    (0x00C0, 0x00D6),
    (0x00D8, 0x00F6),
    (0x00F8, 0x02C1),
    (0x02C6, 0x02D1),
    (0x02E0, 0x02E4),
    (0x02EC, 0x02EC),
    (0x02EE, 0x02EE),
    (0x0300, 0x0374),
    (0x0376, 0x0377),
    (0x037B, 0x037D),
    (0x037F, 0x037F),
    (0x0386, 0x038A),
    (0x038C, 0x038C),
    (0x038E, 0x03A1),
    (0x03A3, 0x03F5),
    (0x03F7, 0x0481),
    (0x0483, 0x0487),
    (0x048A, 0x052F),
    (0x0531, 0x0556),
    (0x0559, 0x0559),
    (0x0560, 0x0588),
    (0x0591, 0x05BD),
    (0x05BF, 0x05BF),
    (0x05C1, 0x05C2),
    (0x05C4, 0x05C5),
    (0x05C7, 0x05C7),
    (0x05D0, 0x05EA),
    (0x05EF, 0x05F2),
    (0x0610, 0x061A),
    (0x0620, 0x0669),
    (0x066E, 0x06D3),
    (0x06D5, 0x06DC),
    (0x06DF, 0x06E8),
    (0x06EA, 0x06FC),
    (0x06FF, 0x06FF),
    (0x0710, 0x074A),
    (0x074D, 0x07B1),
    (0x07C0, 0x07F5),
    (0x07FA, 0x07FA),
    (0x07FD, 0x07FD),
    (0x0800, 0x082D),
    (0x0840, 0x085B),
    (0x0860, 0x086A),
    (0x0870, 0x0887),
    (0x0889, 0x088F),
    (0x0897, 0x08E1),
    (0x08E3, 0x0963),
    (0x0966, 0x096F),
    (0x0971, 0x0983),
    (0x0985, 0x098C),
    (0x098F, 0x0990),
    (0x0993, 0x09A8),
    (0x09AA, 0x09B0),
    (0x09B2, 0x09B2),
    (0x09B6, 0x09B9),
    (0x09BC, 0x09C4),
    (0x09C7, 0x09C8),
    (0x09CB, 0x09CE),
    (0x09D7, 0x09D7),
    (0x09DC, 0x09DD),
    (0x09DF, 0x09E3),
    (0x09E6, 0x09F1),
    (0x09FC, 0x09FC),
    (0x09FE, 0x09FE),
    (0x0A01, 0x0A03),
    (0x0A05, 0x0A0A),
    (0x0A0F, 0x0A10),
    (0x0A13, 0x0A28),
    (0x0A2A, 0x0A30),
    (0x0A32, 0x0A33),
    (0x0A35, 0x0A36),
    (0x0A38, 0x0A39),
    (0x0A3C, 0x0A3C),
    (0x0A3E, 0x0A42),
    (0x0A47, 0x0A48),
    (0x0A4B, 0x0A4D),
    (0x0A51, 0x0A51),
    (0x0A59, 0x0A5C),
    (0x0A5E, 0x0A5E),
    (0x0A66, 0x0A75),
    (0x0A81, 0x0A83),
    (0x0A85, 0x0A8D),
    (0x0A8F, 0x0A91),
    (0x0A93, 0x0AA8),
    (0x0AAA, 0x0AB0),
    (0x0AB2, 0x0AB3),
    (0x0AB5, 0x0AB9),
    (0x0ABC, 0x0AC5),
    (0x0AC7, 0x0AC9),
    (0x0ACB, 0x0ACD),
    (0x0AD0, 0x0AD0),
    (0x0AE0, 0x0AE3),
    (0x0AE6, 0x0AEF),
    (0x0AF9, 0x0AFF),
    (0x0B01, 0x0B03),
    (0x0B05, 0x0B0C),
    (0x0B0F, 0x0B10),
    (0x0B13, 0x0B28),
    (0x0B2A, 0x0B30),
    (0x0B32, 0x0B33),
    (0x0B35, 0x0B39),
    (0x0B3C, 0x0B44),
    (0x0B47, 0x0B48),
    (0x0B4B, 0x0B4D),
    (0x0B55, 0x0B57),
    (0x0B5C, 0x0B5D),
    (0x0B5F, 0x0B63),
    (0x0B66, 0x0B6F),
    (0x0B71, 0x0B71),
    (0x0B82, 0x0B83),
    (0x0B85, 0x0B8A),
    (0x0B8E, 0x0B90),
    (0x0B92, 0x0B95),
    (0x0B99, 0x0B9A),
    (0x0B9C, 0x0B9C),
    (0x0B9E, 0x0B9F),
    (0x0BA3, 0x0BA4),
    (0x0BA8, 0x0BAA),
    (0x0BAE, 0x0BB9),
    (0x0BBE, 0x0BC2),
    (0x0BC6, 0x0BC8),
    (0x0BCA, 0x0BCD),
    (0x0BD0, 0x0BD0),
    (0x0BD7, 0x0BD7),
    (0x0BE6, 0x0BEF),
    (0x0C00, 0x0C0C),
    (0x0C0E, 0x0C10),
    (0x0C12, 0x0C28),
    (0x0C2A, 0x0C39),
    (0x0C3C, 0x0C44),
    (0x0C46, 0x0C48),
    (0x0C4A, 0x0C4D),
    (0x0C55, 0x0C56),
    (0x0C58, 0x0C5A),
    (0x0C5C, 0x0C5D),
    (0x0C60, 0x0C63),
    (0x0C66, 0x0C6F),
    (0x0C80, 0x0C83),
    (0x0C85, 0x0C8C),
    (0x0C8E, 0x0C90),
    (0x0C92, 0x0CA8),
    (0x0CAA, 0x0CB3),
    (0x0CB5, 0x0CB9),
    (0x0CBC, 0x0CC4),
    (0x0CC6, 0x0CC8),
    (0x0CCA, 0x0CCD),
    (0x0CD5, 0x0CD6),
    (0x0CDC, 0x0CDE),
    (0x0CE0, 0x0CE3),
    (0x0CE6, 0x0CEF),
    (0x0CF1, 0x0CF3),
    (0x0D00, 0x0D0C),
    (0x0D0E, 0x0D10),
    (0x0D12, 0x0D44),
    (0x0D46, 0x0D48),
    (0x0D4A, 0x0D4E),
    (0x0D54, 0x0D57),
    (0x0D5F, 0x0D63),
    (0x0D66, 0x0D6F),
    (0x0D7A, 0x0D7F),
    (0x0D81, 0x0D83),
    (0x0D85, 0x0D96),
    (0x0D9A, 0x0DB1),
    (0x0DB3, 0x0DBB),
    (0x0DBD, 0x0DBD),
    (0x0DC0, 0x0DC6),
    (0x0DCA, 0x0DCA),
    (0x0DCF, 0x0DD4),
    (0x0DD6, 0x0DD6),
    (0x0DD8, 0x0DDF),
    (0x0DE6, 0x0DEF),
    (0x0DF2, 0x0DF3),
    (0x0E01, 0x0E3A),
    (0x0E40, 0x0E4E),
    (0x0E50, 0x0E59),
    (0x0E81, 0x0E82),
    (0x0E84, 0x0E84),
    (0x0E86, 0x0E8A),
    (0x0E8C, 0x0EA3),
    (0x0EA5, 0x0EA5),
    (0x0EA7, 0x0EBD),
    (0x0EC0, 0x0EC4),
    (0x0EC6, 0x0EC6),
    (0x0EC8, 0x0ECE),
    (0x0ED0, 0x0ED9),
    (0x0EDC, 0x0EDF),
    (0x0F00, 0x0F00),
    (0x0F18, 0x0F19),
    (0x0F20, 0x0F29),
    (0x0F35, 0x0F35),
    (0x0F37, 0x0F37),
    (0x0F39, 0x0F39),
    (0x0F3E, 0x0F47),
    (0x0F49, 0x0F6C),
    (0x0F71, 0x0F84),
    (0x0F86, 0x0F97),
    (0x0F99, 0x0FBC),
    (0x0FC6, 0x0FC6),
    (0x1000, 0x1049),
    (0x1050, 0x109D),
    (0x10A0, 0x10C5),
    (0x10C7, 0x10C7),
    (0x10CD, 0x10CD),
    (0x10D0, 0x10FA),
    (0x10FC, 0x1248),
    (0x124A, 0x124D),
    (0x1250, 0x1256),
    (0x1258, 0x1258),
    (0x125A, 0x125D),
    (0x1260, 0x1288),
    (0x128A, 0x128D),
    (0x1290, 0x12B0),
    (0x12B2, 0x12B5),
    (0x12B8, 0x12BE),
    (0x12C0, 0x12C0),
    (0x12C2, 0x12C5),
    (0x12C8, 0x12D6),
    (0x12D8, 0x1310),
    (0x1312, 0x1315),
    (0x1318, 0x135A),
    (0x135D, 0x135F),
    (0x1369, 0x1371),
    (0x1380, 0x138F),
    (0x13A0, 0x13F5),
    (0x13F8, 0x13FD),
    (0x1401, 0x166C),
    (0x166F, 0x167F),
    (0x1681, 0x169A),
    (0x16A0, 0x16EA),
    (0x16EE, 0x16F8),
    (0x1700, 0x1715),
    (0x171F, 0x1734),
    (0x1740, 0x1753),
    (0x1760, 0x176C),
    (0x176E, 0x1770),
    (0x1772, 0x1773),
    (0x1780, 0x17D3),
    (0x17D7, 0x17D7),
    (0x17DC, 0x17DD),
    (0x17E0, 0x17E9),
    (0x180B, 0x180D),
    (0x180F, 0x1819),
    (0x1820, 0x1878),
    (0x1880, 0x18AA),
    (0x18B0, 0x18F5),
    (0x1900, 0x191E),
    (0x1920, 0x192B),
    (0x1930, 0x193B),
    (0x1946, 0x196D),
    (0x1970, 0x1974),
    (0x1980, 0x19AB),
    (0x19B0, 0x19C9),
    (0x19D0, 0x19DA),
    (0x1A00, 0x1A1B),
    (0x1A20, 0x1A5E),
    (0x1A60, 0x1A7C),
    (0x1A7F, 0x1A89),
    (0x1A90, 0x1A99),
    (0x1AA7, 0x1AA7),
    (0x1AB0, 0x1ABD),
    (0x1ABF, 0x1ADD),
    (0x1AE0, 0x1AEB),
    (0x1B00, 0x1B4C),
    (0x1B50, 0x1B59),
    (0x1B6B, 0x1B73),
    (0x1B80, 0x1BF3),
    (0x1C00, 0x1C37),
    (0x1C40, 0x1C49),
    (0x1C4D, 0x1C7D),
    (0x1C80, 0x1C8A),
    (0x1C90, 0x1CBA),
    (0x1CBD, 0x1CBF),
    (0x1CD0, 0x1CD2),
    (0x1CD4, 0x1CFA),
    (0x1D00, 0x1F15),
    (0x1F18, 0x1F1D),
    (0x1F20, 0x1F45),
    (0x1F48, 0x1F4D),
    (0x1F50, 0x1F57),
    (0x1F59, 0x1F59),
    (0x1F5B, 0x1F5B),
    (0x1F5D, 0x1F5D),
    (0x1F5F, 0x1F7D),
    (0x1F80, 0x1FB4),
    (0x1FB6, 0x1FBC),
    (0x1FBE, 0x1FBE),
    (0x1FC2, 0x1FC4),
    (0x1FC6, 0x1FCC),
    (0x1FD0, 0x1FD3),
    (0x1FD6, 0x1FDB),
    (0x1FE0, 0x1FEC),
    (0x1FF2, 0x1FF4),
    (0x1FF6, 0x1FFC),
    (0x200C, 0x200D),
    (0x203F, 0x2040),
    (0x2054, 0x2054),
    (0x2071, 0x2071),
    (0x207F, 0x207F),
    (0x2090, 0x209C),
    (0x20D0, 0x20DC),
    (0x20E1, 0x20E1),
    (0x20E5, 0x20F0),
    (0x2102, 0x2102),
    (0x2107, 0x2107),
    (0x210A, 0x2113),
    (0x2115, 0x2115),
    (0x2118, 0x211D),
    (0x2124, 0x2124),
    (0x2126, 0x2126),
    (0x2128, 0x2128),
    (0x212A, 0x2139),
    (0x213C, 0x213F),
    (0x2145, 0x2149),
    (0x214E, 0x214E),
    (0x2160, 0x2188),
    (0x2C00, 0x2CE4),
    (0x2CEB, 0x2CF3),
    (0x2D00, 0x2D25),
    (0x2D27, 0x2D27),
    (0x2D2D, 0x2D2D),
    (0x2D30, 0x2D67),
    (0x2D6F, 0x2D6F),
    (0x2D7F, 0x2D96),
    (0x2DA0, 0x2DA6),
    (0x2DA8, 0x2DAE),
    (0x2DB0, 0x2DB6),
    (0x2DB8, 0x2DBE),
    (0x2DC0, 0x2DC6),
    (0x2DC8, 0x2DCE),
    (0x2DD0, 0x2DD6),
    (0x2DD8, 0x2DDE),
    (0x2DE0, 0x2DFF),
    (0x3005, 0x3007),
    (0x3021, 0x302F),
    (0x3031, 0x3035),
    (0x3038, 0x303C),
    (0x3041, 0x3096),
    (0x3099, 0x309A),
    (0x309D, 0x309F),
    (0x30A1, 0x30FF),
    (0x3105, 0x312F),
    (0x3131, 0x318E),
    (0x31A0, 0x31BF),
    (0x31F0, 0x31FF),
    (0x3400, 0x4DBF),
    (0x4E00, 0xA48C),
    (0xA4D0, 0xA4FD),
    (0xA500, 0xA60C),
    (0xA610, 0xA62B),
    (0xA640, 0xA66F),
    (0xA674, 0xA67D),
    (0xA67F, 0xA6F1),
    (0xA717, 0xA71F),
    (0xA722, 0xA788),
    (0xA78B, 0xA7DC),
    (0xA7F1, 0xA827),
    (0xA82C, 0xA82C),
    (0xA840, 0xA873),
    (0xA880, 0xA8C5),
    (0xA8D0, 0xA8D9),
    (0xA8E0, 0xA8F7),
    (0xA8FB, 0xA8FB),
    (0xA8FD, 0xA92D),
    (0xA930, 0xA953),
    (0xA960, 0xA97C),
    (0xA980, 0xA9C0),
    (0xA9CF, 0xA9D9),
    (0xA9E0, 0xA9FE),
    (0xAA00, 0xAA36),
    (0xAA40, 0xAA4D),
    (0xAA50, 0xAA59),
    (0xAA60, 0xAA76),
    (0xAA7A, 0xAAC2),
    (0xAADB, 0xAADD),
    (0xAAE0, 0xAAEF),
    (0xAAF2, 0xAAF6),
    (0xAB01, 0xAB06),
    (0xAB09, 0xAB0E),
    (0xAB11, 0xAB16),
    (0xAB20, 0xAB26),
    (0xAB28, 0xAB2E),
    (0xAB30, 0xAB5A),
    (0xAB5C, 0xAB69),
    (0xAB70, 0xABEA),
    (0xABEC, 0xABED),
    (0xABF0, 0xABF9),
    (0xAC00, 0xD7A3),
    (0xD7B0, 0xD7C6),
    (0xD7CB, 0xD7FB),
    (0xF900, 0xFA6D),
    (0xFA70, 0xFAD9),
    (0xFB00, 0xFB06),
    (0xFB13, 0xFB17),
    (0xFB1D, 0xFB28),
    (0xFB2A, 0xFB36),
    (0xFB38, 0xFB3C),
    (0xFB3E, 0xFB3E),
    (0xFB40, 0xFB41),
    (0xFB43, 0xFB44),
    (0xFB46, 0xFBB1),
    (0xFBD3, 0xFC5D),
    (0xFC64, 0xFD3D),
    (0xFD50, 0xFD8F),
    (0xFD92, 0xFDC7),
    (0xFDF0, 0xFDF9),
    (0xFE00, 0xFE0F),
    (0xFE20, 0xFE2F),
    (0xFE33, 0xFE34),
    (0xFE4D, 0xFE4F),
    (0xFE71, 0xFE71),
    (0xFE73, 0xFE73),
    (0xFE77, 0xFE77),
    (0xFE79, 0xFE79),
    (0xFE7B, 0xFE7B),
    (0xFE7D, 0xFE7D),
    (0xFE7F, 0xFEFC),
    (0xFF10, 0xFF19),
    (0xFF21, 0xFF3A),
    (0xFF3F, 0xFF3F),
    (0xFF41, 0xFF5A),
    (0xFF65, 0xFFBE),
    (0xFFC2, 0xFFC7),
    (0xFFCA, 0xFFCF),
    (0xFFD2, 0xFFD7),
    (0xFFDA, 0xFFDC),
    (0x10000, 0x1000B),
    (0x1000D, 0x10026),
    (0x10028, 0x1003A),
    (0x1003C, 0x1003D),
    (0x1003F, 0x1004D),
    (0x10050, 0x1005D),
    (0x10080, 0x100FA),
    (0x10140, 0x10174),
    (0x101FD, 0x101FD),
    (0x10280, 0x1029C),
    (0x102A0, 0x102D0),
    (0x102E0, 0x102E0),
    (0x10300, 0x1031F),
    (0x1032D, 0x1034A),
    (0x10350, 0x1037A),
    (0x10380, 0x1039D),
    (0x103A0, 0x103C3),
    (0x103C8, 0x103CF),
    (0x103D1, 0x103D5),
    (0x10400, 0x1049D),
    (0x104A0, 0x104A9),
    (0x104B0, 0x104D3),
    (0x104D8, 0x104FB),
    (0x10500, 0x10527),
    (0x10530, 0x10563),
    (0x10570, 0x1057A),
    (0x1057C, 0x1058A),
    (0x1058C, 0x10592),
    (0x10594, 0x10595),
    (0x10597, 0x105A1),
    (0x105A3, 0x105B1),
    (0x105B3, 0x105B9),
    (0x105BB, 0x105BC),
    (0x105C0, 0x105F3),
    (0x10600, 0x10736),
    (0x10740, 0x10755),
    (0x10760, 0x10767),
    (0x10780, 0x10785),
    (0x10787, 0x107B0),
    (0x107B2, 0x107BA),
    (0x10800, 0x10805),
    (0x10808, 0x10808),
    (0x1080A, 0x10835),
    (0x10837, 0x10838),
    (0x1083C, 0x1083C),
    (0x1083F, 0x10855),
    (0x10860, 0x10876),
    (0x10880, 0x1089E),
    (0x108E0, 0x108F2),
    (0x108F4, 0x108F5),
    (0x10900, 0x10915),
    (0x10920, 0x10939),
    (0x10940, 0x10959),
    (0x10980, 0x109B7),
    (0x109BE, 0x109BF),
    (0x10A00, 0x10A03),
    (0x10A05, 0x10A06),
    (0x10A0C, 0x10A13),
    (0x10A15, 0x10A17),
    (0x10A19, 0x10A35),
    (0x10A38, 0x10A3A),
    (0x10A3F, 0x10A3F),
    (0x10A60, 0x10A7C),
    (0x10A80, 0x10A9C),
    (0x10AC0, 0x10AC7),
    (0x10AC9, 0x10AE6),
    (0x10B00, 0x10B35),
    (0x10B40, 0x10B55),
    (0x10B60, 0x10B72),
    (0x10B80, 0x10B91),
    (0x10C00, 0x10C48),
    (0x10C80, 0x10CB2),
    (0x10CC0, 0x10CF2),
    (0x10D00, 0x10D27),
    (0x10D30, 0x10D39),
    (0x10D40, 0x10D65),
    (0x10D69, 0x10D6D),
    (0x10D6F, 0x10D85),
    (0x10E80, 0x10EA9),
    (0x10EAB, 0x10EAC),
    (0x10EB0, 0x10EB1),
    (0x10EC2, 0x10EC7),
    (0x10EFA, 0x10F1C),
    (0x10F27, 0x10F27),
    (0x10F30, 0x10F50),
    (0x10F70, 0x10F85),
    (0x10FB0, 0x10FC4),
    (0x10FE0, 0x10FF6),
    (0x11000, 0x11046),
    (0x11066, 0x11075),
    (0x1107F, 0x110BA),
    (0x110C2, 0x110C2),
    (0x110D0, 0x110E8),
    (0x110F0, 0x110F9),
    (0x11100, 0x11134),
    (0x11136, 0x1113F),
    (0x11144, 0x11147),
    (0x11150, 0x11173),
    (0x11176, 0x11176),
    (0x11180, 0x111C4),
    (0x111C9, 0x111CC),
    (0x111CE, 0x111DA),
    (0x111DC, 0x111DC),
    (0x11200, 0x11211),
    (0x11213, 0x11237),
    (0x1123E, 0x11241),
    (0x11280, 0x11286),
    (0x11288, 0x11288),
    (0x1128A, 0x1128D),
    (0x1128F, 0x1129D),
    (0x1129F, 0x112A8),
    (0x112B0, 0x112EA),
    (0x112F0, 0x112F9),
    (0x11300, 0x11303),
    (0x11305, 0x1130C),
    (0x1130F, 0x11310),
    (0x11313, 0x11328),
    (0x1132A, 0x11330),
    (0x11332, 0x11333),
    (0x11335, 0x11339),
    (0x1133B, 0x11344),
    (0x11347, 0x11348),
    (0x1134B, 0x1134D),
    (0x11350, 0x11350),
    (0x11357, 0x11357),
    (0x1135D, 0x11363),
    (0x11366, 0x1136C),
    (0x11370, 0x11374),
    (0x11380, 0x11389),
    (0x1138B, 0x1138B),
    (0x1138E, 0x1138E),
    (0x11390, 0x113B5),
    (0x113B7, 0x113C0),
    (0x113C2, 0x113C2),
    (0x113C5, 0x113C5),
    (0x113C7, 0x113CA),
    (0x113CC, 0x113D3),
    (0x113E1, 0x113E2),
    (0x11400, 0x1144A),
    (0x11450, 0x11459),
    (0x1145E, 0x11461),
    (0x11480, 0x114C5),
    (0x114C7, 0x114C7),
    (0x114D0, 0x114D9),
    (0x11580, 0x115B5),
    (0x115B8, 0x115C0),
    (0x115D8, 0x115DD),
    (0x11600, 0x11640),
    (0x11644, 0x11644),
    (0x11650, 0x11659),
    (0x11680, 0x116B8),
    (0x116C0, 0x116C9),
    (0x116D0, 0x116E3),
    (0x11700, 0x1171A),
    (0x1171D, 0x1172B),
    (0x11730, 0x11739),
    (0x11740, 0x11746),
    (0x11800, 0x1183A),
    (0x118A0, 0x118E9),
    (0x118FF, 0x11906),
    (0x11909, 0x11909),
    (0x1190C, 0x11913),
    (0x11915, 0x11916),
    (0x11918, 0x11935),
    (0x11937, 0x11938),
    (0x1193B, 0x11943),
    (0x11950, 0x11959),
    (0x119A0, 0x119A7),
    (0x119AA, 0x119D7),
    (0x119DA, 0x119E1),
    (0x119E3, 0x119E4),
    (0x11A00, 0x11A3E),
    (0x11A47, 0x11A47),
    (0x11A50, 0x11A99),
    (0x11A9D, 0x11A9D),
    (0x11AB0, 0x11AF8),
    (0x11B60, 0x11B67),
    (0x11BC0, 0x11BE0),
    (0x11BF0, 0x11BF9),
    (0x11C00, 0x11C08),
    (0x11C0A, 0x11C36),
    (0x11C38, 0x11C40),
    (0x11C50, 0x11C59),
    (0x11C72, 0x11C8F),
    (0x11C92, 0x11CA7),
    (0x11CA9, 0x11CB6),
    (0x11D00, 0x11D06),
    (0x11D08, 0x11D09),
    (0x11D0B, 0x11D36),
    (0x11D3A, 0x11D3A),
    (0x11D3C, 0x11D3D),
    (0x11D3F, 0x11D47),
    (0x11D50, 0x11D59),
    (0x11D60, 0x11D65),
    (0x11D67, 0x11D68),
    (0x11D6A, 0x11D8E),
    (0x11D90, 0x11D91),
    (0x11D93, 0x11D98),
    (0x11DA0, 0x11DA9),
    (0x11DB0, 0x11DDB),
    (0x11DE0, 0x11DE9),
    (0x11EE0, 0x11EF6),
    (0x11F00, 0x11F10),
    (0x11F12, 0x11F3A),
    (0x11F3E, 0x11F42),
    (0x11F50, 0x11F5A),
    (0x11FB0, 0x11FB0),
    (0x12000, 0x12399),
    (0x12400, 0x1246E),
    (0x12480, 0x12543),
    (0x12F90, 0x12FF0),
    (0x13000, 0x1342F),
    (0x13440, 0x13455),
    (0x13460, 0x143FA),
    (0x14400, 0x14646),
    (0x16100, 0x16139),
    (0x16800, 0x16A38),
    (0x16A40, 0x16A5E),
    (0x16A60, 0x16A69),
    (0x16A70, 0x16ABE),
    (0x16AC0, 0x16AC9),
    (0x16AD0, 0x16AED),
    (0x16AF0, 0x16AF4),
    (0x16B00, 0x16B36),
    (0x16B40, 0x16B43),
    (0x16B50, 0x16B59),
    (0x16B63, 0x16B77),
    (0x16B7D, 0x16B8F),
    (0x16D40, 0x16D6C),
    (0x16D70, 0x16D79),
    (0x16E40, 0x16E7F),
    (0x16EA0, 0x16EB8),
    (0x16EBB, 0x16ED3),
    (0x16F00, 0x16F4A),
    (0x16F4F, 0x16F87),
    (0x16F8F, 0x16F9F),
    (0x16FE0, 0x16FE1),
    (0x16FE3, 0x16FE4),
    (0x16FF0, 0x16FF6),
    (0x17000, 0x18CD5),
    (0x18CFF, 0x18D1E),
    (0x18D80, 0x18DF2),
    (0x1AFF0, 0x1AFF3),
    (0x1AFF5, 0x1AFFB),
    (0x1AFFD, 0x1AFFE),
    (0x1B000, 0x1B122),
    (0x1B132, 0x1B132),
    (0x1B150, 0x1B152),
    (0x1B155, 0x1B155),
    (0x1B164, 0x1B167),
    (0x1B170, 0x1B2FB),
    (0x1BC00, 0x1BC6A),
    (0x1BC70, 0x1BC7C),
    (0x1BC80, 0x1BC88),
    (0x1BC90, 0x1BC99),
    (0x1BC9D, 0x1BC9E),
    (0x1CCF0, 0x1CCF9),
    (0x1CF00, 0x1CF2D),
    (0x1CF30, 0x1CF46),
    (0x1D165, 0x1D169),
    (0x1D16D, 0x1D172),
    (0x1D17B, 0x1D182),
    (0x1D185, 0x1D18B),
    (0x1D1AA, 0x1D1AD),
    (0x1D242, 0x1D244),
    (0x1D400, 0x1D454),
    (0x1D456, 0x1D49C),
    (0x1D49E, 0x1D49F),
    (0x1D4A2, 0x1D4A2),
    (0x1D4A5, 0x1D4A6),
    (0x1D4A9, 0x1D4AC),
    (0x1D4AE, 0x1D4B9),
    (0x1D4BB, 0x1D4BB),
    (0x1D4BD, 0x1D4C3),
    (0x1D4C5, 0x1D505),
    (0x1D507, 0x1D50A),
    (0x1D50D, 0x1D514),
    (0x1D516, 0x1D51C),
    (0x1D51E, 0x1D539),
    (0x1D53B, 0x1D53E),
    (0x1D540, 0x1D544),
    (0x1D546, 0x1D546),
    (0x1D54A, 0x1D550),
    (0x1D552, 0x1D6A5),
    (0x1D6A8, 0x1D6C0),
    (0x1D6C2, 0x1D6DA),
    (0x1D6DC, 0x1D6FA),
    (0x1D6FC, 0x1D714),
    (0x1D716, 0x1D734),
    (0x1D736, 0x1D74E),
    (0x1D750, 0x1D76E),
    (0x1D770, 0x1D788),
    (0x1D78A, 0x1D7A8),
    (0x1D7AA, 0x1D7C2),
    (0x1D7C4, 0x1D7CB),
    (0x1D7CE, 0x1D7FF),
    (0x1DA00, 0x1DA36),
    (0x1DA3B, 0x1DA6C),
    (0x1DA75, 0x1DA75),
    (0x1DA84, 0x1DA84),
    (0x1DA9B, 0x1DA9F),
    (0x1DAA1, 0x1DAAF),
    (0x1DF00, 0x1DF1E),
    (0x1DF25, 0x1DF2A),
    (0x1E000, 0x1E006),
    (0x1E008, 0x1E018),
    (0x1E01B, 0x1E021),
    (0x1E023, 0x1E024),
    (0x1E026, 0x1E02A),
    (0x1E030, 0x1E06D),
    (0x1E08F, 0x1E08F),
    (0x1E100, 0x1E12C),
    (0x1E130, 0x1E13D),
    (0x1E140, 0x1E149),
    (0x1E14E, 0x1E14E),
    (0x1E290, 0x1E2AE),
    (0x1E2C0, 0x1E2F9),
    (0x1E4D0, 0x1E4F9),
    (0x1E5D0, 0x1E5FA),
    (0x1E6C0, 0x1E6DE),
    (0x1E6E0, 0x1E6F5),
    (0x1E6FE, 0x1E6FF),
    (0x1E7E0, 0x1E7E6),
    (0x1E7E8, 0x1E7EB),
    (0x1E7ED, 0x1E7EE),
    (0x1E7F0, 0x1E7FE),
    (0x1E800, 0x1E8C4),
    (0x1E8D0, 0x1E8D6),
    (0x1E900, 0x1E94B),
    (0x1E950, 0x1E959),
    (0x1EE00, 0x1EE03),
    (0x1EE05, 0x1EE1F),
    (0x1EE21, 0x1EE22),
    (0x1EE24, 0x1EE24),
    (0x1EE27, 0x1EE27),
    (0x1EE29, 0x1EE32),
    (0x1EE34, 0x1EE37),
    (0x1EE39, 0x1EE39),
    (0x1EE3B, 0x1EE3B),
    (0x1EE42, 0x1EE42),
    (0x1EE47, 0x1EE47),
    (0x1EE49, 0x1EE49),
    (0x1EE4B, 0x1EE4B),
    (0x1EE4D, 0x1EE4F),
    (0x1EE51, 0x1EE52),
    (0x1EE54, 0x1EE54),
    (0x1EE57, 0x1EE57),
    (0x1EE59, 0x1EE59),
    (0x1EE5B, 0x1EE5B),
    (0x1EE5D, 0x1EE5D),
    (0x1EE5F, 0x1EE5F),
    (0x1EE61, 0x1EE62),
    (0x1EE64, 0x1EE64),
    (0x1EE67, 0x1EE6A),
    (0x1EE6C, 0x1EE72),
    (0x1EE74, 0x1EE77),
    (0x1EE79, 0x1EE7C),
    (0x1EE7E, 0x1EE7E),
    (0x1EE80, 0x1EE89),
    (0x1EE8B, 0x1EE9B),
    (0x1EEA1, 0x1EEA3),
    (0x1EEA5, 0x1EEA9),
    (0x1EEAB, 0x1EEBB),
    (0x1FBF0, 0x1FBF9),
    (0x20000, 0x2A6DF),
    (0x2A700, 0x2B81D),
    (0x2B820, 0x2CEAD),
    (0x2CEB0, 0x2EBE0),
    (0x2EBF0, 0x2EE5D),
    (0x2F800, 0x2FA1D),
    (0x30000, 0x3134A),
    (0x31350, 0x33479),
    (0xE0100, 0xE01EF),
];

/// `\p{XID_Start}` (from the test262 fixtures).
pub const XID_START: &[(u32, u32)] = &[
    (0x0041, 0x005A),
    (0x0061, 0x007A),
    (0x00AA, 0x00AA),
    (0x00B5, 0x00B5),
    (0x00BA, 0x00BA),
    (0x00C0, 0x00D6),
    (0x00D8, 0x00F6),
    (0x00F8, 0x02C1),
    (0x02C6, 0x02D1),
    (0x02E0, 0x02E4),
    (0x02EC, 0x02EC),
    (0x02EE, 0x02EE),
    (0x0370, 0x0374),
    (0x0376, 0x0377),
    (0x037B, 0x037D),
    (0x037F, 0x037F),
    (0x0386, 0x0386),
    (0x0388, 0x038A),
    (0x038C, 0x038C),
    (0x038E, 0x03A1),
    (0x03A3, 0x03F5),
    (0x03F7, 0x0481),
    (0x048A, 0x052F),
    (0x0531, 0x0556),
    (0x0559, 0x0559),
    (0x0560, 0x0588),
    (0x05D0, 0x05EA),
    (0x05EF, 0x05F2),
    (0x0620, 0x064A),
    (0x066E, 0x066F),
    (0x0671, 0x06D3),
    (0x06D5, 0x06D5),
    (0x06E5, 0x06E6),
    (0x06EE, 0x06EF),
    (0x06FA, 0x06FC),
    (0x06FF, 0x06FF),
    (0x0710, 0x0710),
    (0x0712, 0x072F),
    (0x074D, 0x07A5),
    (0x07B1, 0x07B1),
    (0x07CA, 0x07EA),
    (0x07F4, 0x07F5),
    (0x07FA, 0x07FA),
    (0x0800, 0x0815),
    (0x081A, 0x081A),
    (0x0824, 0x0824),
    (0x0828, 0x0828),
    (0x0840, 0x0858),
    (0x0860, 0x086A),
    (0x0870, 0x0887),
    (0x0889, 0x088F),
    (0x08A0, 0x08C9),
    (0x0904, 0x0939),
    (0x093D, 0x093D),
    (0x0950, 0x0950),
    (0x0958, 0x0961),
    (0x0971, 0x0980),
    (0x0985, 0x098C),
    (0x098F, 0x0990),
    (0x0993, 0x09A8),
    (0x09AA, 0x09B0),
    (0x09B2, 0x09B2),
    (0x09B6, 0x09B9),
    (0x09BD, 0x09BD),
    (0x09CE, 0x09CE),
    (0x09DC, 0x09DD),
    (0x09DF, 0x09E1),
    (0x09F0, 0x09F1),
    (0x09FC, 0x09FC),
    (0x0A05, 0x0A0A),
    (0x0A0F, 0x0A10),
    (0x0A13, 0x0A28),
    (0x0A2A, 0x0A30),
    (0x0A32, 0x0A33),
    (0x0A35, 0x0A36),
    (0x0A38, 0x0A39),
    (0x0A59, 0x0A5C),
    (0x0A5E, 0x0A5E),
    (0x0A72, 0x0A74),
    (0x0A85, 0x0A8D),
    (0x0A8F, 0x0A91),
    (0x0A93, 0x0AA8),
    (0x0AAA, 0x0AB0),
    (0x0AB2, 0x0AB3),
    (0x0AB5, 0x0AB9),
    (0x0ABD, 0x0ABD),
    (0x0AD0, 0x0AD0),
    (0x0AE0, 0x0AE1),
    (0x0AF9, 0x0AF9),
    (0x0B05, 0x0B0C),
    (0x0B0F, 0x0B10),
    (0x0B13, 0x0B28),
    (0x0B2A, 0x0B30),
    (0x0B32, 0x0B33),
    (0x0B35, 0x0B39),
    (0x0B3D, 0x0B3D),
    (0x0B5C, 0x0B5D),
    (0x0B5F, 0x0B61),
    (0x0B71, 0x0B71),
    (0x0B83, 0x0B83),
    (0x0B85, 0x0B8A),
    (0x0B8E, 0x0B90),
    (0x0B92, 0x0B95),
    (0x0B99, 0x0B9A),
    (0x0B9C, 0x0B9C),
    (0x0B9E, 0x0B9F),
    (0x0BA3, 0x0BA4),
    (0x0BA8, 0x0BAA),
    (0x0BAE, 0x0BB9),
    (0x0BD0, 0x0BD0),
    (0x0C05, 0x0C0C),
    (0x0C0E, 0x0C10),
    (0x0C12, 0x0C28),
    (0x0C2A, 0x0C39),
    (0x0C3D, 0x0C3D),
    (0x0C58, 0x0C5A),
    (0x0C5C, 0x0C5D),
    (0x0C60, 0x0C61),
    (0x0C80, 0x0C80),
    (0x0C85, 0x0C8C),
    (0x0C8E, 0x0C90),
    (0x0C92, 0x0CA8),
    (0x0CAA, 0x0CB3),
    (0x0CB5, 0x0CB9),
    (0x0CBD, 0x0CBD),
    (0x0CDC, 0x0CDE),
    (0x0CE0, 0x0CE1),
    (0x0CF1, 0x0CF2),
    (0x0D04, 0x0D0C),
    (0x0D0E, 0x0D10),
    (0x0D12, 0x0D3A),
    (0x0D3D, 0x0D3D),
    (0x0D4E, 0x0D4E),
    (0x0D54, 0x0D56),
    (0x0D5F, 0x0D61),
    (0x0D7A, 0x0D7F),
    (0x0D85, 0x0D96),
    (0x0D9A, 0x0DB1),
    (0x0DB3, 0x0DBB),
    (0x0DBD, 0x0DBD),
    (0x0DC0, 0x0DC6),
    (0x0E01, 0x0E30),
    (0x0E32, 0x0E32),
    (0x0E40, 0x0E46),
    (0x0E81, 0x0E82),
    (0x0E84, 0x0E84),
    (0x0E86, 0x0E8A),
    (0x0E8C, 0x0EA3),
    (0x0EA5, 0x0EA5),
    (0x0EA7, 0x0EB0),
    (0x0EB2, 0x0EB2),
    (0x0EBD, 0x0EBD),
    (0x0EC0, 0x0EC4),
    (0x0EC6, 0x0EC6),
    (0x0EDC, 0x0EDF),
    (0x0F00, 0x0F00),
    (0x0F40, 0x0F47),
    (0x0F49, 0x0F6C),
    (0x0F88, 0x0F8C),
    (0x1000, 0x102A),
    (0x103F, 0x103F),
    (0x1050, 0x1055),
    (0x105A, 0x105D),
    (0x1061, 0x1061),
    (0x1065, 0x1066),
    (0x106E, 0x1070),
    (0x1075, 0x1081),
    (0x108E, 0x108E),
    (0x10A0, 0x10C5),
    (0x10C7, 0x10C7),
    (0x10CD, 0x10CD),
    (0x10D0, 0x10FA),
    (0x10FC, 0x1248),
    (0x124A, 0x124D),
    (0x1250, 0x1256),
    (0x1258, 0x1258),
    (0x125A, 0x125D),
    (0x1260, 0x1288),
    (0x128A, 0x128D),
    (0x1290, 0x12B0),
    (0x12B2, 0x12B5),
    (0x12B8, 0x12BE),
    (0x12C0, 0x12C0),
    (0x12C2, 0x12C5),
    (0x12C8, 0x12D6),
    (0x12D8, 0x1310),
    (0x1312, 0x1315),
    (0x1318, 0x135A),
    (0x1380, 0x138F),
    (0x13A0, 0x13F5),
    (0x13F8, 0x13FD),
    (0x1401, 0x166C),
    (0x166F, 0x167F),
    (0x1681, 0x169A),
    (0x16A0, 0x16EA),
    (0x16EE, 0x16F8),
    (0x1700, 0x1711),
    (0x171F, 0x1731),
    (0x1740, 0x1751),
    (0x1760, 0x176C),
    (0x176E, 0x1770),
    (0x1780, 0x17B3),
    (0x17D7, 0x17D7),
    (0x17DC, 0x17DC),
    (0x1820, 0x1878),
    (0x1880, 0x18A8),
    (0x18AA, 0x18AA),
    (0x18B0, 0x18F5),
    (0x1900, 0x191E),
    (0x1950, 0x196D),
    (0x1970, 0x1974),
    (0x1980, 0x19AB),
    (0x19B0, 0x19C9),
    (0x1A00, 0x1A16),
    (0x1A20, 0x1A54),
    (0x1AA7, 0x1AA7),
    (0x1B05, 0x1B33),
    (0x1B45, 0x1B4C),
    (0x1B83, 0x1BA0),
    (0x1BAE, 0x1BAF),
    (0x1BBA, 0x1BE5),
    (0x1C00, 0x1C23),
    (0x1C4D, 0x1C4F),
    (0x1C5A, 0x1C7D),
    (0x1C80, 0x1C8A),
    (0x1C90, 0x1CBA),
    (0x1CBD, 0x1CBF),
    (0x1CE9, 0x1CEC),
    (0x1CEE, 0x1CF3),
    (0x1CF5, 0x1CF6),
    (0x1CFA, 0x1CFA),
    (0x1D00, 0x1DBF),
    (0x1E00, 0x1F15),
    (0x1F18, 0x1F1D),
    (0x1F20, 0x1F45),
    (0x1F48, 0x1F4D),
    (0x1F50, 0x1F57),
    (0x1F59, 0x1F59),
    (0x1F5B, 0x1F5B),
    (0x1F5D, 0x1F5D),
    (0x1F5F, 0x1F7D),
    (0x1F80, 0x1FB4),
    (0x1FB6, 0x1FBC),
    (0x1FBE, 0x1FBE),
    (0x1FC2, 0x1FC4),
    (0x1FC6, 0x1FCC),
    (0x1FD0, 0x1FD3),
    (0x1FD6, 0x1FDB),
    (0x1FE0, 0x1FEC),
    (0x1FF2, 0x1FF4),
    (0x1FF6, 0x1FFC),
    (0x2071, 0x2071),
    (0x207F, 0x207F),
    (0x2090, 0x209C),
    (0x2102, 0x2102),
    (0x2107, 0x2107),
    (0x210A, 0x2113),
    (0x2115, 0x2115),
    (0x2118, 0x211D),
    (0x2124, 0x2124),
    (0x2126, 0x2126),
    (0x2128, 0x2128),
    (0x212A, 0x2139),
    (0x213C, 0x213F),
    (0x2145, 0x2149),
    (0x214E, 0x214E),
    (0x2160, 0x2188),
    (0x2C00, 0x2CE4),
    (0x2CEB, 0x2CEE),
    (0x2CF2, 0x2CF3),
    (0x2D00, 0x2D25),
    (0x2D27, 0x2D27),
    (0x2D2D, 0x2D2D),
    (0x2D30, 0x2D67),
    (0x2D6F, 0x2D6F),
    (0x2D80, 0x2D96),
    (0x2DA0, 0x2DA6),
    (0x2DA8, 0x2DAE),
    (0x2DB0, 0x2DB6),
    (0x2DB8, 0x2DBE),
    (0x2DC0, 0x2DC6),
    (0x2DC8, 0x2DCE),
    (0x2DD0, 0x2DD6),
    (0x2DD8, 0x2DDE),
    (0x3005, 0x3007),
    (0x3021, 0x3029),
    (0x3031, 0x3035),
    (0x3038, 0x303C),
    (0x3041, 0x3096),
    (0x309D, 0x309F),
    (0x30A1, 0x30FA),
    (0x30FC, 0x30FF),
    (0x3105, 0x312F),
    (0x3131, 0x318E),
    (0x31A0, 0x31BF),
    (0x31F0, 0x31FF),
    (0x3400, 0x4DBF),
    (0x4E00, 0xA48C),
    (0xA4D0, 0xA4FD),
    (0xA500, 0xA60C),
    (0xA610, 0xA61F),
    (0xA62A, 0xA62B),
    (0xA640, 0xA66E),
    (0xA67F, 0xA69D),
    (0xA6A0, 0xA6EF),
    (0xA717, 0xA71F),
    (0xA722, 0xA788),
    (0xA78B, 0xA7DC),
    (0xA7F1, 0xA801),
    (0xA803, 0xA805),
    (0xA807, 0xA80A),
    (0xA80C, 0xA822),
    (0xA840, 0xA873),
    (0xA882, 0xA8B3),
    (0xA8F2, 0xA8F7),
    (0xA8FB, 0xA8FB),
    (0xA8FD, 0xA8FE),
    (0xA90A, 0xA925),
    (0xA930, 0xA946),
    (0xA960, 0xA97C),
    (0xA984, 0xA9B2),
    (0xA9CF, 0xA9CF),
    (0xA9E0, 0xA9E4),
    (0xA9E6, 0xA9EF),
    (0xA9FA, 0xA9FE),
    (0xAA00, 0xAA28),
    (0xAA40, 0xAA42),
    (0xAA44, 0xAA4B),
    (0xAA60, 0xAA76),
    (0xAA7A, 0xAA7A),
    (0xAA7E, 0xAAAF),
    (0xAAB1, 0xAAB1),
    (0xAAB5, 0xAAB6),
    (0xAAB9, 0xAABD),
    (0xAAC0, 0xAAC0),
    (0xAAC2, 0xAAC2),
    (0xAADB, 0xAADD),
    (0xAAE0, 0xAAEA),
    (0xAAF2, 0xAAF4),
    (0xAB01, 0xAB06),
    (0xAB09, 0xAB0E),
    (0xAB11, 0xAB16),
    (0xAB20, 0xAB26),
    (0xAB28, 0xAB2E),
    (0xAB30, 0xAB5A),
    (0xAB5C, 0xAB69),
    (0xAB70, 0xABE2),
    (0xAC00, 0xD7A3),
    (0xD7B0, 0xD7C6),
    (0xD7CB, 0xD7FB),
    (0xF900, 0xFA6D),
    (0xFA70, 0xFAD9),
    (0xFB00, 0xFB06),
    (0xFB13, 0xFB17),
    (0xFB1D, 0xFB1D),
    (0xFB1F, 0xFB28),
    (0xFB2A, 0xFB36),
    (0xFB38, 0xFB3C),
    (0xFB3E, 0xFB3E),
    (0xFB40, 0xFB41),
    (0xFB43, 0xFB44),
    (0xFB46, 0xFBB1),
    (0xFBD3, 0xFC5D),
    (0xFC64, 0xFD3D),
    (0xFD50, 0xFD8F),
    (0xFD92, 0xFDC7),
    (0xFDF0, 0xFDF9),
    (0xFE71, 0xFE71),
    (0xFE73, 0xFE73),
    (0xFE77, 0xFE77),
    (0xFE79, 0xFE79),
    (0xFE7B, 0xFE7B),
    (0xFE7D, 0xFE7D),
    (0xFE7F, 0xFEFC),
    (0xFF21, 0xFF3A),
    (0xFF41, 0xFF5A),
    (0xFF66, 0xFF9D),
    (0xFFA0, 0xFFBE),
    (0xFFC2, 0xFFC7),
    (0xFFCA, 0xFFCF),
    (0xFFD2, 0xFFD7),
    (0xFFDA, 0xFFDC),
    (0x10000, 0x1000B),
    (0x1000D, 0x10026),
    (0x10028, 0x1003A),
    (0x1003C, 0x1003D),
    (0x1003F, 0x1004D),
    (0x10050, 0x1005D),
    (0x10080, 0x100FA),
    (0x10140, 0x10174),
    (0x10280, 0x1029C),
    (0x102A0, 0x102D0),
    (0x10300, 0x1031F),
    (0x1032D, 0x1034A),
    (0x10350, 0x10375),
    (0x10380, 0x1039D),
    (0x103A0, 0x103C3),
    (0x103C8, 0x103CF),
    (0x103D1, 0x103D5),
    (0x10400, 0x1049D),
    (0x104B0, 0x104D3),
    (0x104D8, 0x104FB),
    (0x10500, 0x10527),
    (0x10530, 0x10563),
    (0x10570, 0x1057A),
    (0x1057C, 0x1058A),
    (0x1058C, 0x10592),
    (0x10594, 0x10595),
    (0x10597, 0x105A1),
    (0x105A3, 0x105B1),
    (0x105B3, 0x105B9),
    (0x105BB, 0x105BC),
    (0x105C0, 0x105F3),
    (0x10600, 0x10736),
    (0x10740, 0x10755),
    (0x10760, 0x10767),
    (0x10780, 0x10785),
    (0x10787, 0x107B0),
    (0x107B2, 0x107BA),
    (0x10800, 0x10805),
    (0x10808, 0x10808),
    (0x1080A, 0x10835),
    (0x10837, 0x10838),
    (0x1083C, 0x1083C),
    (0x1083F, 0x10855),
    (0x10860, 0x10876),
    (0x10880, 0x1089E),
    (0x108E0, 0x108F2),
    (0x108F4, 0x108F5),
    (0x10900, 0x10915),
    (0x10920, 0x10939),
    (0x10940, 0x10959),
    (0x10980, 0x109B7),
    (0x109BE, 0x109BF),
    (0x10A00, 0x10A00),
    (0x10A10, 0x10A13),
    (0x10A15, 0x10A17),
    (0x10A19, 0x10A35),
    (0x10A60, 0x10A7C),
    (0x10A80, 0x10A9C),
    (0x10AC0, 0x10AC7),
    (0x10AC9, 0x10AE4),
    (0x10B00, 0x10B35),
    (0x10B40, 0x10B55),
    (0x10B60, 0x10B72),
    (0x10B80, 0x10B91),
    (0x10C00, 0x10C48),
    (0x10C80, 0x10CB2),
    (0x10CC0, 0x10CF2),
    (0x10D00, 0x10D23),
    (0x10D4A, 0x10D65),
    (0x10D6F, 0x10D85),
    (0x10E80, 0x10EA9),
    (0x10EB0, 0x10EB1),
    (0x10EC2, 0x10EC7),
    (0x10F00, 0x10F1C),
    (0x10F27, 0x10F27),
    (0x10F30, 0x10F45),
    (0x10F70, 0x10F81),
    (0x10FB0, 0x10FC4),
    (0x10FE0, 0x10FF6),
    (0x11003, 0x11037),
    (0x11071, 0x11072),
    (0x11075, 0x11075),
    (0x11083, 0x110AF),
    (0x110D0, 0x110E8),
    (0x11103, 0x11126),
    (0x11144, 0x11144),
    (0x11147, 0x11147),
    (0x11150, 0x11172),
    (0x11176, 0x11176),
    (0x11183, 0x111B2),
    (0x111C1, 0x111C4),
    (0x111DA, 0x111DA),
    (0x111DC, 0x111DC),
    (0x11200, 0x11211),
    (0x11213, 0x1122B),
    (0x1123F, 0x11240),
    (0x11280, 0x11286),
    (0x11288, 0x11288),
    (0x1128A, 0x1128D),
    (0x1128F, 0x1129D),
    (0x1129F, 0x112A8),
    (0x112B0, 0x112DE),
    (0x11305, 0x1130C),
    (0x1130F, 0x11310),
    (0x11313, 0x11328),
    (0x1132A, 0x11330),
    (0x11332, 0x11333),
    (0x11335, 0x11339),
    (0x1133D, 0x1133D),
    (0x11350, 0x11350),
    (0x1135D, 0x11361),
    (0x11380, 0x11389),
    (0x1138B, 0x1138B),
    (0x1138E, 0x1138E),
    (0x11390, 0x113B5),
    (0x113B7, 0x113B7),
    (0x113D1, 0x113D1),
    (0x113D3, 0x113D3),
    (0x11400, 0x11434),
    (0x11447, 0x1144A),
    (0x1145F, 0x11461),
    (0x11480, 0x114AF),
    (0x114C4, 0x114C5),
    (0x114C7, 0x114C7),
    (0x11580, 0x115AE),
    (0x115D8, 0x115DB),
    (0x11600, 0x1162F),
    (0x11644, 0x11644),
    (0x11680, 0x116AA),
    (0x116B8, 0x116B8),
    (0x11700, 0x1171A),
    (0x11740, 0x11746),
    (0x11800, 0x1182B),
    (0x118A0, 0x118DF),
    (0x118FF, 0x11906),
    (0x11909, 0x11909),
    (0x1190C, 0x11913),
    (0x11915, 0x11916),
    (0x11918, 0x1192F),
    (0x1193F, 0x1193F),
    (0x11941, 0x11941),
    (0x119A0, 0x119A7),
    (0x119AA, 0x119D0),
    (0x119E1, 0x119E1),
    (0x119E3, 0x119E3),
    (0x11A00, 0x11A00),
    (0x11A0B, 0x11A32),
    (0x11A3A, 0x11A3A),
    (0x11A50, 0x11A50),
    (0x11A5C, 0x11A89),
    (0x11A9D, 0x11A9D),
    (0x11AB0, 0x11AF8),
    (0x11BC0, 0x11BE0),
    (0x11C00, 0x11C08),
    (0x11C0A, 0x11C2E),
    (0x11C40, 0x11C40),
    (0x11C72, 0x11C8F),
    (0x11D00, 0x11D06),
    (0x11D08, 0x11D09),
    (0x11D0B, 0x11D30),
    (0x11D46, 0x11D46),
    (0x11D60, 0x11D65),
    (0x11D67, 0x11D68),
    (0x11D6A, 0x11D89),
    (0x11D98, 0x11D98),
    (0x11DB0, 0x11DDB),
    (0x11EE0, 0x11EF2),
    (0x11F02, 0x11F02),
    (0x11F04, 0x11F10),
    (0x11F12, 0x11F33),
    (0x11FB0, 0x11FB0),
    (0x12000, 0x12399),
    (0x12400, 0x1246E),
    (0x12480, 0x12543),
    (0x12F90, 0x12FF0),
    (0x13000, 0x1342F),
    (0x13441, 0x13446),
    (0x13460, 0x143FA),
    (0x14400, 0x14646),
    (0x16100, 0x1611D),
    (0x16800, 0x16A38),
    (0x16A40, 0x16A5E),
    (0x16A70, 0x16ABE),
    (0x16AD0, 0x16AED),
    (0x16B00, 0x16B2F),
    (0x16B40, 0x16B43),
    (0x16B63, 0x16B77),
    (0x16B7D, 0x16B8F),
    (0x16D40, 0x16D6C),
    (0x16E40, 0x16E7F),
    (0x16EA0, 0x16EB8),
    (0x16EBB, 0x16ED3),
    (0x16F00, 0x16F4A),
    (0x16F50, 0x16F50),
    (0x16F93, 0x16F9F),
    (0x16FE0, 0x16FE1),
    (0x16FE3, 0x16FE3),
    (0x16FF2, 0x16FF6),
    (0x17000, 0x18CD5),
    (0x18CFF, 0x18D1E),
    (0x18D80, 0x18DF2),
    (0x1AFF0, 0x1AFF3),
    (0x1AFF5, 0x1AFFB),
    (0x1AFFD, 0x1AFFE),
    (0x1B000, 0x1B122),
    (0x1B132, 0x1B132),
    (0x1B150, 0x1B152),
    (0x1B155, 0x1B155),
    (0x1B164, 0x1B167),
    (0x1B170, 0x1B2FB),
    (0x1BC00, 0x1BC6A),
    (0x1BC70, 0x1BC7C),
    (0x1BC80, 0x1BC88),
    (0x1BC90, 0x1BC99),
    (0x1D400, 0x1D454),
    (0x1D456, 0x1D49C),
    (0x1D49E, 0x1D49F),
    (0x1D4A2, 0x1D4A2),
    (0x1D4A5, 0x1D4A6),
    (0x1D4A9, 0x1D4AC),
    (0x1D4AE, 0x1D4B9),
    (0x1D4BB, 0x1D4BB),
    (0x1D4BD, 0x1D4C3),
    (0x1D4C5, 0x1D505),
    (0x1D507, 0x1D50A),
    (0x1D50D, 0x1D514),
    (0x1D516, 0x1D51C),
    (0x1D51E, 0x1D539),
    (0x1D53B, 0x1D53E),
    (0x1D540, 0x1D544),
    (0x1D546, 0x1D546),
    (0x1D54A, 0x1D550),
    (0x1D552, 0x1D6A5),
    (0x1D6A8, 0x1D6C0),
    (0x1D6C2, 0x1D6DA),
    (0x1D6DC, 0x1D6FA),
    (0x1D6FC, 0x1D714),
    (0x1D716, 0x1D734),
    (0x1D736, 0x1D74E),
    (0x1D750, 0x1D76E),
    (0x1D770, 0x1D788),
    (0x1D78A, 0x1D7A8),
    (0x1D7AA, 0x1D7C2),
    (0x1D7C4, 0x1D7CB),
    (0x1DF00, 0x1DF1E),
    (0x1DF25, 0x1DF2A),
    (0x1E030, 0x1E06D),
    (0x1E100, 0x1E12C),
    (0x1E137, 0x1E13D),
    (0x1E14E, 0x1E14E),
    (0x1E290, 0x1E2AD),
    (0x1E2C0, 0x1E2EB),
    (0x1E4D0, 0x1E4EB),
    (0x1E5D0, 0x1E5ED),
    (0x1E5F0, 0x1E5F0),
    (0x1E6C0, 0x1E6DE),
    (0x1E6E0, 0x1E6E2),
    (0x1E6E4, 0x1E6E5),
    (0x1E6E7, 0x1E6ED),
    (0x1E6F0, 0x1E6F4),
    (0x1E6FE, 0x1E6FF),
    (0x1E7E0, 0x1E7E6),
    (0x1E7E8, 0x1E7EB),
    (0x1E7ED, 0x1E7EE),
    (0x1E7F0, 0x1E7FE),
    (0x1E800, 0x1E8C4),
    (0x1E900, 0x1E943),
    (0x1E94B, 0x1E94B),
    (0x1EE00, 0x1EE03),
    (0x1EE05, 0x1EE1F),
    (0x1EE21, 0x1EE22),
    (0x1EE24, 0x1EE24),
    (0x1EE27, 0x1EE27),
    (0x1EE29, 0x1EE32),
    (0x1EE34, 0x1EE37),
    (0x1EE39, 0x1EE39),
    (0x1EE3B, 0x1EE3B),
    (0x1EE42, 0x1EE42),
    (0x1EE47, 0x1EE47),
    (0x1EE49, 0x1EE49),
    (0x1EE4B, 0x1EE4B),
    (0x1EE4D, 0x1EE4F),
    (0x1EE51, 0x1EE52),
    (0x1EE54, 0x1EE54),
    (0x1EE57, 0x1EE57),
    (0x1EE59, 0x1EE59),
    (0x1EE5B, 0x1EE5B),
    (0x1EE5D, 0x1EE5D),
    (0x1EE5F, 0x1EE5F),
    (0x1EE61, 0x1EE62),
    (0x1EE64, 0x1EE64),
    (0x1EE67, 0x1EE6A),
    (0x1EE6C, 0x1EE72),
    (0x1EE74, 0x1EE77),
    (0x1EE79, 0x1EE7C),
    (0x1EE7E, 0x1EE7E),
    (0x1EE80, 0x1EE89),
    (0x1EE8B, 0x1EE9B),
    (0x1EEA1, 0x1EEA3),
    (0x1EEA5, 0x1EEA9),
    (0x1EEAB, 0x1EEBB),
    (0x20000, 0x2A6DF),
    (0x2A700, 0x2B81D),
    (0x2B820, 0x2CEAD),
    (0x2CEB0, 0x2EBE0),
    (0x2EBF0, 0x2EE5D),
    (0x2F800, 0x2FA1D),
    (0x30000, 0x3134A),
    (0x31350, 0x33479),
];

/// Map a binary-property name to its derived range table.
pub fn binary_property_table(name: &str) -> Option<&'static [(u32, u32)]> {
    Some(match name {
        "ASCII" => ASCII,
        "ASCII_Hex_Digit" => ASCII_HEX_DIGIT,
        "Alphabetic" => ALPHABETIC,
        "Any" => ANY,
        "Assigned" => ASSIGNED,
        "Bidi_Control" => BIDI_CONTROL,
        "Bidi_Mirrored" => BIDI_MIRRORED,
        "Case_Ignorable" => CASE_IGNORABLE,
        "Cased" => CASED,
        "Changes_When_Casefolded" => CHANGES_WHEN_CASEFOLDED,
        "Changes_When_Casemapped" => CHANGES_WHEN_CASEMAPPED,
        "Changes_When_Lowercased" => CHANGES_WHEN_LOWERCASED,
        "Changes_When_NFKC_Casefolded" => CHANGES_WHEN_NFKC_CASEFOLDED,
        "Changes_When_Titlecased" => CHANGES_WHEN_TITLECASED,
        "Changes_When_Uppercased" => CHANGES_WHEN_UPPERCASED,
        "Dash" => DASH,
        "Default_Ignorable_Code_Point" => DEFAULT_IGNORABLE_CODE_POINT,
        "Deprecated" => DEPRECATED,
        "Diacritic" => DIACRITIC,
        "Emoji" => EMOJI,
        "Emoji_Component" => EMOJI_COMPONENT,
        "Emoji_Modifier" => EMOJI_MODIFIER,
        "Emoji_Modifier_Base" => EMOJI_MODIFIER_BASE,
        "Emoji_Presentation" => EMOJI_PRESENTATION,
        "Extended_Pictographic" => EXTENDED_PICTOGRAPHIC,
        "Extender" => EXTENDER,
        "General_Category_-_Cased_Letter" => GENERAL_CATEGORY___CASED_LETTER,
        "General_Category_-_Close_Punctuation" => GENERAL_CATEGORY___CLOSE_PUNCTUATION,
        "General_Category_-_Connector_Punctuation" => GENERAL_CATEGORY___CONNECTOR_PUNCTUATION,
        "General_Category_-_Control" => GENERAL_CATEGORY___CONTROL,
        "General_Category_-_Currency_Symbol" => GENERAL_CATEGORY___CURRENCY_SYMBOL,
        "General_Category_-_Dash_Punctuation" => GENERAL_CATEGORY___DASH_PUNCTUATION,
        "General_Category_-_Decimal_Number" => GENERAL_CATEGORY___DECIMAL_NUMBER,
        "General_Category_-_Enclosing_Mark" => GENERAL_CATEGORY___ENCLOSING_MARK,
        "General_Category_-_Final_Punctuation" => GENERAL_CATEGORY___FINAL_PUNCTUATION,
        "General_Category_-_Format" => GENERAL_CATEGORY___FORMAT,
        "General_Category_-_Initial_Punctuation" => GENERAL_CATEGORY___INITIAL_PUNCTUATION,
        "General_Category_-_Letter" => GENERAL_CATEGORY___LETTER,
        "General_Category_-_Letter_Number" => GENERAL_CATEGORY___LETTER_NUMBER,
        "General_Category_-_Line_Separator" => GENERAL_CATEGORY___LINE_SEPARATOR,
        "General_Category_-_Lowercase_Letter" => GENERAL_CATEGORY___LOWERCASE_LETTER,
        "General_Category_-_Mark" => GENERAL_CATEGORY___MARK,
        "General_Category_-_Math_Symbol" => GENERAL_CATEGORY___MATH_SYMBOL,
        "General_Category_-_Modifier_Letter" => GENERAL_CATEGORY___MODIFIER_LETTER,
        "General_Category_-_Modifier_Symbol" => GENERAL_CATEGORY___MODIFIER_SYMBOL,
        "General_Category_-_Nonspacing_Mark" => GENERAL_CATEGORY___NONSPACING_MARK,
        "General_Category_-_Number" => GENERAL_CATEGORY___NUMBER,
        "General_Category_-_Open_Punctuation" => GENERAL_CATEGORY___OPEN_PUNCTUATION,
        "General_Category_-_Other" => GENERAL_CATEGORY___OTHER,
        "General_Category_-_Other_Letter" => GENERAL_CATEGORY___OTHER_LETTER,
        "General_Category_-_Other_Number" => GENERAL_CATEGORY___OTHER_NUMBER,
        "General_Category_-_Other_Punctuation" => GENERAL_CATEGORY___OTHER_PUNCTUATION,
        "General_Category_-_Other_Symbol" => GENERAL_CATEGORY___OTHER_SYMBOL,
        "General_Category_-_Paragraph_Separator" => GENERAL_CATEGORY___PARAGRAPH_SEPARATOR,
        "General_Category_-_Private_Use" => GENERAL_CATEGORY___PRIVATE_USE,
        "General_Category_-_Punctuation" => GENERAL_CATEGORY___PUNCTUATION,
        "General_Category_-_Separator" => GENERAL_CATEGORY___SEPARATOR,
        "General_Category_-_Space_Separator" => GENERAL_CATEGORY___SPACE_SEPARATOR,
        "General_Category_-_Spacing_Mark" => GENERAL_CATEGORY___SPACING_MARK,
        "General_Category_-_Surrogate" => GENERAL_CATEGORY___SURROGATE,
        "General_Category_-_Symbol" => GENERAL_CATEGORY___SYMBOL,
        "General_Category_-_Titlecase_Letter" => GENERAL_CATEGORY___TITLECASE_LETTER,
        "General_Category_-_Unassigned" => GENERAL_CATEGORY___UNASSIGNED,
        "General_Category_-_Uppercase_Letter" => GENERAL_CATEGORY___UPPERCASE_LETTER,
        "Grapheme_Base" => GRAPHEME_BASE,
        "Grapheme_Extend" => GRAPHEME_EXTEND,
        "Hex_Digit" => HEX_DIGIT,
        "IDS_Binary_Operator" => IDS_BINARY_OPERATOR,
        "IDS_Trinary_Operator" => IDS_TRINARY_OPERATOR,
        "ID_Continue" => ID_CONTINUE,
        "ID_Start" => ID_START,
        "Ideographic" => IDEOGRAPHIC,
        "Join_Control" => JOIN_CONTROL,
        "Logical_Order_Exception" => LOGICAL_ORDER_EXCEPTION,
        "Lowercase" => LOWERCASE,
        "Math" => MATH,
        "Noncharacter_Code_Point" => NONCHARACTER_CODE_POINT,
        "Pattern_Syntax" => PATTERN_SYNTAX,
        "Pattern_White_Space" => PATTERN_WHITE_SPACE,
        "Quotation_Mark" => QUOTATION_MARK,
        "Radical" => RADICAL,
        "Regional_Indicator" => REGIONAL_INDICATOR,
        "Script_-_Adlam" => SCRIPT___ADLAM,
        "Script_-_Ahom" => SCRIPT___AHOM,
        "Script_-_Anatolian_Hieroglyphs" => SCRIPT___ANATOLIAN_HIEROGLYPHS,
        "Script_-_Arabic" => SCRIPT___ARABIC,
        "Script_-_Armenian" => SCRIPT___ARMENIAN,
        "Script_-_Avestan" => SCRIPT___AVESTAN,
        "Script_-_Balinese" => SCRIPT___BALINESE,
        "Script_-_Bamum" => SCRIPT___BAMUM,
        "Script_-_Bassa_Vah" => SCRIPT___BASSA_VAH,
        "Script_-_Batak" => SCRIPT___BATAK,
        "Script_-_Bengali" => SCRIPT___BENGALI,
        "Script_-_Beria_Erfe" => SCRIPT___BERIA_ERFE,
        "Script_-_Bhaiksuki" => SCRIPT___BHAIKSUKI,
        "Script_-_Bopomofo" => SCRIPT___BOPOMOFO,
        "Script_-_Brahmi" => SCRIPT___BRAHMI,
        "Script_-_Braille" => SCRIPT___BRAILLE,
        "Script_-_Buginese" => SCRIPT___BUGINESE,
        "Script_-_Buhid" => SCRIPT___BUHID,
        "Script_-_Canadian_Aboriginal" => SCRIPT___CANADIAN_ABORIGINAL,
        "Script_-_Carian" => SCRIPT___CARIAN,
        "Script_-_Caucasian_Albanian" => SCRIPT___CAUCASIAN_ALBANIAN,
        "Script_-_Chakma" => SCRIPT___CHAKMA,
        "Script_-_Cham" => SCRIPT___CHAM,
        "Script_-_Cherokee" => SCRIPT___CHEROKEE,
        "Script_-_Chorasmian" => SCRIPT___CHORASMIAN,
        "Script_-_Common" => SCRIPT___COMMON,
        "Script_-_Coptic" => SCRIPT___COPTIC,
        "Script_-_Cuneiform" => SCRIPT___CUNEIFORM,
        "Script_-_Cypriot" => SCRIPT___CYPRIOT,
        "Script_-_Cypro_Minoan" => SCRIPT___CYPRO_MINOAN,
        "Script_-_Cyrillic" => SCRIPT___CYRILLIC,
        "Script_-_Deseret" => SCRIPT___DESERET,
        "Script_-_Devanagari" => SCRIPT___DEVANAGARI,
        "Script_-_Dives_Akuru" => SCRIPT___DIVES_AKURU,
        "Script_-_Dogra" => SCRIPT___DOGRA,
        "Script_-_Duployan" => SCRIPT___DUPLOYAN,
        "Script_-_Egyptian_Hieroglyphs" => SCRIPT___EGYPTIAN_HIEROGLYPHS,
        "Script_-_Elbasan" => SCRIPT___ELBASAN,
        "Script_-_Elymaic" => SCRIPT___ELYMAIC,
        "Script_-_Ethiopic" => SCRIPT___ETHIOPIC,
        "Script_-_Garay" => SCRIPT___GARAY,
        "Script_-_Georgian" => SCRIPT___GEORGIAN,
        "Script_-_Glagolitic" => SCRIPT___GLAGOLITIC,
        "Script_-_Gothic" => SCRIPT___GOTHIC,
        "Script_-_Grantha" => SCRIPT___GRANTHA,
        "Script_-_Greek" => SCRIPT___GREEK,
        "Script_-_Gujarati" => SCRIPT___GUJARATI,
        "Script_-_Gunjala_Gondi" => SCRIPT___GUNJALA_GONDI,
        "Script_-_Gurmukhi" => SCRIPT___GURMUKHI,
        "Script_-_Gurung_Khema" => SCRIPT___GURUNG_KHEMA,
        "Script_-_Han" => SCRIPT___HAN,
        "Script_-_Hangul" => SCRIPT___HANGUL,
        "Script_-_Hanifi_Rohingya" => SCRIPT___HANIFI_ROHINGYA,
        "Script_-_Hanunoo" => SCRIPT___HANUNOO,
        "Script_-_Hatran" => SCRIPT___HATRAN,
        "Script_-_Hebrew" => SCRIPT___HEBREW,
        "Script_-_Hiragana" => SCRIPT___HIRAGANA,
        "Script_-_Imperial_Aramaic" => SCRIPT___IMPERIAL_ARAMAIC,
        "Script_-_Inherited" => SCRIPT___INHERITED,
        "Script_-_Inscriptional_Pahlavi" => SCRIPT___INSCRIPTIONAL_PAHLAVI,
        "Script_-_Inscriptional_Parthian" => SCRIPT___INSCRIPTIONAL_PARTHIAN,
        "Script_-_Javanese" => SCRIPT___JAVANESE,
        "Script_-_Kaithi" => SCRIPT___KAITHI,
        "Script_-_Kannada" => SCRIPT___KANNADA,
        "Script_-_Katakana" => SCRIPT___KATAKANA,
        "Script_-_Kawi" => SCRIPT___KAWI,
        "Script_-_Kayah_Li" => SCRIPT___KAYAH_LI,
        "Script_-_Kharoshthi" => SCRIPT___KHAROSHTHI,
        "Script_-_Khitan_Small_Script" => SCRIPT___KHITAN_SMALL_SCRIPT,
        "Script_-_Khmer" => SCRIPT___KHMER,
        "Script_-_Khojki" => SCRIPT___KHOJKI,
        "Script_-_Khudawadi" => SCRIPT___KHUDAWADI,
        "Script_-_Kirat_Rai" => SCRIPT___KIRAT_RAI,
        "Script_-_Lao" => SCRIPT___LAO,
        "Script_-_Latin" => SCRIPT___LATIN,
        "Script_-_Lepcha" => SCRIPT___LEPCHA,
        "Script_-_Limbu" => SCRIPT___LIMBU,
        "Script_-_Linear_A" => SCRIPT___LINEAR_A,
        "Script_-_Linear_B" => SCRIPT___LINEAR_B,
        "Script_-_Lisu" => SCRIPT___LISU,
        "Script_-_Lycian" => SCRIPT___LYCIAN,
        "Script_-_Lydian" => SCRIPT___LYDIAN,
        "Script_-_Mahajani" => SCRIPT___MAHAJANI,
        "Script_-_Makasar" => SCRIPT___MAKASAR,
        "Script_-_Malayalam" => SCRIPT___MALAYALAM,
        "Script_-_Mandaic" => SCRIPT___MANDAIC,
        "Script_-_Manichaean" => SCRIPT___MANICHAEAN,
        "Script_-_Marchen" => SCRIPT___MARCHEN,
        "Script_-_Masaram_Gondi" => SCRIPT___MASARAM_GONDI,
        "Script_-_Medefaidrin" => SCRIPT___MEDEFAIDRIN,
        "Script_-_Meetei_Mayek" => SCRIPT___MEETEI_MAYEK,
        "Script_-_Mende_Kikakui" => SCRIPT___MENDE_KIKAKUI,
        "Script_-_Meroitic_Cursive" => SCRIPT___MEROITIC_CURSIVE,
        "Script_-_Meroitic_Hieroglyphs" => SCRIPT___MEROITIC_HIEROGLYPHS,
        "Script_-_Miao" => SCRIPT___MIAO,
        "Script_-_Modi" => SCRIPT___MODI,
        "Script_-_Mongolian" => SCRIPT___MONGOLIAN,
        "Script_-_Mro" => SCRIPT___MRO,
        "Script_-_Multani" => SCRIPT___MULTANI,
        "Script_-_Myanmar" => SCRIPT___MYANMAR,
        "Script_-_Nabataean" => SCRIPT___NABATAEAN,
        "Script_-_Nag_Mundari" => SCRIPT___NAG_MUNDARI,
        "Script_-_Nandinagari" => SCRIPT___NANDINAGARI,
        "Script_-_New_Tai_Lue" => SCRIPT___NEW_TAI_LUE,
        "Script_-_Newa" => SCRIPT___NEWA,
        "Script_-_Nko" => SCRIPT___NKO,
        "Script_-_Nushu" => SCRIPT___NUSHU,
        "Script_-_Nyiakeng_Puachue_Hmong" => SCRIPT___NYIAKENG_PUACHUE_HMONG,
        "Script_-_Ogham" => SCRIPT___OGHAM,
        "Script_-_Ol_Chiki" => SCRIPT___OL_CHIKI,
        "Script_-_Ol_Onal" => SCRIPT___OL_ONAL,
        "Script_-_Old_Hungarian" => SCRIPT___OLD_HUNGARIAN,
        "Script_-_Old_Italic" => SCRIPT___OLD_ITALIC,
        "Script_-_Old_North_Arabian" => SCRIPT___OLD_NORTH_ARABIAN,
        "Script_-_Old_Permic" => SCRIPT___OLD_PERMIC,
        "Script_-_Old_Persian" => SCRIPT___OLD_PERSIAN,
        "Script_-_Old_Sogdian" => SCRIPT___OLD_SOGDIAN,
        "Script_-_Old_South_Arabian" => SCRIPT___OLD_SOUTH_ARABIAN,
        "Script_-_Old_Turkic" => SCRIPT___OLD_TURKIC,
        "Script_-_Old_Uyghur" => SCRIPT___OLD_UYGHUR,
        "Script_-_Oriya" => SCRIPT___ORIYA,
        "Script_-_Osage" => SCRIPT___OSAGE,
        "Script_-_Osmanya" => SCRIPT___OSMANYA,
        "Script_-_Pahawh_Hmong" => SCRIPT___PAHAWH_HMONG,
        "Script_-_Palmyrene" => SCRIPT___PALMYRENE,
        "Script_-_Pau_Cin_Hau" => SCRIPT___PAU_CIN_HAU,
        "Script_-_Phags_Pa" => SCRIPT___PHAGS_PA,
        "Script_-_Phoenician" => SCRIPT___PHOENICIAN,
        "Script_-_Psalter_Pahlavi" => SCRIPT___PSALTER_PAHLAVI,
        "Script_-_Rejang" => SCRIPT___REJANG,
        "Script_-_Runic" => SCRIPT___RUNIC,
        "Script_-_Samaritan" => SCRIPT___SAMARITAN,
        "Script_-_Saurashtra" => SCRIPT___SAURASHTRA,
        "Script_-_Sharada" => SCRIPT___SHARADA,
        "Script_-_Shavian" => SCRIPT___SHAVIAN,
        "Script_-_Siddham" => SCRIPT___SIDDHAM,
        "Script_-_Sidetic" => SCRIPT___SIDETIC,
        "Script_-_SignWriting" => SCRIPT___SIGNWRITING,
        "Script_-_Sinhala" => SCRIPT___SINHALA,
        "Script_-_Sogdian" => SCRIPT___SOGDIAN,
        "Script_-_Sora_Sompeng" => SCRIPT___SORA_SOMPENG,
        "Script_-_Soyombo" => SCRIPT___SOYOMBO,
        "Script_-_Sundanese" => SCRIPT___SUNDANESE,
        "Script_-_Sunuwar" => SCRIPT___SUNUWAR,
        "Script_-_Syloti_Nagri" => SCRIPT___SYLOTI_NAGRI,
        "Script_-_Syriac" => SCRIPT___SYRIAC,
        "Script_-_Tagalog" => SCRIPT___TAGALOG,
        "Script_-_Tagbanwa" => SCRIPT___TAGBANWA,
        "Script_-_Tai_Le" => SCRIPT___TAI_LE,
        "Script_-_Tai_Tham" => SCRIPT___TAI_THAM,
        "Script_-_Tai_Viet" => SCRIPT___TAI_VIET,
        "Script_-_Tai_Yo" => SCRIPT___TAI_YO,
        "Script_-_Takri" => SCRIPT___TAKRI,
        "Script_-_Tamil" => SCRIPT___TAMIL,
        "Script_-_Tangsa" => SCRIPT___TANGSA,
        "Script_-_Tangut" => SCRIPT___TANGUT,
        "Script_-_Telugu" => SCRIPT___TELUGU,
        "Script_-_Thaana" => SCRIPT___THAANA,
        "Script_-_Thai" => SCRIPT___THAI,
        "Script_-_Tibetan" => SCRIPT___TIBETAN,
        "Script_-_Tifinagh" => SCRIPT___TIFINAGH,
        "Script_-_Tirhuta" => SCRIPT___TIRHUTA,
        "Script_-_Todhri" => SCRIPT___TODHRI,
        "Script_-_Tolong_Siki" => SCRIPT___TOLONG_SIKI,
        "Script_-_Toto" => SCRIPT___TOTO,
        "Script_-_Tulu_Tigalari" => SCRIPT___TULU_TIGALARI,
        "Script_-_Ugaritic" => SCRIPT___UGARITIC,
        "Script_-_Unknown" => SCRIPT___UNKNOWN,
        "Script_-_Vai" => SCRIPT___VAI,
        "Script_-_Vithkuqi" => SCRIPT___VITHKUQI,
        "Script_-_Wancho" => SCRIPT___WANCHO,
        "Script_-_Warang_Citi" => SCRIPT___WARANG_CITI,
        "Script_-_Yezidi" => SCRIPT___YEZIDI,
        "Script_-_Yi" => SCRIPT___YI,
        "Script_-_Zanabazar_Square" => SCRIPT___ZANABAZAR_SQUARE,
        "Script_Extensions_-_Adlam" => SCRIPT_EXTENSIONS___ADLAM,
        "Script_Extensions_-_Ahom" => SCRIPT_EXTENSIONS___AHOM,
        "Script_Extensions_-_Anatolian_Hieroglyphs" => SCRIPT_EXTENSIONS___ANATOLIAN_HIEROGLYPHS,
        "Script_Extensions_-_Arabic" => SCRIPT_EXTENSIONS___ARABIC,
        "Script_Extensions_-_Armenian" => SCRIPT_EXTENSIONS___ARMENIAN,
        "Script_Extensions_-_Avestan" => SCRIPT_EXTENSIONS___AVESTAN,
        "Script_Extensions_-_Balinese" => SCRIPT_EXTENSIONS___BALINESE,
        "Script_Extensions_-_Bamum" => SCRIPT_EXTENSIONS___BAMUM,
        "Script_Extensions_-_Bassa_Vah" => SCRIPT_EXTENSIONS___BASSA_VAH,
        "Script_Extensions_-_Batak" => SCRIPT_EXTENSIONS___BATAK,
        "Script_Extensions_-_Bengali" => SCRIPT_EXTENSIONS___BENGALI,
        "Script_Extensions_-_Beria_Erfe" => SCRIPT_EXTENSIONS___BERIA_ERFE,
        "Script_Extensions_-_Bhaiksuki" => SCRIPT_EXTENSIONS___BHAIKSUKI,
        "Script_Extensions_-_Bopomofo" => SCRIPT_EXTENSIONS___BOPOMOFO,
        "Script_Extensions_-_Brahmi" => SCRIPT_EXTENSIONS___BRAHMI,
        "Script_Extensions_-_Braille" => SCRIPT_EXTENSIONS___BRAILLE,
        "Script_Extensions_-_Buginese" => SCRIPT_EXTENSIONS___BUGINESE,
        "Script_Extensions_-_Buhid" => SCRIPT_EXTENSIONS___BUHID,
        "Script_Extensions_-_Canadian_Aboriginal" => SCRIPT_EXTENSIONS___CANADIAN_ABORIGINAL,
        "Script_Extensions_-_Carian" => SCRIPT_EXTENSIONS___CARIAN,
        "Script_Extensions_-_Caucasian_Albanian" => SCRIPT_EXTENSIONS___CAUCASIAN_ALBANIAN,
        "Script_Extensions_-_Chakma" => SCRIPT_EXTENSIONS___CHAKMA,
        "Script_Extensions_-_Cham" => SCRIPT_EXTENSIONS___CHAM,
        "Script_Extensions_-_Cherokee" => SCRIPT_EXTENSIONS___CHEROKEE,
        "Script_Extensions_-_Chorasmian" => SCRIPT_EXTENSIONS___CHORASMIAN,
        "Script_Extensions_-_Common" => SCRIPT_EXTENSIONS___COMMON,
        "Script_Extensions_-_Coptic" => SCRIPT_EXTENSIONS___COPTIC,
        "Script_Extensions_-_Cuneiform" => SCRIPT_EXTENSIONS___CUNEIFORM,
        "Script_Extensions_-_Cypriot" => SCRIPT_EXTENSIONS___CYPRIOT,
        "Script_Extensions_-_Cypro_Minoan" => SCRIPT_EXTENSIONS___CYPRO_MINOAN,
        "Script_Extensions_-_Cyrillic" => SCRIPT_EXTENSIONS___CYRILLIC,
        "Script_Extensions_-_Deseret" => SCRIPT_EXTENSIONS___DESERET,
        "Script_Extensions_-_Devanagari" => SCRIPT_EXTENSIONS___DEVANAGARI,
        "Script_Extensions_-_Dives_Akuru" => SCRIPT_EXTENSIONS___DIVES_AKURU,
        "Script_Extensions_-_Dogra" => SCRIPT_EXTENSIONS___DOGRA,
        "Script_Extensions_-_Duployan" => SCRIPT_EXTENSIONS___DUPLOYAN,
        "Script_Extensions_-_Egyptian_Hieroglyphs" => SCRIPT_EXTENSIONS___EGYPTIAN_HIEROGLYPHS,
        "Script_Extensions_-_Elbasan" => SCRIPT_EXTENSIONS___ELBASAN,
        "Script_Extensions_-_Elymaic" => SCRIPT_EXTENSIONS___ELYMAIC,
        "Script_Extensions_-_Ethiopic" => SCRIPT_EXTENSIONS___ETHIOPIC,
        "Script_Extensions_-_Garay" => SCRIPT_EXTENSIONS___GARAY,
        "Script_Extensions_-_Georgian" => SCRIPT_EXTENSIONS___GEORGIAN,
        "Script_Extensions_-_Glagolitic" => SCRIPT_EXTENSIONS___GLAGOLITIC,
        "Script_Extensions_-_Gothic" => SCRIPT_EXTENSIONS___GOTHIC,
        "Script_Extensions_-_Grantha" => SCRIPT_EXTENSIONS___GRANTHA,
        "Script_Extensions_-_Greek" => SCRIPT_EXTENSIONS___GREEK,
        "Script_Extensions_-_Gujarati" => SCRIPT_EXTENSIONS___GUJARATI,
        "Script_Extensions_-_Gunjala_Gondi" => SCRIPT_EXTENSIONS___GUNJALA_GONDI,
        "Script_Extensions_-_Gurmukhi" => SCRIPT_EXTENSIONS___GURMUKHI,
        "Script_Extensions_-_Gurung_Khema" => SCRIPT_EXTENSIONS___GURUNG_KHEMA,
        "Script_Extensions_-_Han" => SCRIPT_EXTENSIONS___HAN,
        "Script_Extensions_-_Hangul" => SCRIPT_EXTENSIONS___HANGUL,
        "Script_Extensions_-_Hanifi_Rohingya" => SCRIPT_EXTENSIONS___HANIFI_ROHINGYA,
        "Script_Extensions_-_Hanunoo" => SCRIPT_EXTENSIONS___HANUNOO,
        "Script_Extensions_-_Hatran" => SCRIPT_EXTENSIONS___HATRAN,
        "Script_Extensions_-_Hebrew" => SCRIPT_EXTENSIONS___HEBREW,
        "Script_Extensions_-_Hiragana" => SCRIPT_EXTENSIONS___HIRAGANA,
        "Script_Extensions_-_Imperial_Aramaic" => SCRIPT_EXTENSIONS___IMPERIAL_ARAMAIC,
        "Script_Extensions_-_Inherited" => SCRIPT_EXTENSIONS___INHERITED,
        "Script_Extensions_-_Inscriptional_Pahlavi" => SCRIPT_EXTENSIONS___INSCRIPTIONAL_PAHLAVI,
        "Script_Extensions_-_Inscriptional_Parthian" => SCRIPT_EXTENSIONS___INSCRIPTIONAL_PARTHIAN,
        "Script_Extensions_-_Javanese" => SCRIPT_EXTENSIONS___JAVANESE,
        "Script_Extensions_-_Kaithi" => SCRIPT_EXTENSIONS___KAITHI,
        "Script_Extensions_-_Kannada" => SCRIPT_EXTENSIONS___KANNADA,
        "Script_Extensions_-_Katakana" => SCRIPT_EXTENSIONS___KATAKANA,
        "Script_Extensions_-_Kawi" => SCRIPT_EXTENSIONS___KAWI,
        "Script_Extensions_-_Kayah_Li" => SCRIPT_EXTENSIONS___KAYAH_LI,
        "Script_Extensions_-_Kharoshthi" => SCRIPT_EXTENSIONS___KHAROSHTHI,
        "Script_Extensions_-_Khitan_Small_Script" => SCRIPT_EXTENSIONS___KHITAN_SMALL_SCRIPT,
        "Script_Extensions_-_Khmer" => SCRIPT_EXTENSIONS___KHMER,
        "Script_Extensions_-_Khojki" => SCRIPT_EXTENSIONS___KHOJKI,
        "Script_Extensions_-_Khudawadi" => SCRIPT_EXTENSIONS___KHUDAWADI,
        "Script_Extensions_-_Kirat_Rai" => SCRIPT_EXTENSIONS___KIRAT_RAI,
        "Script_Extensions_-_Lao" => SCRIPT_EXTENSIONS___LAO,
        "Script_Extensions_-_Latin" => SCRIPT_EXTENSIONS___LATIN,
        "Script_Extensions_-_Lepcha" => SCRIPT_EXTENSIONS___LEPCHA,
        "Script_Extensions_-_Limbu" => SCRIPT_EXTENSIONS___LIMBU,
        "Script_Extensions_-_Linear_A" => SCRIPT_EXTENSIONS___LINEAR_A,
        "Script_Extensions_-_Linear_B" => SCRIPT_EXTENSIONS___LINEAR_B,
        "Script_Extensions_-_Lisu" => SCRIPT_EXTENSIONS___LISU,
        "Script_Extensions_-_Lycian" => SCRIPT_EXTENSIONS___LYCIAN,
        "Script_Extensions_-_Lydian" => SCRIPT_EXTENSIONS___LYDIAN,
        "Script_Extensions_-_Mahajani" => SCRIPT_EXTENSIONS___MAHAJANI,
        "Script_Extensions_-_Makasar" => SCRIPT_EXTENSIONS___MAKASAR,
        "Script_Extensions_-_Malayalam" => SCRIPT_EXTENSIONS___MALAYALAM,
        "Script_Extensions_-_Mandaic" => SCRIPT_EXTENSIONS___MANDAIC,
        "Script_Extensions_-_Manichaean" => SCRIPT_EXTENSIONS___MANICHAEAN,
        "Script_Extensions_-_Marchen" => SCRIPT_EXTENSIONS___MARCHEN,
        "Script_Extensions_-_Masaram_Gondi" => SCRIPT_EXTENSIONS___MASARAM_GONDI,
        "Script_Extensions_-_Medefaidrin" => SCRIPT_EXTENSIONS___MEDEFAIDRIN,
        "Script_Extensions_-_Meetei_Mayek" => SCRIPT_EXTENSIONS___MEETEI_MAYEK,
        "Script_Extensions_-_Mende_Kikakui" => SCRIPT_EXTENSIONS___MENDE_KIKAKUI,
        "Script_Extensions_-_Meroitic_Cursive" => SCRIPT_EXTENSIONS___MEROITIC_CURSIVE,
        "Script_Extensions_-_Meroitic_Hieroglyphs" => SCRIPT_EXTENSIONS___MEROITIC_HIEROGLYPHS,
        "Script_Extensions_-_Miao" => SCRIPT_EXTENSIONS___MIAO,
        "Script_Extensions_-_Modi" => SCRIPT_EXTENSIONS___MODI,
        "Script_Extensions_-_Mongolian" => SCRIPT_EXTENSIONS___MONGOLIAN,
        "Script_Extensions_-_Mro" => SCRIPT_EXTENSIONS___MRO,
        "Script_Extensions_-_Multani" => SCRIPT_EXTENSIONS___MULTANI,
        "Script_Extensions_-_Myanmar" => SCRIPT_EXTENSIONS___MYANMAR,
        "Script_Extensions_-_Nabataean" => SCRIPT_EXTENSIONS___NABATAEAN,
        "Script_Extensions_-_Nag_Mundari" => SCRIPT_EXTENSIONS___NAG_MUNDARI,
        "Script_Extensions_-_Nandinagari" => SCRIPT_EXTENSIONS___NANDINAGARI,
        "Script_Extensions_-_New_Tai_Lue" => SCRIPT_EXTENSIONS___NEW_TAI_LUE,
        "Script_Extensions_-_Newa" => SCRIPT_EXTENSIONS___NEWA,
        "Script_Extensions_-_Nko" => SCRIPT_EXTENSIONS___NKO,
        "Script_Extensions_-_Nushu" => SCRIPT_EXTENSIONS___NUSHU,
        "Script_Extensions_-_Nyiakeng_Puachue_Hmong" => SCRIPT_EXTENSIONS___NYIAKENG_PUACHUE_HMONG,
        "Script_Extensions_-_Ogham" => SCRIPT_EXTENSIONS___OGHAM,
        "Script_Extensions_-_Ol_Chiki" => SCRIPT_EXTENSIONS___OL_CHIKI,
        "Script_Extensions_-_Ol_Onal" => SCRIPT_EXTENSIONS___OL_ONAL,
        "Script_Extensions_-_Old_Hungarian" => SCRIPT_EXTENSIONS___OLD_HUNGARIAN,
        "Script_Extensions_-_Old_Italic" => SCRIPT_EXTENSIONS___OLD_ITALIC,
        "Script_Extensions_-_Old_North_Arabian" => SCRIPT_EXTENSIONS___OLD_NORTH_ARABIAN,
        "Script_Extensions_-_Old_Permic" => SCRIPT_EXTENSIONS___OLD_PERMIC,
        "Script_Extensions_-_Old_Persian" => SCRIPT_EXTENSIONS___OLD_PERSIAN,
        "Script_Extensions_-_Old_Sogdian" => SCRIPT_EXTENSIONS___OLD_SOGDIAN,
        "Script_Extensions_-_Old_South_Arabian" => SCRIPT_EXTENSIONS___OLD_SOUTH_ARABIAN,
        "Script_Extensions_-_Old_Turkic" => SCRIPT_EXTENSIONS___OLD_TURKIC,
        "Script_Extensions_-_Old_Uyghur" => SCRIPT_EXTENSIONS___OLD_UYGHUR,
        "Script_Extensions_-_Oriya" => SCRIPT_EXTENSIONS___ORIYA,
        "Script_Extensions_-_Osage" => SCRIPT_EXTENSIONS___OSAGE,
        "Script_Extensions_-_Osmanya" => SCRIPT_EXTENSIONS___OSMANYA,
        "Script_Extensions_-_Pahawh_Hmong" => SCRIPT_EXTENSIONS___PAHAWH_HMONG,
        "Script_Extensions_-_Palmyrene" => SCRIPT_EXTENSIONS___PALMYRENE,
        "Script_Extensions_-_Pau_Cin_Hau" => SCRIPT_EXTENSIONS___PAU_CIN_HAU,
        "Script_Extensions_-_Phags_Pa" => SCRIPT_EXTENSIONS___PHAGS_PA,
        "Script_Extensions_-_Phoenician" => SCRIPT_EXTENSIONS___PHOENICIAN,
        "Script_Extensions_-_Psalter_Pahlavi" => SCRIPT_EXTENSIONS___PSALTER_PAHLAVI,
        "Script_Extensions_-_Rejang" => SCRIPT_EXTENSIONS___REJANG,
        "Script_Extensions_-_Runic" => SCRIPT_EXTENSIONS___RUNIC,
        "Script_Extensions_-_Samaritan" => SCRIPT_EXTENSIONS___SAMARITAN,
        "Script_Extensions_-_Saurashtra" => SCRIPT_EXTENSIONS___SAURASHTRA,
        "Script_Extensions_-_Sharada" => SCRIPT_EXTENSIONS___SHARADA,
        "Script_Extensions_-_Shavian" => SCRIPT_EXTENSIONS___SHAVIAN,
        "Script_Extensions_-_Siddham" => SCRIPT_EXTENSIONS___SIDDHAM,
        "Script_Extensions_-_Sidetic" => SCRIPT_EXTENSIONS___SIDETIC,
        "Script_Extensions_-_SignWriting" => SCRIPT_EXTENSIONS___SIGNWRITING,
        "Script_Extensions_-_Sinhala" => SCRIPT_EXTENSIONS___SINHALA,
        "Script_Extensions_-_Sogdian" => SCRIPT_EXTENSIONS___SOGDIAN,
        "Script_Extensions_-_Sora_Sompeng" => SCRIPT_EXTENSIONS___SORA_SOMPENG,
        "Script_Extensions_-_Soyombo" => SCRIPT_EXTENSIONS___SOYOMBO,
        "Script_Extensions_-_Sundanese" => SCRIPT_EXTENSIONS___SUNDANESE,
        "Script_Extensions_-_Sunuwar" => SCRIPT_EXTENSIONS___SUNUWAR,
        "Script_Extensions_-_Syloti_Nagri" => SCRIPT_EXTENSIONS___SYLOTI_NAGRI,
        "Script_Extensions_-_Syriac" => SCRIPT_EXTENSIONS___SYRIAC,
        "Script_Extensions_-_Tagalog" => SCRIPT_EXTENSIONS___TAGALOG,
        "Script_Extensions_-_Tagbanwa" => SCRIPT_EXTENSIONS___TAGBANWA,
        "Script_Extensions_-_Tai_Le" => SCRIPT_EXTENSIONS___TAI_LE,
        "Script_Extensions_-_Tai_Tham" => SCRIPT_EXTENSIONS___TAI_THAM,
        "Script_Extensions_-_Tai_Viet" => SCRIPT_EXTENSIONS___TAI_VIET,
        "Script_Extensions_-_Tai_Yo" => SCRIPT_EXTENSIONS___TAI_YO,
        "Script_Extensions_-_Takri" => SCRIPT_EXTENSIONS___TAKRI,
        "Script_Extensions_-_Tamil" => SCRIPT_EXTENSIONS___TAMIL,
        "Script_Extensions_-_Tangsa" => SCRIPT_EXTENSIONS___TANGSA,
        "Script_Extensions_-_Tangut" => SCRIPT_EXTENSIONS___TANGUT,
        "Script_Extensions_-_Telugu" => SCRIPT_EXTENSIONS___TELUGU,
        "Script_Extensions_-_Thaana" => SCRIPT_EXTENSIONS___THAANA,
        "Script_Extensions_-_Thai" => SCRIPT_EXTENSIONS___THAI,
        "Script_Extensions_-_Tibetan" => SCRIPT_EXTENSIONS___TIBETAN,
        "Script_Extensions_-_Tifinagh" => SCRIPT_EXTENSIONS___TIFINAGH,
        "Script_Extensions_-_Tirhuta" => SCRIPT_EXTENSIONS___TIRHUTA,
        "Script_Extensions_-_Todhri" => SCRIPT_EXTENSIONS___TODHRI,
        "Script_Extensions_-_Tolong_Siki" => SCRIPT_EXTENSIONS___TOLONG_SIKI,
        "Script_Extensions_-_Toto" => SCRIPT_EXTENSIONS___TOTO,
        "Script_Extensions_-_Tulu_Tigalari" => SCRIPT_EXTENSIONS___TULU_TIGALARI,
        "Script_Extensions_-_Ugaritic" => SCRIPT_EXTENSIONS___UGARITIC,
        "Script_Extensions_-_Unknown" => SCRIPT_EXTENSIONS___UNKNOWN,
        "Script_Extensions_-_Vai" => SCRIPT_EXTENSIONS___VAI,
        "Script_Extensions_-_Vithkuqi" => SCRIPT_EXTENSIONS___VITHKUQI,
        "Script_Extensions_-_Wancho" => SCRIPT_EXTENSIONS___WANCHO,
        "Script_Extensions_-_Warang_Citi" => SCRIPT_EXTENSIONS___WARANG_CITI,
        "Script_Extensions_-_Yezidi" => SCRIPT_EXTENSIONS___YEZIDI,
        "Script_Extensions_-_Yi" => SCRIPT_EXTENSIONS___YI,
        "Script_Extensions_-_Zanabazar_Square" => SCRIPT_EXTENSIONS___ZANABAZAR_SQUARE,
        "Sentence_Terminal" => SENTENCE_TERMINAL,
        "Soft_Dotted" => SOFT_DOTTED,
        "Terminal_Punctuation" => TERMINAL_PUNCTUATION,
        "Unified_Ideograph" => UNIFIED_IDEOGRAPH,
        "Uppercase" => UPPERCASE,
        "Variation_Selector" => VARIATION_SELECTOR,
        "White_Space" => WHITE_SPACE,
        "XID_Continue" => XID_CONTINUE,
        "XID_Start" => XID_START,
        _ => return None,
    })
}

/// Map a property-of-strings name to its string set.
/// `\p{Basic_Emoji}` string set (from the test262 fixtures).
pub const BASIC_EMOJI: &[&[u32]] = &[
    &[0x231A],
    &[0x231B],
    &[0x23E9],
    &[0x23EA],
    &[0x23EB],
    &[0x23EC],
    &[0x23F0],
    &[0x23F3],
    &[0x25FD],
    &[0x25FE],
    &[0x2614],
    &[0x2615],
    &[0x2648],
    &[0x2649],
    &[0x264A],
    &[0x264B],
    &[0x264C],
    &[0x264D],
    &[0x264E],
    &[0x264F],
    &[0x2650],
    &[0x2651],
    &[0x2652],
    &[0x2653],
    &[0x267F],
    &[0x2693],
    &[0x26A1],
    &[0x26AA],
    &[0x26AB],
    &[0x26BD],
    &[0x26BE],
    &[0x26C4],
    &[0x26C5],
    &[0x26CE],
    &[0x26D4],
    &[0x26EA],
    &[0x26F2],
    &[0x26F3],
    &[0x26F5],
    &[0x26FA],
    &[0x26FD],
    &[0x2705],
    &[0x270A],
    &[0x270B],
    &[0x2728],
    &[0x274C],
    &[0x274E],
    &[0x2753],
    &[0x2754],
    &[0x2755],
    &[0x2757],
    &[0x2795],
    &[0x2796],
    &[0x2797],
    &[0x27B0],
    &[0x27BF],
    &[0x2B1B],
    &[0x2B1C],
    &[0x2B50],
    &[0x2B55],
    &[0x1F004],
    &[0x1F0CF],
    &[0x1F18E],
    &[0x1F191],
    &[0x1F192],
    &[0x1F193],
    &[0x1F194],
    &[0x1F195],
    &[0x1F196],
    &[0x1F197],
    &[0x1F198],
    &[0x1F199],
    &[0x1F19A],
    &[0x1F201],
    &[0x1F21A],
    &[0x1F22F],
    &[0x1F232],
    &[0x1F233],
    &[0x1F234],
    &[0x1F235],
    &[0x1F236],
    &[0x1F238],
    &[0x1F239],
    &[0x1F23A],
    &[0x1F250],
    &[0x1F251],
    &[0x1F300],
    &[0x1F301],
    &[0x1F302],
    &[0x1F303],
    &[0x1F304],
    &[0x1F305],
    &[0x1F306],
    &[0x1F307],
    &[0x1F308],
    &[0x1F309],
    &[0x1F30A],
    &[0x1F30B],
    &[0x1F30C],
    &[0x1F30D],
    &[0x1F30E],
    &[0x1F30F],
    &[0x1F310],
    &[0x1F311],
    &[0x1F312],
    &[0x1F313],
    &[0x1F314],
    &[0x1F315],
    &[0x1F316],
    &[0x1F317],
    &[0x1F318],
    &[0x1F319],
    &[0x1F31A],
    &[0x1F31B],
    &[0x1F31C],
    &[0x1F31D],
    &[0x1F31E],
    &[0x1F31F],
    &[0x1F320],
    &[0x1F32D],
    &[0x1F32E],
    &[0x1F32F],
    &[0x1F330],
    &[0x1F331],
    &[0x1F332],
    &[0x1F333],
    &[0x1F334],
    &[0x1F335],
    &[0x1F337],
    &[0x1F338],
    &[0x1F339],
    &[0x1F33A],
    &[0x1F33B],
    &[0x1F33C],
    &[0x1F33D],
    &[0x1F33E],
    &[0x1F33F],
    &[0x1F340],
    &[0x1F341],
    &[0x1F342],
    &[0x1F343],
    &[0x1F344],
    &[0x1F345],
    &[0x1F346],
    &[0x1F347],
    &[0x1F348],
    &[0x1F349],
    &[0x1F34A],
    &[0x1F34B],
    &[0x1F34C],
    &[0x1F34D],
    &[0x1F34E],
    &[0x1F34F],
    &[0x1F350],
    &[0x1F351],
    &[0x1F352],
    &[0x1F353],
    &[0x1F354],
    &[0x1F355],
    &[0x1F356],
    &[0x1F357],
    &[0x1F358],
    &[0x1F359],
    &[0x1F35A],
    &[0x1F35B],
    &[0x1F35C],
    &[0x1F35D],
    &[0x1F35E],
    &[0x1F35F],
    &[0x1F360],
    &[0x1F361],
    &[0x1F362],
    &[0x1F363],
    &[0x1F364],
    &[0x1F365],
    &[0x1F366],
    &[0x1F367],
    &[0x1F368],
    &[0x1F369],
    &[0x1F36A],
    &[0x1F36B],
    &[0x1F36C],
    &[0x1F36D],
    &[0x1F36E],
    &[0x1F36F],
    &[0x1F370],
    &[0x1F371],
    &[0x1F372],
    &[0x1F373],
    &[0x1F374],
    &[0x1F375],
    &[0x1F376],
    &[0x1F377],
    &[0x1F378],
    &[0x1F379],
    &[0x1F37A],
    &[0x1F37B],
    &[0x1F37C],
    &[0x1F37E],
    &[0x1F37F],
    &[0x1F380],
    &[0x1F381],
    &[0x1F382],
    &[0x1F383],
    &[0x1F384],
    &[0x1F385],
    &[0x1F386],
    &[0x1F387],
    &[0x1F388],
    &[0x1F389],
    &[0x1F38A],
    &[0x1F38B],
    &[0x1F38C],
    &[0x1F38D],
    &[0x1F38E],
    &[0x1F38F],
    &[0x1F390],
    &[0x1F391],
    &[0x1F392],
    &[0x1F393],
    &[0x1F3A0],
    &[0x1F3A1],
    &[0x1F3A2],
    &[0x1F3A3],
    &[0x1F3A4],
    &[0x1F3A5],
    &[0x1F3A6],
    &[0x1F3A7],
    &[0x1F3A8],
    &[0x1F3A9],
    &[0x1F3AA],
    &[0x1F3AB],
    &[0x1F3AC],
    &[0x1F3AD],
    &[0x1F3AE],
    &[0x1F3AF],
    &[0x1F3B0],
    &[0x1F3B1],
    &[0x1F3B2],
    &[0x1F3B3],
    &[0x1F3B4],
    &[0x1F3B5],
    &[0x1F3B6],
    &[0x1F3B7],
    &[0x1F3B8],
    &[0x1F3B9],
    &[0x1F3BA],
    &[0x1F3BB],
    &[0x1F3BC],
    &[0x1F3BD],
    &[0x1F3BE],
    &[0x1F3BF],
    &[0x1F3C0],
    &[0x1F3C1],
    &[0x1F3C2],
    &[0x1F3C3],
    &[0x1F3C4],
    &[0x1F3C5],
    &[0x1F3C6],
    &[0x1F3C7],
    &[0x1F3C8],
    &[0x1F3C9],
    &[0x1F3CA],
    &[0x1F3CF],
    &[0x1F3D0],
    &[0x1F3D1],
    &[0x1F3D2],
    &[0x1F3D3],
    &[0x1F3E0],
    &[0x1F3E1],
    &[0x1F3E2],
    &[0x1F3E3],
    &[0x1F3E4],
    &[0x1F3E5],
    &[0x1F3E6],
    &[0x1F3E7],
    &[0x1F3E8],
    &[0x1F3E9],
    &[0x1F3EA],
    &[0x1F3EB],
    &[0x1F3EC],
    &[0x1F3ED],
    &[0x1F3EE],
    &[0x1F3EF],
    &[0x1F3F0],
    &[0x1F3F4],
    &[0x1F3F8],
    &[0x1F3F9],
    &[0x1F3FA],
    &[0x1F3FB],
    &[0x1F3FC],
    &[0x1F3FD],
    &[0x1F3FE],
    &[0x1F3FF],
    &[0x1F400],
    &[0x1F401],
    &[0x1F402],
    &[0x1F403],
    &[0x1F404],
    &[0x1F405],
    &[0x1F406],
    &[0x1F407],
    &[0x1F408],
    &[0x1F409],
    &[0x1F40A],
    &[0x1F40B],
    &[0x1F40C],
    &[0x1F40D],
    &[0x1F40E],
    &[0x1F40F],
    &[0x1F410],
    &[0x1F411],
    &[0x1F412],
    &[0x1F413],
    &[0x1F414],
    &[0x1F415],
    &[0x1F416],
    &[0x1F417],
    &[0x1F418],
    &[0x1F419],
    &[0x1F41A],
    &[0x1F41B],
    &[0x1F41C],
    &[0x1F41D],
    &[0x1F41E],
    &[0x1F41F],
    &[0x1F420],
    &[0x1F421],
    &[0x1F422],
    &[0x1F423],
    &[0x1F424],
    &[0x1F425],
    &[0x1F426],
    &[0x1F427],
    &[0x1F428],
    &[0x1F429],
    &[0x1F42A],
    &[0x1F42B],
    &[0x1F42C],
    &[0x1F42D],
    &[0x1F42E],
    &[0x1F42F],
    &[0x1F430],
    &[0x1F431],
    &[0x1F432],
    &[0x1F433],
    &[0x1F434],
    &[0x1F435],
    &[0x1F436],
    &[0x1F437],
    &[0x1F438],
    &[0x1F439],
    &[0x1F43A],
    &[0x1F43B],
    &[0x1F43C],
    &[0x1F43D],
    &[0x1F43E],
    &[0x1F440],
    &[0x1F442],
    &[0x1F443],
    &[0x1F444],
    &[0x1F445],
    &[0x1F446],
    &[0x1F447],
    &[0x1F448],
    &[0x1F449],
    &[0x1F44A],
    &[0x1F44B],
    &[0x1F44C],
    &[0x1F44D],
    &[0x1F44E],
    &[0x1F44F],
    &[0x1F450],
    &[0x1F451],
    &[0x1F452],
    &[0x1F453],
    &[0x1F454],
    &[0x1F455],
    &[0x1F456],
    &[0x1F457],
    &[0x1F458],
    &[0x1F459],
    &[0x1F45A],
    &[0x1F45B],
    &[0x1F45C],
    &[0x1F45D],
    &[0x1F45E],
    &[0x1F45F],
    &[0x1F460],
    &[0x1F461],
    &[0x1F462],
    &[0x1F463],
    &[0x1F464],
    &[0x1F465],
    &[0x1F466],
    &[0x1F467],
    &[0x1F468],
    &[0x1F469],
    &[0x1F46A],
    &[0x1F46B],
    &[0x1F46C],
    &[0x1F46D],
    &[0x1F46E],
    &[0x1F46F],
    &[0x1F470],
    &[0x1F471],
    &[0x1F472],
    &[0x1F473],
    &[0x1F474],
    &[0x1F475],
    &[0x1F476],
    &[0x1F477],
    &[0x1F478],
    &[0x1F479],
    &[0x1F47A],
    &[0x1F47B],
    &[0x1F47C],
    &[0x1F47D],
    &[0x1F47E],
    &[0x1F47F],
    &[0x1F480],
    &[0x1F481],
    &[0x1F482],
    &[0x1F483],
    &[0x1F484],
    &[0x1F485],
    &[0x1F486],
    &[0x1F487],
    &[0x1F488],
    &[0x1F489],
    &[0x1F48A],
    &[0x1F48B],
    &[0x1F48C],
    &[0x1F48D],
    &[0x1F48E],
    &[0x1F48F],
    &[0x1F490],
    &[0x1F491],
    &[0x1F492],
    &[0x1F493],
    &[0x1F494],
    &[0x1F495],
    &[0x1F496],
    &[0x1F497],
    &[0x1F498],
    &[0x1F499],
    &[0x1F49A],
    &[0x1F49B],
    &[0x1F49C],
    &[0x1F49D],
    &[0x1F49E],
    &[0x1F49F],
    &[0x1F4A0],
    &[0x1F4A1],
    &[0x1F4A2],
    &[0x1F4A3],
    &[0x1F4A4],
    &[0x1F4A5],
    &[0x1F4A6],
    &[0x1F4A7],
    &[0x1F4A8],
    &[0x1F4A9],
    &[0x1F4AA],
    &[0x1F4AB],
    &[0x1F4AC],
    &[0x1F4AD],
    &[0x1F4AE],
    &[0x1F4AF],
    &[0x1F4B0],
    &[0x1F4B1],
    &[0x1F4B2],
    &[0x1F4B3],
    &[0x1F4B4],
    &[0x1F4B5],
    &[0x1F4B6],
    &[0x1F4B7],
    &[0x1F4B8],
    &[0x1F4B9],
    &[0x1F4BA],
    &[0x1F4BB],
    &[0x1F4BC],
    &[0x1F4BD],
    &[0x1F4BE],
    &[0x1F4BF],
    &[0x1F4C0],
    &[0x1F4C1],
    &[0x1F4C2],
    &[0x1F4C3],
    &[0x1F4C4],
    &[0x1F4C5],
    &[0x1F4C6],
    &[0x1F4C7],
    &[0x1F4C8],
    &[0x1F4C9],
    &[0x1F4CA],
    &[0x1F4CB],
    &[0x1F4CC],
    &[0x1F4CD],
    &[0x1F4CE],
    &[0x1F4CF],
    &[0x1F4D0],
    &[0x1F4D1],
    &[0x1F4D2],
    &[0x1F4D3],
    &[0x1F4D4],
    &[0x1F4D5],
    &[0x1F4D6],
    &[0x1F4D7],
    &[0x1F4D8],
    &[0x1F4D9],
    &[0x1F4DA],
    &[0x1F4DB],
    &[0x1F4DC],
    &[0x1F4DD],
    &[0x1F4DE],
    &[0x1F4DF],
    &[0x1F4E0],
    &[0x1F4E1],
    &[0x1F4E2],
    &[0x1F4E3],
    &[0x1F4E4],
    &[0x1F4E5],
    &[0x1F4E6],
    &[0x1F4E7],
    &[0x1F4E8],
    &[0x1F4E9],
    &[0x1F4EA],
    &[0x1F4EB],
    &[0x1F4EC],
    &[0x1F4ED],
    &[0x1F4EE],
    &[0x1F4EF],
    &[0x1F4F0],
    &[0x1F4F1],
    &[0x1F4F2],
    &[0x1F4F3],
    &[0x1F4F4],
    &[0x1F4F5],
    &[0x1F4F6],
    &[0x1F4F7],
    &[0x1F4F8],
    &[0x1F4F9],
    &[0x1F4FA],
    &[0x1F4FB],
    &[0x1F4FC],
    &[0x1F4FF],
    &[0x1F500],
    &[0x1F501],
    &[0x1F502],
    &[0x1F503],
    &[0x1F504],
    &[0x1F505],
    &[0x1F506],
    &[0x1F507],
    &[0x1F508],
    &[0x1F509],
    &[0x1F50A],
    &[0x1F50B],
    &[0x1F50C],
    &[0x1F50D],
    &[0x1F50E],
    &[0x1F50F],
    &[0x1F510],
    &[0x1F511],
    &[0x1F512],
    &[0x1F513],
    &[0x1F514],
    &[0x1F515],
    &[0x1F516],
    &[0x1F517],
    &[0x1F518],
    &[0x1F519],
    &[0x1F51A],
    &[0x1F51B],
    &[0x1F51C],
    &[0x1F51D],
    &[0x1F51E],
    &[0x1F51F],
    &[0x1F520],
    &[0x1F521],
    &[0x1F522],
    &[0x1F523],
    &[0x1F524],
    &[0x1F525],
    &[0x1F526],
    &[0x1F527],
    &[0x1F528],
    &[0x1F529],
    &[0x1F52A],
    &[0x1F52B],
    &[0x1F52C],
    &[0x1F52D],
    &[0x1F52E],
    &[0x1F52F],
    &[0x1F530],
    &[0x1F531],
    &[0x1F532],
    &[0x1F533],
    &[0x1F534],
    &[0x1F535],
    &[0x1F536],
    &[0x1F537],
    &[0x1F538],
    &[0x1F539],
    &[0x1F53A],
    &[0x1F53B],
    &[0x1F53C],
    &[0x1F53D],
    &[0x1F54B],
    &[0x1F54C],
    &[0x1F54D],
    &[0x1F54E],
    &[0x1F550],
    &[0x1F551],
    &[0x1F552],
    &[0x1F553],
    &[0x1F554],
    &[0x1F555],
    &[0x1F556],
    &[0x1F557],
    &[0x1F558],
    &[0x1F559],
    &[0x1F55A],
    &[0x1F55B],
    &[0x1F55C],
    &[0x1F55D],
    &[0x1F55E],
    &[0x1F55F],
    &[0x1F560],
    &[0x1F561],
    &[0x1F562],
    &[0x1F563],
    &[0x1F564],
    &[0x1F565],
    &[0x1F566],
    &[0x1F567],
    &[0x1F57A],
    &[0x1F595],
    &[0x1F596],
    &[0x1F5A4],
    &[0x1F5FB],
    &[0x1F5FC],
    &[0x1F5FD],
    &[0x1F5FE],
    &[0x1F5FF],
    &[0x1F600],
    &[0x1F601],
    &[0x1F602],
    &[0x1F603],
    &[0x1F604],
    &[0x1F605],
    &[0x1F606],
    &[0x1F607],
    &[0x1F608],
    &[0x1F609],
    &[0x1F60A],
    &[0x1F60B],
    &[0x1F60C],
    &[0x1F60D],
    &[0x1F60E],
    &[0x1F60F],
    &[0x1F610],
    &[0x1F611],
    &[0x1F612],
    &[0x1F613],
    &[0x1F614],
    &[0x1F615],
    &[0x1F616],
    &[0x1F617],
    &[0x1F618],
    &[0x1F619],
    &[0x1F61A],
    &[0x1F61B],
    &[0x1F61C],
    &[0x1F61D],
    &[0x1F61E],
    &[0x1F61F],
    &[0x1F620],
    &[0x1F621],
    &[0x1F622],
    &[0x1F623],
    &[0x1F624],
    &[0x1F625],
    &[0x1F626],
    &[0x1F627],
    &[0x1F628],
    &[0x1F629],
    &[0x1F62A],
    &[0x1F62B],
    &[0x1F62C],
    &[0x1F62D],
    &[0x1F62E],
    &[0x1F62F],
    &[0x1F630],
    &[0x1F631],
    &[0x1F632],
    &[0x1F633],
    &[0x1F634],
    &[0x1F635],
    &[0x1F636],
    &[0x1F637],
    &[0x1F638],
    &[0x1F639],
    &[0x1F63A],
    &[0x1F63B],
    &[0x1F63C],
    &[0x1F63D],
    &[0x1F63E],
    &[0x1F63F],
    &[0x1F640],
    &[0x1F641],
    &[0x1F642],
    &[0x1F643],
    &[0x1F644],
    &[0x1F645],
    &[0x1F646],
    &[0x1F647],
    &[0x1F648],
    &[0x1F649],
    &[0x1F64A],
    &[0x1F64B],
    &[0x1F64C],
    &[0x1F64D],
    &[0x1F64E],
    &[0x1F64F],
    &[0x1F680],
    &[0x1F681],
    &[0x1F682],
    &[0x1F683],
    &[0x1F684],
    &[0x1F685],
    &[0x1F686],
    &[0x1F687],
    &[0x1F688],
    &[0x1F689],
    &[0x1F68A],
    &[0x1F68B],
    &[0x1F68C],
    &[0x1F68D],
    &[0x1F68E],
    &[0x1F68F],
    &[0x1F690],
    &[0x1F691],
    &[0x1F692],
    &[0x1F693],
    &[0x1F694],
    &[0x1F695],
    &[0x1F696],
    &[0x1F697],
    &[0x1F698],
    &[0x1F699],
    &[0x1F69A],
    &[0x1F69B],
    &[0x1F69C],
    &[0x1F69D],
    &[0x1F69E],
    &[0x1F69F],
    &[0x1F6A0],
    &[0x1F6A1],
    &[0x1F6A2],
    &[0x1F6A3],
    &[0x1F6A4],
    &[0x1F6A5],
    &[0x1F6A6],
    &[0x1F6A7],
    &[0x1F6A8],
    &[0x1F6A9],
    &[0x1F6AA],
    &[0x1F6AB],
    &[0x1F6AC],
    &[0x1F6AD],
    &[0x1F6AE],
    &[0x1F6AF],
    &[0x1F6B0],
    &[0x1F6B1],
    &[0x1F6B2],
    &[0x1F6B3],
    &[0x1F6B4],
    &[0x1F6B5],
    &[0x1F6B6],
    &[0x1F6B7],
    &[0x1F6B8],
    &[0x1F6B9],
    &[0x1F6BA],
    &[0x1F6BB],
    &[0x1F6BC],
    &[0x1F6BD],
    &[0x1F6BE],
    &[0x1F6BF],
    &[0x1F6C0],
    &[0x1F6C1],
    &[0x1F6C2],
    &[0x1F6C3],
    &[0x1F6C4],
    &[0x1F6C5],
    &[0x1F6CC],
    &[0x1F6D0],
    &[0x1F6D1],
    &[0x1F6D2],
    &[0x1F6D5],
    &[0x1F6D6],
    &[0x1F6D7],
    &[0x1F6D8],
    &[0x1F6DC],
    &[0x1F6DD],
    &[0x1F6DE],
    &[0x1F6DF],
    &[0x1F6EB],
    &[0x1F6EC],
    &[0x1F6F4],
    &[0x1F6F5],
    &[0x1F6F6],
    &[0x1F6F7],
    &[0x1F6F8],
    &[0x1F6F9],
    &[0x1F6FA],
    &[0x1F6FB],
    &[0x1F6FC],
    &[0x1F7E0],
    &[0x1F7E1],
    &[0x1F7E2],
    &[0x1F7E3],
    &[0x1F7E4],
    &[0x1F7E5],
    &[0x1F7E6],
    &[0x1F7E7],
    &[0x1F7E8],
    &[0x1F7E9],
    &[0x1F7EA],
    &[0x1F7EB],
    &[0x1F7F0],
    &[0x1F90C],
    &[0x1F90D],
    &[0x1F90E],
    &[0x1F90F],
    &[0x1F910],
    &[0x1F911],
    &[0x1F912],
    &[0x1F913],
    &[0x1F914],
    &[0x1F915],
    &[0x1F916],
    &[0x1F917],
    &[0x1F918],
    &[0x1F919],
    &[0x1F91A],
    &[0x1F91B],
    &[0x1F91C],
    &[0x1F91D],
    &[0x1F91E],
    &[0x1F91F],
    &[0x1F920],
    &[0x1F921],
    &[0x1F922],
    &[0x1F923],
    &[0x1F924],
    &[0x1F925],
    &[0x1F926],
    &[0x1F927],
    &[0x1F928],
    &[0x1F929],
    &[0x1F92A],
    &[0x1F92B],
    &[0x1F92C],
    &[0x1F92D],
    &[0x1F92E],
    &[0x1F92F],
    &[0x1F930],
    &[0x1F931],
    &[0x1F932],
    &[0x1F933],
    &[0x1F934],
    &[0x1F935],
    &[0x1F936],
    &[0x1F937],
    &[0x1F938],
    &[0x1F939],
    &[0x1F93A],
    &[0x1F93C],
    &[0x1F93D],
    &[0x1F93E],
    &[0x1F93F],
    &[0x1F940],
    &[0x1F941],
    &[0x1F942],
    &[0x1F943],
    &[0x1F944],
    &[0x1F945],
    &[0x1F947],
    &[0x1F948],
    &[0x1F949],
    &[0x1F94A],
    &[0x1F94B],
    &[0x1F94C],
    &[0x1F94D],
    &[0x1F94E],
    &[0x1F94F],
    &[0x1F950],
    &[0x1F951],
    &[0x1F952],
    &[0x1F953],
    &[0x1F954],
    &[0x1F955],
    &[0x1F956],
    &[0x1F957],
    &[0x1F958],
    &[0x1F959],
    &[0x1F95A],
    &[0x1F95B],
    &[0x1F95C],
    &[0x1F95D],
    &[0x1F95E],
    &[0x1F95F],
    &[0x1F960],
    &[0x1F961],
    &[0x1F962],
    &[0x1F963],
    &[0x1F964],
    &[0x1F965],
    &[0x1F966],
    &[0x1F967],
    &[0x1F968],
    &[0x1F969],
    &[0x1F96A],
    &[0x1F96B],
    &[0x1F96C],
    &[0x1F96D],
    &[0x1F96E],
    &[0x1F96F],
    &[0x1F970],
    &[0x1F971],
    &[0x1F972],
    &[0x1F973],
    &[0x1F974],
    &[0x1F975],
    &[0x1F976],
    &[0x1F977],
    &[0x1F978],
    &[0x1F979],
    &[0x1F97A],
    &[0x1F97B],
    &[0x1F97C],
    &[0x1F97D],
    &[0x1F97E],
    &[0x1F97F],
    &[0x1F980],
    &[0x1F981],
    &[0x1F982],
    &[0x1F983],
    &[0x1F984],
    &[0x1F985],
    &[0x1F986],
    &[0x1F987],
    &[0x1F988],
    &[0x1F989],
    &[0x1F98A],
    &[0x1F98B],
    &[0x1F98C],
    &[0x1F98D],
    &[0x1F98E],
    &[0x1F98F],
    &[0x1F990],
    &[0x1F991],
    &[0x1F992],
    &[0x1F993],
    &[0x1F994],
    &[0x1F995],
    &[0x1F996],
    &[0x1F997],
    &[0x1F998],
    &[0x1F999],
    &[0x1F99A],
    &[0x1F99B],
    &[0x1F99C],
    &[0x1F99D],
    &[0x1F99E],
    &[0x1F99F],
    &[0x1F9A0],
    &[0x1F9A1],
    &[0x1F9A2],
    &[0x1F9A3],
    &[0x1F9A4],
    &[0x1F9A5],
    &[0x1F9A6],
    &[0x1F9A7],
    &[0x1F9A8],
    &[0x1F9A9],
    &[0x1F9AA],
    &[0x1F9AB],
    &[0x1F9AC],
    &[0x1F9AD],
    &[0x1F9AE],
    &[0x1F9AF],
    &[0x1F9B0],
    &[0x1F9B1],
    &[0x1F9B2],
    &[0x1F9B3],
    &[0x1F9B4],
    &[0x1F9B5],
    &[0x1F9B6],
    &[0x1F9B7],
    &[0x1F9B8],
    &[0x1F9B9],
    &[0x1F9BA],
    &[0x1F9BB],
    &[0x1F9BC],
    &[0x1F9BD],
    &[0x1F9BE],
    &[0x1F9BF],
    &[0x1F9C0],
    &[0x1F9C1],
    &[0x1F9C2],
    &[0x1F9C3],
    &[0x1F9C4],
    &[0x1F9C5],
    &[0x1F9C6],
    &[0x1F9C7],
    &[0x1F9C8],
    &[0x1F9C9],
    &[0x1F9CA],
    &[0x1F9CB],
    &[0x1F9CC],
    &[0x1F9CD],
    &[0x1F9CE],
    &[0x1F9CF],
    &[0x1F9D0],
    &[0x1F9D1],
    &[0x1F9D2],
    &[0x1F9D3],
    &[0x1F9D4],
    &[0x1F9D5],
    &[0x1F9D6],
    &[0x1F9D7],
    &[0x1F9D8],
    &[0x1F9D9],
    &[0x1F9DA],
    &[0x1F9DB],
    &[0x1F9DC],
    &[0x1F9DD],
    &[0x1F9DE],
    &[0x1F9DF],
    &[0x1F9E0],
    &[0x1F9E1],
    &[0x1F9E2],
    &[0x1F9E3],
    &[0x1F9E4],
    &[0x1F9E5],
    &[0x1F9E6],
    &[0x1F9E7],
    &[0x1F9E8],
    &[0x1F9E9],
    &[0x1F9EA],
    &[0x1F9EB],
    &[0x1F9EC],
    &[0x1F9ED],
    &[0x1F9EE],
    &[0x1F9EF],
    &[0x1F9F0],
    &[0x1F9F1],
    &[0x1F9F2],
    &[0x1F9F3],
    &[0x1F9F4],
    &[0x1F9F5],
    &[0x1F9F6],
    &[0x1F9F7],
    &[0x1F9F8],
    &[0x1F9F9],
    &[0x1F9FA],
    &[0x1F9FB],
    &[0x1F9FC],
    &[0x1F9FD],
    &[0x1F9FE],
    &[0x1F9FF],
    &[0x1FA70],
    &[0x1FA71],
    &[0x1FA72],
    &[0x1FA73],
    &[0x1FA74],
    &[0x1FA75],
    &[0x1FA76],
    &[0x1FA77],
    &[0x1FA78],
    &[0x1FA79],
    &[0x1FA7A],
    &[0x1FA7B],
    &[0x1FA7C],
    &[0x1FA80],
    &[0x1FA81],
    &[0x1FA82],
    &[0x1FA83],
    &[0x1FA84],
    &[0x1FA85],
    &[0x1FA86],
    &[0x1FA87],
    &[0x1FA88],
    &[0x1FA89],
    &[0x1FA8A],
    &[0x1FA8E],
    &[0x1FA8F],
    &[0x1FA90],
    &[0x1FA91],
    &[0x1FA92],
    &[0x1FA93],
    &[0x1FA94],
    &[0x1FA95],
    &[0x1FA96],
    &[0x1FA97],
    &[0x1FA98],
    &[0x1FA99],
    &[0x1FA9A],
    &[0x1FA9B],
    &[0x1FA9C],
    &[0x1FA9D],
    &[0x1FA9E],
    &[0x1FA9F],
    &[0x1FAA0],
    &[0x1FAA1],
    &[0x1FAA2],
    &[0x1FAA3],
    &[0x1FAA4],
    &[0x1FAA5],
    &[0x1FAA6],
    &[0x1FAA7],
    &[0x1FAA8],
    &[0x1FAA9],
    &[0x1FAAA],
    &[0x1FAAB],
    &[0x1FAAC],
    &[0x1FAAD],
    &[0x1FAAE],
    &[0x1FAAF],
    &[0x1FAB0],
    &[0x1FAB1],
    &[0x1FAB2],
    &[0x1FAB3],
    &[0x1FAB4],
    &[0x1FAB5],
    &[0x1FAB6],
    &[0x1FAB7],
    &[0x1FAB8],
    &[0x1FAB9],
    &[0x1FABA],
    &[0x1FABB],
    &[0x1FABC],
    &[0x1FABD],
    &[0x1FABE],
    &[0x1FABF],
    &[0x1FAC0],
    &[0x1FAC1],
    &[0x1FAC2],
    &[0x1FAC3],
    &[0x1FAC4],
    &[0x1FAC5],
    &[0x1FAC6],
    &[0x1FAC8],
    &[0x1FACD],
    &[0x1FACE],
    &[0x1FACF],
    &[0x1FAD0],
    &[0x1FAD1],
    &[0x1FAD2],
    &[0x1FAD3],
    &[0x1FAD4],
    &[0x1FAD5],
    &[0x1FAD6],
    &[0x1FAD7],
    &[0x1FAD8],
    &[0x1FAD9],
    &[0x1FADA],
    &[0x1FADB],
    &[0x1FADC],
    &[0x1FADF],
    &[0x1FAE0],
    &[0x1FAE1],
    &[0x1FAE2],
    &[0x1FAE3],
    &[0x1FAE4],
    &[0x1FAE5],
    &[0x1FAE6],
    &[0x1FAE7],
    &[0x1FAE8],
    &[0x1FAE9],
    &[0x1FAEA],
    &[0x1FAEF],
    &[0x1FAF0],
    &[0x1FAF1],
    &[0x1FAF2],
    &[0x1FAF3],
    &[0x1FAF4],
    &[0x1FAF5],
    &[0x1FAF6],
    &[0x1FAF7],
    &[0x1FAF8],
    &[0x00A9, 0xFE0F],
    &[0x00AE, 0xFE0F],
    &[0x203C, 0xFE0F],
    &[0x2049, 0xFE0F],
    &[0x2122, 0xFE0F],
    &[0x2139, 0xFE0F],
    &[0x2194, 0xFE0F],
    &[0x2195, 0xFE0F],
    &[0x2196, 0xFE0F],
    &[0x2197, 0xFE0F],
    &[0x2198, 0xFE0F],
    &[0x2199, 0xFE0F],
    &[0x21A9, 0xFE0F],
    &[0x21AA, 0xFE0F],
    &[0x2328, 0xFE0F],
    &[0x23CF, 0xFE0F],
    &[0x23ED, 0xFE0F],
    &[0x23EE, 0xFE0F],
    &[0x23EF, 0xFE0F],
    &[0x23F1, 0xFE0F],
    &[0x23F2, 0xFE0F],
    &[0x23F8, 0xFE0F],
    &[0x23F9, 0xFE0F],
    &[0x23FA, 0xFE0F],
    &[0x24C2, 0xFE0F],
    &[0x25AA, 0xFE0F],
    &[0x25AB, 0xFE0F],
    &[0x25B6, 0xFE0F],
    &[0x25C0, 0xFE0F],
    &[0x25FB, 0xFE0F],
    &[0x25FC, 0xFE0F],
    &[0x2600, 0xFE0F],
    &[0x2601, 0xFE0F],
    &[0x2602, 0xFE0F],
    &[0x2603, 0xFE0F],
    &[0x2604, 0xFE0F],
    &[0x260E, 0xFE0F],
    &[0x2611, 0xFE0F],
    &[0x2618, 0xFE0F],
    &[0x261D, 0xFE0F],
    &[0x2620, 0xFE0F],
    &[0x2622, 0xFE0F],
    &[0x2623, 0xFE0F],
    &[0x2626, 0xFE0F],
    &[0x262A, 0xFE0F],
    &[0x262E, 0xFE0F],
    &[0x262F, 0xFE0F],
    &[0x2638, 0xFE0F],
    &[0x2639, 0xFE0F],
    &[0x263A, 0xFE0F],
    &[0x2640, 0xFE0F],
    &[0x2642, 0xFE0F],
    &[0x265F, 0xFE0F],
    &[0x2660, 0xFE0F],
    &[0x2663, 0xFE0F],
    &[0x2665, 0xFE0F],
    &[0x2666, 0xFE0F],
    &[0x2668, 0xFE0F],
    &[0x267B, 0xFE0F],
    &[0x267E, 0xFE0F],
    &[0x2692, 0xFE0F],
    &[0x2694, 0xFE0F],
    &[0x2695, 0xFE0F],
    &[0x2696, 0xFE0F],
    &[0x2697, 0xFE0F],
    &[0x2699, 0xFE0F],
    &[0x269B, 0xFE0F],
    &[0x269C, 0xFE0F],
    &[0x26A0, 0xFE0F],
    &[0x26A7, 0xFE0F],
    &[0x26B0, 0xFE0F],
    &[0x26B1, 0xFE0F],
    &[0x26C8, 0xFE0F],
    &[0x26CF, 0xFE0F],
    &[0x26D1, 0xFE0F],
    &[0x26D3, 0xFE0F],
    &[0x26E9, 0xFE0F],
    &[0x26F0, 0xFE0F],
    &[0x26F1, 0xFE0F],
    &[0x26F4, 0xFE0F],
    &[0x26F7, 0xFE0F],
    &[0x26F8, 0xFE0F],
    &[0x26F9, 0xFE0F],
    &[0x2702, 0xFE0F],
    &[0x2708, 0xFE0F],
    &[0x2709, 0xFE0F],
    &[0x270C, 0xFE0F],
    &[0x270D, 0xFE0F],
    &[0x270F, 0xFE0F],
    &[0x2712, 0xFE0F],
    &[0x2714, 0xFE0F],
    &[0x2716, 0xFE0F],
    &[0x271D, 0xFE0F],
    &[0x2721, 0xFE0F],
    &[0x2733, 0xFE0F],
    &[0x2734, 0xFE0F],
    &[0x2744, 0xFE0F],
    &[0x2747, 0xFE0F],
    &[0x2763, 0xFE0F],
    &[0x2764, 0xFE0F],
    &[0x27A1, 0xFE0F],
    &[0x2934, 0xFE0F],
    &[0x2935, 0xFE0F],
    &[0x2B05, 0xFE0F],
    &[0x2B06, 0xFE0F],
    &[0x2B07, 0xFE0F],
    &[0x3030, 0xFE0F],
    &[0x303D, 0xFE0F],
    &[0x3297, 0xFE0F],
    &[0x3299, 0xFE0F],
    &[0x1F170, 0xFE0F],
    &[0x1F171, 0xFE0F],
    &[0x1F17E, 0xFE0F],
    &[0x1F17F, 0xFE0F],
    &[0x1F202, 0xFE0F],
    &[0x1F237, 0xFE0F],
    &[0x1F321, 0xFE0F],
    &[0x1F324, 0xFE0F],
    &[0x1F325, 0xFE0F],
    &[0x1F326, 0xFE0F],
    &[0x1F327, 0xFE0F],
    &[0x1F328, 0xFE0F],
    &[0x1F329, 0xFE0F],
    &[0x1F32A, 0xFE0F],
    &[0x1F32B, 0xFE0F],
    &[0x1F32C, 0xFE0F],
    &[0x1F336, 0xFE0F],
    &[0x1F37D, 0xFE0F],
    &[0x1F396, 0xFE0F],
    &[0x1F397, 0xFE0F],
    &[0x1F399, 0xFE0F],
    &[0x1F39A, 0xFE0F],
    &[0x1F39B, 0xFE0F],
    &[0x1F39E, 0xFE0F],
    &[0x1F39F, 0xFE0F],
    &[0x1F3CB, 0xFE0F],
    &[0x1F3CC, 0xFE0F],
    &[0x1F3CD, 0xFE0F],
    &[0x1F3CE, 0xFE0F],
    &[0x1F3D4, 0xFE0F],
    &[0x1F3D5, 0xFE0F],
    &[0x1F3D6, 0xFE0F],
    &[0x1F3D7, 0xFE0F],
    &[0x1F3D8, 0xFE0F],
    &[0x1F3D9, 0xFE0F],
    &[0x1F3DA, 0xFE0F],
    &[0x1F3DB, 0xFE0F],
    &[0x1F3DC, 0xFE0F],
    &[0x1F3DD, 0xFE0F],
    &[0x1F3DE, 0xFE0F],
    &[0x1F3DF, 0xFE0F],
    &[0x1F3F3, 0xFE0F],
    &[0x1F3F5, 0xFE0F],
    &[0x1F3F7, 0xFE0F],
    &[0x1F43F, 0xFE0F],
    &[0x1F441, 0xFE0F],
    &[0x1F4FD, 0xFE0F],
    &[0x1F549, 0xFE0F],
    &[0x1F54A, 0xFE0F],
    &[0x1F56F, 0xFE0F],
    &[0x1F570, 0xFE0F],
    &[0x1F573, 0xFE0F],
    &[0x1F574, 0xFE0F],
    &[0x1F575, 0xFE0F],
    &[0x1F576, 0xFE0F],
    &[0x1F577, 0xFE0F],
    &[0x1F578, 0xFE0F],
    &[0x1F579, 0xFE0F],
    &[0x1F587, 0xFE0F],
    &[0x1F58A, 0xFE0F],
    &[0x1F58B, 0xFE0F],
    &[0x1F58C, 0xFE0F],
    &[0x1F58D, 0xFE0F],
    &[0x1F590, 0xFE0F],
    &[0x1F5A5, 0xFE0F],
    &[0x1F5A8, 0xFE0F],
    &[0x1F5B1, 0xFE0F],
    &[0x1F5B2, 0xFE0F],
    &[0x1F5BC, 0xFE0F],
    &[0x1F5C2, 0xFE0F],
    &[0x1F5C3, 0xFE0F],
    &[0x1F5C4, 0xFE0F],
    &[0x1F5D1, 0xFE0F],
    &[0x1F5D2, 0xFE0F],
    &[0x1F5D3, 0xFE0F],
    &[0x1F5DC, 0xFE0F],
    &[0x1F5DD, 0xFE0F],
    &[0x1F5DE, 0xFE0F],
    &[0x1F5E1, 0xFE0F],
    &[0x1F5E3, 0xFE0F],
    &[0x1F5E8, 0xFE0F],
    &[0x1F5EF, 0xFE0F],
    &[0x1F5F3, 0xFE0F],
    &[0x1F5FA, 0xFE0F],
    &[0x1F6CB, 0xFE0F],
    &[0x1F6CD, 0xFE0F],
    &[0x1F6CE, 0xFE0F],
    &[0x1F6CF, 0xFE0F],
    &[0x1F6E0, 0xFE0F],
    &[0x1F6E1, 0xFE0F],
    &[0x1F6E2, 0xFE0F],
    &[0x1F6E3, 0xFE0F],
    &[0x1F6E4, 0xFE0F],
    &[0x1F6E5, 0xFE0F],
    &[0x1F6E9, 0xFE0F],
    &[0x1F6F0, 0xFE0F],
    &[0x1F6F3, 0xFE0F],
];

/// `\p{Emoji_Keycap_Sequence}` string set (from the test262 fixtures).
pub const EMOJI_KEYCAP_SEQUENCE: &[&[u32]] = &[
    &[0x0023, 0xFE0F, 0x20E3],
    &[0x002A, 0xFE0F, 0x20E3],
    &[0x0030, 0xFE0F, 0x20E3],
    &[0x0031, 0xFE0F, 0x20E3],
    &[0x0032, 0xFE0F, 0x20E3],
    &[0x0033, 0xFE0F, 0x20E3],
    &[0x0034, 0xFE0F, 0x20E3],
    &[0x0035, 0xFE0F, 0x20E3],
    &[0x0036, 0xFE0F, 0x20E3],
    &[0x0037, 0xFE0F, 0x20E3],
    &[0x0038, 0xFE0F, 0x20E3],
    &[0x0039, 0xFE0F, 0x20E3],
];

/// `\p{RGI_Emoji}` string set (from the test262 fixtures).
pub const RGI_EMOJI: &[&[u32]] = &[
    &[0x0023, 0xFE0F, 0x20E3],
    &[0x002A, 0xFE0F, 0x20E3],
    &[0x0030, 0xFE0F, 0x20E3],
    &[0x0031, 0xFE0F, 0x20E3],
    &[0x0032, 0xFE0F, 0x20E3],
    &[0x0033, 0xFE0F, 0x20E3],
    &[0x0034, 0xFE0F, 0x20E3],
    &[0x0035, 0xFE0F, 0x20E3],
    &[0x0036, 0xFE0F, 0x20E3],
    &[0x0037, 0xFE0F, 0x20E3],
    &[0x0038, 0xFE0F, 0x20E3],
    &[0x0039, 0xFE0F, 0x20E3],
    &[0x00A9, 0xFE0F],
    &[0x00AE, 0xFE0F],
    &[0x203C, 0xFE0F],
    &[0x2049, 0xFE0F],
    &[0x2122, 0xFE0F],
    &[0x2139, 0xFE0F],
    &[0x2194, 0xFE0F],
    &[0x2195, 0xFE0F],
    &[0x2196, 0xFE0F],
    &[0x2197, 0xFE0F],
    &[0x2198, 0xFE0F],
    &[0x2199, 0xFE0F],
    &[0x21A9, 0xFE0F],
    &[0x21AA, 0xFE0F],
    &[0x231A],
    &[0x231B],
    &[0x2328, 0xFE0F],
    &[0x23CF, 0xFE0F],
    &[0x23E9],
    &[0x23EA],
    &[0x23EB],
    &[0x23EC],
    &[0x23ED, 0xFE0F],
    &[0x23EE, 0xFE0F],
    &[0x23EF, 0xFE0F],
    &[0x23F0],
    &[0x23F1, 0xFE0F],
    &[0x23F2, 0xFE0F],
    &[0x23F3],
    &[0x23F8, 0xFE0F],
    &[0x23F9, 0xFE0F],
    &[0x23FA, 0xFE0F],
    &[0x24C2, 0xFE0F],
    &[0x25AA, 0xFE0F],
    &[0x25AB, 0xFE0F],
    &[0x25B6, 0xFE0F],
    &[0x25C0, 0xFE0F],
    &[0x25FB, 0xFE0F],
    &[0x25FC, 0xFE0F],
    &[0x25FD],
    &[0x25FE],
    &[0x2600, 0xFE0F],
    &[0x2601, 0xFE0F],
    &[0x2602, 0xFE0F],
    &[0x2603, 0xFE0F],
    &[0x2604, 0xFE0F],
    &[0x260E, 0xFE0F],
    &[0x2611, 0xFE0F],
    &[0x2614],
    &[0x2615],
    &[0x2618, 0xFE0F],
    &[0x261D, 0x1F3FB],
    &[0x261D, 0x1F3FC],
    &[0x261D, 0x1F3FD],
    &[0x261D, 0x1F3FE],
    &[0x261D, 0x1F3FF],
    &[0x261D, 0xFE0F],
    &[0x2620, 0xFE0F],
    &[0x2622, 0xFE0F],
    &[0x2623, 0xFE0F],
    &[0x2626, 0xFE0F],
    &[0x262A, 0xFE0F],
    &[0x262E, 0xFE0F],
    &[0x262F, 0xFE0F],
    &[0x2638, 0xFE0F],
    &[0x2639, 0xFE0F],
    &[0x263A, 0xFE0F],
    &[0x2640, 0xFE0F],
    &[0x2642, 0xFE0F],
    &[0x2648],
    &[0x2649],
    &[0x264A],
    &[0x264B],
    &[0x264C],
    &[0x264D],
    &[0x264E],
    &[0x264F],
    &[0x2650],
    &[0x2651],
    &[0x2652],
    &[0x2653],
    &[0x265F, 0xFE0F],
    &[0x2660, 0xFE0F],
    &[0x2663, 0xFE0F],
    &[0x2665, 0xFE0F],
    &[0x2666, 0xFE0F],
    &[0x2668, 0xFE0F],
    &[0x267B, 0xFE0F],
    &[0x267E, 0xFE0F],
    &[0x267F],
    &[0x2692, 0xFE0F],
    &[0x2693],
    &[0x2694, 0xFE0F],
    &[0x2695, 0xFE0F],
    &[0x2696, 0xFE0F],
    &[0x2697, 0xFE0F],
    &[0x2699, 0xFE0F],
    &[0x269B, 0xFE0F],
    &[0x269C, 0xFE0F],
    &[0x26A0, 0xFE0F],
    &[0x26A1],
    &[0x26A7, 0xFE0F],
    &[0x26AA],
    &[0x26AB],
    &[0x26B0, 0xFE0F],
    &[0x26B1, 0xFE0F],
    &[0x26BD],
    &[0x26BE],
    &[0x26C4],
    &[0x26C5],
    &[0x26C8, 0xFE0F],
    &[0x26CE],
    &[0x26CF, 0xFE0F],
    &[0x26D1, 0xFE0F],
    &[0x26D3, 0xFE0F],
    &[0x26D3, 0xFE0F, 0x200D, 0x1F4A5],
    &[0x26D4],
    &[0x26E9, 0xFE0F],
    &[0x26EA],
    &[0x26F0, 0xFE0F],
    &[0x26F1, 0xFE0F],
    &[0x26F2],
    &[0x26F3],
    &[0x26F4, 0xFE0F],
    &[0x26F5],
    &[0x26F7, 0xFE0F],
    &[0x26F8, 0xFE0F],
    &[0x26F9, 0x1F3FB],
    &[0x26F9, 0x1F3FB, 0x200D, 0x2640, 0xFE0F],
    &[0x26F9, 0x1F3FB, 0x200D, 0x2642, 0xFE0F],
    &[0x26F9, 0x1F3FC],
    &[0x26F9, 0x1F3FC, 0x200D, 0x2640, 0xFE0F],
    &[0x26F9, 0x1F3FC, 0x200D, 0x2642, 0xFE0F],
    &[0x26F9, 0x1F3FD],
    &[0x26F9, 0x1F3FD, 0x200D, 0x2640, 0xFE0F],
    &[0x26F9, 0x1F3FD, 0x200D, 0x2642, 0xFE0F],
    &[0x26F9, 0x1F3FE],
    &[0x26F9, 0x1F3FE, 0x200D, 0x2640, 0xFE0F],
    &[0x26F9, 0x1F3FE, 0x200D, 0x2642, 0xFE0F],
    &[0x26F9, 0x1F3FF],
    &[0x26F9, 0x1F3FF, 0x200D, 0x2640, 0xFE0F],
    &[0x26F9, 0x1F3FF, 0x200D, 0x2642, 0xFE0F],
    &[0x26F9, 0xFE0F],
    &[0x26F9, 0xFE0F, 0x200D, 0x2640, 0xFE0F],
    &[0x26F9, 0xFE0F, 0x200D, 0x2642, 0xFE0F],
    &[0x26FA],
    &[0x26FD],
    &[0x2702, 0xFE0F],
    &[0x2705],
    &[0x2708, 0xFE0F],
    &[0x2709, 0xFE0F],
    &[0x270A],
    &[0x270A, 0x1F3FB],
    &[0x270A, 0x1F3FC],
    &[0x270A, 0x1F3FD],
    &[0x270A, 0x1F3FE],
    &[0x270A, 0x1F3FF],
    &[0x270B],
    &[0x270B, 0x1F3FB],
    &[0x270B, 0x1F3FC],
    &[0x270B, 0x1F3FD],
    &[0x270B, 0x1F3FE],
    &[0x270B, 0x1F3FF],
    &[0x270C, 0x1F3FB],
    &[0x270C, 0x1F3FC],
    &[0x270C, 0x1F3FD],
    &[0x270C, 0x1F3FE],
    &[0x270C, 0x1F3FF],
    &[0x270C, 0xFE0F],
    &[0x270D, 0x1F3FB],
    &[0x270D, 0x1F3FC],
    &[0x270D, 0x1F3FD],
    &[0x270D, 0x1F3FE],
    &[0x270D, 0x1F3FF],
    &[0x270D, 0xFE0F],
    &[0x270F, 0xFE0F],
    &[0x2712, 0xFE0F],
    &[0x2714, 0xFE0F],
    &[0x2716, 0xFE0F],
    &[0x271D, 0xFE0F],
    &[0x2721, 0xFE0F],
    &[0x2728],
    &[0x2733, 0xFE0F],
    &[0x2734, 0xFE0F],
    &[0x2744, 0xFE0F],
    &[0x2747, 0xFE0F],
    &[0x274C],
    &[0x274E],
    &[0x2753],
    &[0x2754],
    &[0x2755],
    &[0x2757],
    &[0x2763, 0xFE0F],
    &[0x2764, 0xFE0F],
    &[0x2764, 0xFE0F, 0x200D, 0x1F525],
    &[0x2764, 0xFE0F, 0x200D, 0x1FA79],
    &[0x2795],
    &[0x2796],
    &[0x2797],
    &[0x27A1, 0xFE0F],
    &[0x27B0],
    &[0x27BF],
    &[0x2934, 0xFE0F],
    &[0x2935, 0xFE0F],
    &[0x2B05, 0xFE0F],
    &[0x2B06, 0xFE0F],
    &[0x2B07, 0xFE0F],
    &[0x2B1B],
    &[0x2B1C],
    &[0x2B50],
    &[0x2B55],
    &[0x3030, 0xFE0F],
    &[0x303D, 0xFE0F],
    &[0x3297, 0xFE0F],
    &[0x3299, 0xFE0F],
    &[0x1F004],
    &[0x1F0CF],
    &[0x1F170, 0xFE0F],
    &[0x1F171, 0xFE0F],
    &[0x1F17E, 0xFE0F],
    &[0x1F17F, 0xFE0F],
    &[0x1F18E],
    &[0x1F191],
    &[0x1F192],
    &[0x1F193],
    &[0x1F194],
    &[0x1F195],
    &[0x1F196],
    &[0x1F197],
    &[0x1F198],
    &[0x1F199],
    &[0x1F19A],
    &[0x1F1E6, 0x1F1E8],
    &[0x1F1E6, 0x1F1E9],
    &[0x1F1E6, 0x1F1EA],
    &[0x1F1E6, 0x1F1EB],
    &[0x1F1E6, 0x1F1EC],
    &[0x1F1E6, 0x1F1EE],
    &[0x1F1E6, 0x1F1F1],
    &[0x1F1E6, 0x1F1F2],
    &[0x1F1E6, 0x1F1F4],
    &[0x1F1E6, 0x1F1F6],
    &[0x1F1E6, 0x1F1F7],
    &[0x1F1E6, 0x1F1F8],
    &[0x1F1E6, 0x1F1F9],
    &[0x1F1E6, 0x1F1FA],
    &[0x1F1E6, 0x1F1FC],
    &[0x1F1E6, 0x1F1FD],
    &[0x1F1E6, 0x1F1FF],
    &[0x1F1E7, 0x1F1E6],
    &[0x1F1E7, 0x1F1E7],
    &[0x1F1E7, 0x1F1E9],
    &[0x1F1E7, 0x1F1EA],
    &[0x1F1E7, 0x1F1EB],
    &[0x1F1E7, 0x1F1EC],
    &[0x1F1E7, 0x1F1ED],
    &[0x1F1E7, 0x1F1EE],
    &[0x1F1E7, 0x1F1EF],
    &[0x1F1E7, 0x1F1F1],
    &[0x1F1E7, 0x1F1F2],
    &[0x1F1E7, 0x1F1F3],
    &[0x1F1E7, 0x1F1F4],
    &[0x1F1E7, 0x1F1F6],
    &[0x1F1E7, 0x1F1F7],
    &[0x1F1E7, 0x1F1F8],
    &[0x1F1E7, 0x1F1F9],
    &[0x1F1E7, 0x1F1FB],
    &[0x1F1E7, 0x1F1FC],
    &[0x1F1E7, 0x1F1FE],
    &[0x1F1E7, 0x1F1FF],
    &[0x1F1E8, 0x1F1E6],
    &[0x1F1E8, 0x1F1E8],
    &[0x1F1E8, 0x1F1E9],
    &[0x1F1E8, 0x1F1EB],
    &[0x1F1E8, 0x1F1EC],
    &[0x1F1E8, 0x1F1ED],
    &[0x1F1E8, 0x1F1EE],
    &[0x1F1E8, 0x1F1F0],
    &[0x1F1E8, 0x1F1F1],
    &[0x1F1E8, 0x1F1F2],
    &[0x1F1E8, 0x1F1F3],
    &[0x1F1E8, 0x1F1F4],
    &[0x1F1E8, 0x1F1F5],
    &[0x1F1E8, 0x1F1F6],
    &[0x1F1E8, 0x1F1F7],
    &[0x1F1E8, 0x1F1FA],
    &[0x1F1E8, 0x1F1FB],
    &[0x1F1E8, 0x1F1FC],
    &[0x1F1E8, 0x1F1FD],
    &[0x1F1E8, 0x1F1FE],
    &[0x1F1E8, 0x1F1FF],
    &[0x1F1E9, 0x1F1EA],
    &[0x1F1E9, 0x1F1EC],
    &[0x1F1E9, 0x1F1EF],
    &[0x1F1E9, 0x1F1F0],
    &[0x1F1E9, 0x1F1F2],
    &[0x1F1E9, 0x1F1F4],
    &[0x1F1E9, 0x1F1FF],
    &[0x1F1EA, 0x1F1E6],
    &[0x1F1EA, 0x1F1E8],
    &[0x1F1EA, 0x1F1EA],
    &[0x1F1EA, 0x1F1EC],
    &[0x1F1EA, 0x1F1ED],
    &[0x1F1EA, 0x1F1F7],
    &[0x1F1EA, 0x1F1F8],
    &[0x1F1EA, 0x1F1F9],
    &[0x1F1EA, 0x1F1FA],
    &[0x1F1EB, 0x1F1EE],
    &[0x1F1EB, 0x1F1EF],
    &[0x1F1EB, 0x1F1F0],
    &[0x1F1EB, 0x1F1F2],
    &[0x1F1EB, 0x1F1F4],
    &[0x1F1EB, 0x1F1F7],
    &[0x1F1EC, 0x1F1E6],
    &[0x1F1EC, 0x1F1E7],
    &[0x1F1EC, 0x1F1E9],
    &[0x1F1EC, 0x1F1EA],
    &[0x1F1EC, 0x1F1EB],
    &[0x1F1EC, 0x1F1EC],
    &[0x1F1EC, 0x1F1ED],
    &[0x1F1EC, 0x1F1EE],
    &[0x1F1EC, 0x1F1F1],
    &[0x1F1EC, 0x1F1F2],
    &[0x1F1EC, 0x1F1F3],
    &[0x1F1EC, 0x1F1F5],
    &[0x1F1EC, 0x1F1F6],
    &[0x1F1EC, 0x1F1F7],
    &[0x1F1EC, 0x1F1F8],
    &[0x1F1EC, 0x1F1F9],
    &[0x1F1EC, 0x1F1FA],
    &[0x1F1EC, 0x1F1FC],
    &[0x1F1EC, 0x1F1FE],
    &[0x1F1ED, 0x1F1F0],
    &[0x1F1ED, 0x1F1F2],
    &[0x1F1ED, 0x1F1F3],
    &[0x1F1ED, 0x1F1F7],
    &[0x1F1ED, 0x1F1F9],
    &[0x1F1ED, 0x1F1FA],
    &[0x1F1EE, 0x1F1E8],
    &[0x1F1EE, 0x1F1E9],
    &[0x1F1EE, 0x1F1EA],
    &[0x1F1EE, 0x1F1F1],
    &[0x1F1EE, 0x1F1F2],
    &[0x1F1EE, 0x1F1F3],
    &[0x1F1EE, 0x1F1F4],
    &[0x1F1EE, 0x1F1F6],
    &[0x1F1EE, 0x1F1F7],
    &[0x1F1EE, 0x1F1F8],
    &[0x1F1EE, 0x1F1F9],
    &[0x1F1EF, 0x1F1EA],
    &[0x1F1EF, 0x1F1F2],
    &[0x1F1EF, 0x1F1F4],
    &[0x1F1EF, 0x1F1F5],
    &[0x1F1F0, 0x1F1EA],
    &[0x1F1F0, 0x1F1EC],
    &[0x1F1F0, 0x1F1ED],
    &[0x1F1F0, 0x1F1EE],
    &[0x1F1F0, 0x1F1F2],
    &[0x1F1F0, 0x1F1F3],
    &[0x1F1F0, 0x1F1F5],
    &[0x1F1F0, 0x1F1F7],
    &[0x1F1F0, 0x1F1FC],
    &[0x1F1F0, 0x1F1FE],
    &[0x1F1F0, 0x1F1FF],
    &[0x1F1F1, 0x1F1E6],
    &[0x1F1F1, 0x1F1E7],
    &[0x1F1F1, 0x1F1E8],
    &[0x1F1F1, 0x1F1EE],
    &[0x1F1F1, 0x1F1F0],
    &[0x1F1F1, 0x1F1F7],
    &[0x1F1F1, 0x1F1F8],
    &[0x1F1F1, 0x1F1F9],
    &[0x1F1F1, 0x1F1FA],
    &[0x1F1F1, 0x1F1FB],
    &[0x1F1F1, 0x1F1FE],
    &[0x1F1F2, 0x1F1E6],
    &[0x1F1F2, 0x1F1E8],
    &[0x1F1F2, 0x1F1E9],
    &[0x1F1F2, 0x1F1EA],
    &[0x1F1F2, 0x1F1EB],
    &[0x1F1F2, 0x1F1EC],
    &[0x1F1F2, 0x1F1ED],
    &[0x1F1F2, 0x1F1F0],
    &[0x1F1F2, 0x1F1F1],
    &[0x1F1F2, 0x1F1F2],
    &[0x1F1F2, 0x1F1F3],
    &[0x1F1F2, 0x1F1F4],
    &[0x1F1F2, 0x1F1F5],
    &[0x1F1F2, 0x1F1F6],
    &[0x1F1F2, 0x1F1F7],
    &[0x1F1F2, 0x1F1F8],
    &[0x1F1F2, 0x1F1F9],
    &[0x1F1F2, 0x1F1FA],
    &[0x1F1F2, 0x1F1FB],
    &[0x1F1F2, 0x1F1FC],
    &[0x1F1F2, 0x1F1FD],
    &[0x1F1F2, 0x1F1FE],
    &[0x1F1F2, 0x1F1FF],
    &[0x1F1F3, 0x1F1E6],
    &[0x1F1F3, 0x1F1E8],
    &[0x1F1F3, 0x1F1EA],
    &[0x1F1F3, 0x1F1EB],
    &[0x1F1F3, 0x1F1EC],
    &[0x1F1F3, 0x1F1EE],
    &[0x1F1F3, 0x1F1F1],
    &[0x1F1F3, 0x1F1F4],
    &[0x1F1F3, 0x1F1F5],
    &[0x1F1F3, 0x1F1F7],
    &[0x1F1F3, 0x1F1FA],
    &[0x1F1F3, 0x1F1FF],
    &[0x1F1F4, 0x1F1F2],
    &[0x1F1F5, 0x1F1E6],
    &[0x1F1F5, 0x1F1EA],
    &[0x1F1F5, 0x1F1EB],
    &[0x1F1F5, 0x1F1EC],
    &[0x1F1F5, 0x1F1ED],
    &[0x1F1F5, 0x1F1F0],
    &[0x1F1F5, 0x1F1F1],
    &[0x1F1F5, 0x1F1F2],
    &[0x1F1F5, 0x1F1F3],
    &[0x1F1F5, 0x1F1F7],
    &[0x1F1F5, 0x1F1F8],
    &[0x1F1F5, 0x1F1F9],
    &[0x1F1F5, 0x1F1FC],
    &[0x1F1F5, 0x1F1FE],
    &[0x1F1F6, 0x1F1E6],
    &[0x1F1F7, 0x1F1EA],
    &[0x1F1F7, 0x1F1F4],
    &[0x1F1F7, 0x1F1F8],
    &[0x1F1F7, 0x1F1FA],
    &[0x1F1F7, 0x1F1FC],
    &[0x1F1F8, 0x1F1E6],
    &[0x1F1F8, 0x1F1E7],
    &[0x1F1F8, 0x1F1E8],
    &[0x1F1F8, 0x1F1E9],
    &[0x1F1F8, 0x1F1EA],
    &[0x1F1F8, 0x1F1EC],
    &[0x1F1F8, 0x1F1ED],
    &[0x1F1F8, 0x1F1EE],
    &[0x1F1F8, 0x1F1EF],
    &[0x1F1F8, 0x1F1F0],
    &[0x1F1F8, 0x1F1F1],
    &[0x1F1F8, 0x1F1F2],
    &[0x1F1F8, 0x1F1F3],
    &[0x1F1F8, 0x1F1F4],
    &[0x1F1F8, 0x1F1F7],
    &[0x1F1F8, 0x1F1F8],
    &[0x1F1F8, 0x1F1F9],
    &[0x1F1F8, 0x1F1FB],
    &[0x1F1F8, 0x1F1FD],
    &[0x1F1F8, 0x1F1FE],
    &[0x1F1F8, 0x1F1FF],
    &[0x1F1F9, 0x1F1E6],
    &[0x1F1F9, 0x1F1E8],
    &[0x1F1F9, 0x1F1E9],
    &[0x1F1F9, 0x1F1EB],
    &[0x1F1F9, 0x1F1EC],
    &[0x1F1F9, 0x1F1ED],
    &[0x1F1F9, 0x1F1EF],
    &[0x1F1F9, 0x1F1F0],
    &[0x1F1F9, 0x1F1F1],
    &[0x1F1F9, 0x1F1F2],
    &[0x1F1F9, 0x1F1F3],
    &[0x1F1F9, 0x1F1F4],
    &[0x1F1F9, 0x1F1F7],
    &[0x1F1F9, 0x1F1F9],
    &[0x1F1F9, 0x1F1FB],
    &[0x1F1F9, 0x1F1FC],
    &[0x1F1F9, 0x1F1FF],
    &[0x1F1FA, 0x1F1E6],
    &[0x1F1FA, 0x1F1EC],
    &[0x1F1FA, 0x1F1F2],
    &[0x1F1FA, 0x1F1F3],
    &[0x1F1FA, 0x1F1F8],
    &[0x1F1FA, 0x1F1FE],
    &[0x1F1FA, 0x1F1FF],
    &[0x1F1FB, 0x1F1E6],
    &[0x1F1FB, 0x1F1E8],
    &[0x1F1FB, 0x1F1EA],
    &[0x1F1FB, 0x1F1EC],
    &[0x1F1FB, 0x1F1EE],
    &[0x1F1FB, 0x1F1F3],
    &[0x1F1FB, 0x1F1FA],
    &[0x1F1FC, 0x1F1EB],
    &[0x1F1FC, 0x1F1F8],
    &[0x1F1FD, 0x1F1F0],
    &[0x1F1FE, 0x1F1EA],
    &[0x1F1FE, 0x1F1F9],
    &[0x1F1FF, 0x1F1E6],
    &[0x1F1FF, 0x1F1F2],
    &[0x1F1FF, 0x1F1FC],
    &[0x1F201],
    &[0x1F202, 0xFE0F],
    &[0x1F21A],
    &[0x1F22F],
    &[0x1F232],
    &[0x1F233],
    &[0x1F234],
    &[0x1F235],
    &[0x1F236],
    &[0x1F237, 0xFE0F],
    &[0x1F238],
    &[0x1F239],
    &[0x1F23A],
    &[0x1F250],
    &[0x1F251],
    &[0x1F300],
    &[0x1F301],
    &[0x1F302],
    &[0x1F303],
    &[0x1F304],
    &[0x1F305],
    &[0x1F306],
    &[0x1F307],
    &[0x1F308],
    &[0x1F309],
    &[0x1F30A],
    &[0x1F30B],
    &[0x1F30C],
    &[0x1F30D],
    &[0x1F30E],
    &[0x1F30F],
    &[0x1F310],
    &[0x1F311],
    &[0x1F312],
    &[0x1F313],
    &[0x1F314],
    &[0x1F315],
    &[0x1F316],
    &[0x1F317],
    &[0x1F318],
    &[0x1F319],
    &[0x1F31A],
    &[0x1F31B],
    &[0x1F31C],
    &[0x1F31D],
    &[0x1F31E],
    &[0x1F31F],
    &[0x1F320],
    &[0x1F321, 0xFE0F],
    &[0x1F324, 0xFE0F],
    &[0x1F325, 0xFE0F],
    &[0x1F326, 0xFE0F],
    &[0x1F327, 0xFE0F],
    &[0x1F328, 0xFE0F],
    &[0x1F329, 0xFE0F],
    &[0x1F32A, 0xFE0F],
    &[0x1F32B, 0xFE0F],
    &[0x1F32C, 0xFE0F],
    &[0x1F32D],
    &[0x1F32E],
    &[0x1F32F],
    &[0x1F330],
    &[0x1F331],
    &[0x1F332],
    &[0x1F333],
    &[0x1F334],
    &[0x1F335],
    &[0x1F336, 0xFE0F],
    &[0x1F337],
    &[0x1F338],
    &[0x1F339],
    &[0x1F33A],
    &[0x1F33B],
    &[0x1F33C],
    &[0x1F33D],
    &[0x1F33E],
    &[0x1F33F],
    &[0x1F340],
    &[0x1F341],
    &[0x1F342],
    &[0x1F343],
    &[0x1F344],
    &[0x1F344, 0x200D, 0x1F7EB],
    &[0x1F345],
    &[0x1F346],
    &[0x1F347],
    &[0x1F348],
    &[0x1F349],
    &[0x1F34A],
    &[0x1F34B],
    &[0x1F34B, 0x200D, 0x1F7E9],
    &[0x1F34C],
    &[0x1F34D],
    &[0x1F34E],
    &[0x1F34F],
    &[0x1F350],
    &[0x1F351],
    &[0x1F352],
    &[0x1F353],
    &[0x1F354],
    &[0x1F355],
    &[0x1F356],
    &[0x1F357],
    &[0x1F358],
    &[0x1F359],
    &[0x1F35A],
    &[0x1F35B],
    &[0x1F35C],
    &[0x1F35D],
    &[0x1F35E],
    &[0x1F35F],
    &[0x1F360],
    &[0x1F361],
    &[0x1F362],
    &[0x1F363],
    &[0x1F364],
    &[0x1F365],
    &[0x1F366],
    &[0x1F367],
    &[0x1F368],
    &[0x1F369],
    &[0x1F36A],
    &[0x1F36B],
    &[0x1F36C],
    &[0x1F36D],
    &[0x1F36E],
    &[0x1F36F],
    &[0x1F370],
    &[0x1F371],
    &[0x1F372],
    &[0x1F373],
    &[0x1F374],
    &[0x1F375],
    &[0x1F376],
    &[0x1F377],
    &[0x1F378],
    &[0x1F379],
    &[0x1F37A],
    &[0x1F37B],
    &[0x1F37C],
    &[0x1F37D, 0xFE0F],
    &[0x1F37E],
    &[0x1F37F],
    &[0x1F380],
    &[0x1F381],
    &[0x1F382],
    &[0x1F383],
    &[0x1F384],
    &[0x1F385],
    &[0x1F385, 0x1F3FB],
    &[0x1F385, 0x1F3FC],
    &[0x1F385, 0x1F3FD],
    &[0x1F385, 0x1F3FE],
    &[0x1F385, 0x1F3FF],
    &[0x1F386],
    &[0x1F387],
    &[0x1F388],
    &[0x1F389],
    &[0x1F38A],
    &[0x1F38B],
    &[0x1F38C],
    &[0x1F38D],
    &[0x1F38E],
    &[0x1F38F],
    &[0x1F390],
    &[0x1F391],
    &[0x1F392],
    &[0x1F393],
    &[0x1F396, 0xFE0F],
    &[0x1F397, 0xFE0F],
    &[0x1F399, 0xFE0F],
    &[0x1F39A, 0xFE0F],
    &[0x1F39B, 0xFE0F],
    &[0x1F39E, 0xFE0F],
    &[0x1F39F, 0xFE0F],
    &[0x1F3A0],
    &[0x1F3A1],
    &[0x1F3A2],
    &[0x1F3A3],
    &[0x1F3A4],
    &[0x1F3A5],
    &[0x1F3A6],
    &[0x1F3A7],
    &[0x1F3A8],
    &[0x1F3A9],
    &[0x1F3AA],
    &[0x1F3AB],
    &[0x1F3AC],
    &[0x1F3AD],
    &[0x1F3AE],
    &[0x1F3AF],
    &[0x1F3B0],
    &[0x1F3B1],
    &[0x1F3B2],
    &[0x1F3B3],
    &[0x1F3B4],
    &[0x1F3B5],
    &[0x1F3B6],
    &[0x1F3B7],
    &[0x1F3B8],
    &[0x1F3B9],
    &[0x1F3BA],
    &[0x1F3BB],
    &[0x1F3BC],
    &[0x1F3BD],
    &[0x1F3BE],
    &[0x1F3BF],
    &[0x1F3C0],
    &[0x1F3C1],
    &[0x1F3C2],
    &[0x1F3C2, 0x1F3FB],
    &[0x1F3C2, 0x1F3FC],
    &[0x1F3C2, 0x1F3FD],
    &[0x1F3C2, 0x1F3FE],
    &[0x1F3C2, 0x1F3FF],
    &[0x1F3C3],
    &[0x1F3C3, 0x200D, 0x2640, 0xFE0F],
    &[0x1F3C3, 0x200D, 0x2640, 0xFE0F, 0x200D, 0x27A1, 0xFE0F],
    &[0x1F3C3, 0x200D, 0x2642, 0xFE0F],
    &[0x1F3C3, 0x200D, 0x2642, 0xFE0F, 0x200D, 0x27A1, 0xFE0F],
    &[0x1F3C3, 0x200D, 0x27A1, 0xFE0F],
    &[0x1F3C3, 0x1F3FB],
    &[0x1F3C3, 0x1F3FB, 0x200D, 0x2640, 0xFE0F],
    &[0x1F3C3, 0x1F3FB, 0x200D, 0x2640, 0xFE0F, 0x200D, 0x27A1, 0xFE0F],
    &[0x1F3C3, 0x1F3FB, 0x200D, 0x2642, 0xFE0F],
    &[0x1F3C3, 0x1F3FB, 0x200D, 0x2642, 0xFE0F, 0x200D, 0x27A1, 0xFE0F],
    &[0x1F3C3, 0x1F3FB, 0x200D, 0x27A1, 0xFE0F],
    &[0x1F3C3, 0x1F3FC],
    &[0x1F3C3, 0x1F3FC, 0x200D, 0x2640, 0xFE0F],
    &[0x1F3C3, 0x1F3FC, 0x200D, 0x2640, 0xFE0F, 0x200D, 0x27A1, 0xFE0F],
    &[0x1F3C3, 0x1F3FC, 0x200D, 0x2642, 0xFE0F],
    &[0x1F3C3, 0x1F3FC, 0x200D, 0x2642, 0xFE0F, 0x200D, 0x27A1, 0xFE0F],
    &[0x1F3C3, 0x1F3FC, 0x200D, 0x27A1, 0xFE0F],
    &[0x1F3C3, 0x1F3FD],
    &[0x1F3C3, 0x1F3FD, 0x200D, 0x2640, 0xFE0F],
    &[0x1F3C3, 0x1F3FD, 0x200D, 0x2640, 0xFE0F, 0x200D, 0x27A1, 0xFE0F],
    &[0x1F3C3, 0x1F3FD, 0x200D, 0x2642, 0xFE0F],
    &[0x1F3C3, 0x1F3FD, 0x200D, 0x2642, 0xFE0F, 0x200D, 0x27A1, 0xFE0F],
    &[0x1F3C3, 0x1F3FD, 0x200D, 0x27A1, 0xFE0F],
    &[0x1F3C3, 0x1F3FE],
    &[0x1F3C3, 0x1F3FE, 0x200D, 0x2640, 0xFE0F],
    &[0x1F3C3, 0x1F3FE, 0x200D, 0x2640, 0xFE0F, 0x200D, 0x27A1, 0xFE0F],
    &[0x1F3C3, 0x1F3FE, 0x200D, 0x2642, 0xFE0F],
    &[0x1F3C3, 0x1F3FE, 0x200D, 0x2642, 0xFE0F, 0x200D, 0x27A1, 0xFE0F],
    &[0x1F3C3, 0x1F3FE, 0x200D, 0x27A1, 0xFE0F],
    &[0x1F3C3, 0x1F3FF],
    &[0x1F3C3, 0x1F3FF, 0x200D, 0x2640, 0xFE0F],
    &[0x1F3C3, 0x1F3FF, 0x200D, 0x2640, 0xFE0F, 0x200D, 0x27A1, 0xFE0F],
    &[0x1F3C3, 0x1F3FF, 0x200D, 0x2642, 0xFE0F],
    &[0x1F3C3, 0x1F3FF, 0x200D, 0x2642, 0xFE0F, 0x200D, 0x27A1, 0xFE0F],
    &[0x1F3C3, 0x1F3FF, 0x200D, 0x27A1, 0xFE0F],
    &[0x1F3C4],
    &[0x1F3C4, 0x200D, 0x2640, 0xFE0F],
    &[0x1F3C4, 0x200D, 0x2642, 0xFE0F],
    &[0x1F3C4, 0x1F3FB],
    &[0x1F3C4, 0x1F3FB, 0x200D, 0x2640, 0xFE0F],
    &[0x1F3C4, 0x1F3FB, 0x200D, 0x2642, 0xFE0F],
    &[0x1F3C4, 0x1F3FC],
    &[0x1F3C4, 0x1F3FC, 0x200D, 0x2640, 0xFE0F],
    &[0x1F3C4, 0x1F3FC, 0x200D, 0x2642, 0xFE0F],
    &[0x1F3C4, 0x1F3FD],
    &[0x1F3C4, 0x1F3FD, 0x200D, 0x2640, 0xFE0F],
    &[0x1F3C4, 0x1F3FD, 0x200D, 0x2642, 0xFE0F],
    &[0x1F3C4, 0x1F3FE],
    &[0x1F3C4, 0x1F3FE, 0x200D, 0x2640, 0xFE0F],
    &[0x1F3C4, 0x1F3FE, 0x200D, 0x2642, 0xFE0F],
    &[0x1F3C4, 0x1F3FF],
    &[0x1F3C4, 0x1F3FF, 0x200D, 0x2640, 0xFE0F],
    &[0x1F3C4, 0x1F3FF, 0x200D, 0x2642, 0xFE0F],
    &[0x1F3C5],
    &[0x1F3C6],
    &[0x1F3C7],
    &[0x1F3C7, 0x1F3FB],
    &[0x1F3C7, 0x1F3FC],
    &[0x1F3C7, 0x1F3FD],
    &[0x1F3C7, 0x1F3FE],
    &[0x1F3C7, 0x1F3FF],
    &[0x1F3C8],
    &[0x1F3C9],
    &[0x1F3CA],
    &[0x1F3CA, 0x200D, 0x2640, 0xFE0F],
    &[0x1F3CA, 0x200D, 0x2642, 0xFE0F],
    &[0x1F3CA, 0x1F3FB],
    &[0x1F3CA, 0x1F3FB, 0x200D, 0x2640, 0xFE0F],
    &[0x1F3CA, 0x1F3FB, 0x200D, 0x2642, 0xFE0F],
    &[0x1F3CA, 0x1F3FC],
    &[0x1F3CA, 0x1F3FC, 0x200D, 0x2640, 0xFE0F],
    &[0x1F3CA, 0x1F3FC, 0x200D, 0x2642, 0xFE0F],
    &[0x1F3CA, 0x1F3FD],
    &[0x1F3CA, 0x1F3FD, 0x200D, 0x2640, 0xFE0F],
    &[0x1F3CA, 0x1F3FD, 0x200D, 0x2642, 0xFE0F],
    &[0x1F3CA, 0x1F3FE],
    &[0x1F3CA, 0x1F3FE, 0x200D, 0x2640, 0xFE0F],
    &[0x1F3CA, 0x1F3FE, 0x200D, 0x2642, 0xFE0F],
    &[0x1F3CA, 0x1F3FF],
    &[0x1F3CA, 0x1F3FF, 0x200D, 0x2640, 0xFE0F],
    &[0x1F3CA, 0x1F3FF, 0x200D, 0x2642, 0xFE0F],
    &[0x1F3CB, 0x1F3FB],
    &[0x1F3CB, 0x1F3FB, 0x200D, 0x2640, 0xFE0F],
    &[0x1F3CB, 0x1F3FB, 0x200D, 0x2642, 0xFE0F],
    &[0x1F3CB, 0x1F3FC],
    &[0x1F3CB, 0x1F3FC, 0x200D, 0x2640, 0xFE0F],
    &[0x1F3CB, 0x1F3FC, 0x200D, 0x2642, 0xFE0F],
    &[0x1F3CB, 0x1F3FD],
    &[0x1F3CB, 0x1F3FD, 0x200D, 0x2640, 0xFE0F],
    &[0x1F3CB, 0x1F3FD, 0x200D, 0x2642, 0xFE0F],
    &[0x1F3CB, 0x1F3FE],
    &[0x1F3CB, 0x1F3FE, 0x200D, 0x2640, 0xFE0F],
    &[0x1F3CB, 0x1F3FE, 0x200D, 0x2642, 0xFE0F],
    &[0x1F3CB, 0x1F3FF],
    &[0x1F3CB, 0x1F3FF, 0x200D, 0x2640, 0xFE0F],
    &[0x1F3CB, 0x1F3FF, 0x200D, 0x2642, 0xFE0F],
    &[0x1F3CB, 0xFE0F],
    &[0x1F3CB, 0xFE0F, 0x200D, 0x2640, 0xFE0F],
    &[0x1F3CB, 0xFE0F, 0x200D, 0x2642, 0xFE0F],
    &[0x1F3CC, 0x1F3FB],
    &[0x1F3CC, 0x1F3FB, 0x200D, 0x2640, 0xFE0F],
    &[0x1F3CC, 0x1F3FB, 0x200D, 0x2642, 0xFE0F],
    &[0x1F3CC, 0x1F3FC],
    &[0x1F3CC, 0x1F3FC, 0x200D, 0x2640, 0xFE0F],
    &[0x1F3CC, 0x1F3FC, 0x200D, 0x2642, 0xFE0F],
    &[0x1F3CC, 0x1F3FD],
    &[0x1F3CC, 0x1F3FD, 0x200D, 0x2640, 0xFE0F],
    &[0x1F3CC, 0x1F3FD, 0x200D, 0x2642, 0xFE0F],
    &[0x1F3CC, 0x1F3FE],
    &[0x1F3CC, 0x1F3FE, 0x200D, 0x2640, 0xFE0F],
    &[0x1F3CC, 0x1F3FE, 0x200D, 0x2642, 0xFE0F],
    &[0x1F3CC, 0x1F3FF],
    &[0x1F3CC, 0x1F3FF, 0x200D, 0x2640, 0xFE0F],
    &[0x1F3CC, 0x1F3FF, 0x200D, 0x2642, 0xFE0F],
    &[0x1F3CC, 0xFE0F],
    &[0x1F3CC, 0xFE0F, 0x200D, 0x2640, 0xFE0F],
    &[0x1F3CC, 0xFE0F, 0x200D, 0x2642, 0xFE0F],
    &[0x1F3CD, 0xFE0F],
    &[0x1F3CE, 0xFE0F],
    &[0x1F3CF],
    &[0x1F3D0],
    &[0x1F3D1],
    &[0x1F3D2],
    &[0x1F3D3],
    &[0x1F3D4, 0xFE0F],
    &[0x1F3D5, 0xFE0F],
    &[0x1F3D6, 0xFE0F],
    &[0x1F3D7, 0xFE0F],
    &[0x1F3D8, 0xFE0F],
    &[0x1F3D9, 0xFE0F],
    &[0x1F3DA, 0xFE0F],
    &[0x1F3DB, 0xFE0F],
    &[0x1F3DC, 0xFE0F],
    &[0x1F3DD, 0xFE0F],
    &[0x1F3DE, 0xFE0F],
    &[0x1F3DF, 0xFE0F],
    &[0x1F3E0],
    &[0x1F3E1],
    &[0x1F3E2],
    &[0x1F3E3],
    &[0x1F3E4],
    &[0x1F3E5],
    &[0x1F3E6],
    &[0x1F3E7],
    &[0x1F3E8],
    &[0x1F3E9],
    &[0x1F3EA],
    &[0x1F3EB],
    &[0x1F3EC],
    &[0x1F3ED],
    &[0x1F3EE],
    &[0x1F3EF],
    &[0x1F3F0],
    &[0x1F3F3, 0xFE0F],
    &[0x1F3F3, 0xFE0F, 0x200D, 0x26A7, 0xFE0F],
    &[0x1F3F3, 0xFE0F, 0x200D, 0x1F308],
    &[0x1F3F4],
    &[0x1F3F4, 0x200D, 0x2620, 0xFE0F],
    &[0x1F3F4, 0xE0067, 0xE0062, 0xE0065, 0xE006E, 0xE0067, 0xE007F],
    &[0x1F3F4, 0xE0067, 0xE0062, 0xE0073, 0xE0063, 0xE0074, 0xE007F],
    &[0x1F3F4, 0xE0067, 0xE0062, 0xE0077, 0xE006C, 0xE0073, 0xE007F],
    &[0x1F3F5, 0xFE0F],
    &[0x1F3F7, 0xFE0F],
    &[0x1F3F8],
    &[0x1F3F9],
    &[0x1F3FA],
    &[0x1F3FB],
    &[0x1F3FC],
    &[0x1F3FD],
    &[0x1F3FE],
    &[0x1F3FF],
    &[0x1F400],
    &[0x1F401],
    &[0x1F402],
    &[0x1F403],
    &[0x1F404],
    &[0x1F405],
    &[0x1F406],
    &[0x1F407],
    &[0x1F408],
    &[0x1F408, 0x200D, 0x2B1B],
    &[0x1F409],
    &[0x1F40A],
    &[0x1F40B],
    &[0x1F40C],
    &[0x1F40D],
    &[0x1F40E],
    &[0x1F40F],
    &[0x1F410],
    &[0x1F411],
    &[0x1F412],
    &[0x1F413],
    &[0x1F414],
    &[0x1F415],
    &[0x1F415, 0x200D, 0x1F9BA],
    &[0x1F416],
    &[0x1F417],
    &[0x1F418],
    &[0x1F419],
    &[0x1F41A],
    &[0x1F41B],
    &[0x1F41C],
    &[0x1F41D],
    &[0x1F41E],
    &[0x1F41F],
    &[0x1F420],
    &[0x1F421],
    &[0x1F422],
    &[0x1F423],
    &[0x1F424],
    &[0x1F425],
    &[0x1F426],
    &[0x1F426, 0x200D, 0x2B1B],
    &[0x1F426, 0x200D, 0x1F525],
    &[0x1F427],
    &[0x1F428],
    &[0x1F429],
    &[0x1F42A],
    &[0x1F42B],
    &[0x1F42C],
    &[0x1F42D],
    &[0x1F42E],
    &[0x1F42F],
    &[0x1F430],
    &[0x1F431],
    &[0x1F432],
    &[0x1F433],
    &[0x1F434],
    &[0x1F435],
    &[0x1F436],
    &[0x1F437],
    &[0x1F438],
    &[0x1F439],
    &[0x1F43A],
    &[0x1F43B],
    &[0x1F43B, 0x200D, 0x2744, 0xFE0F],
    &[0x1F43C],
    &[0x1F43D],
    &[0x1F43E],
    &[0x1F43F, 0xFE0F],
    &[0x1F440],
    &[0x1F441, 0xFE0F],
    &[0x1F441, 0xFE0F, 0x200D, 0x1F5E8, 0xFE0F],
    &[0x1F442],
    &[0x1F442, 0x1F3FB],
    &[0x1F442, 0x1F3FC],
    &[0x1F442, 0x1F3FD],
    &[0x1F442, 0x1F3FE],
    &[0x1F442, 0x1F3FF],
    &[0x1F443],
    &[0x1F443, 0x1F3FB],
    &[0x1F443, 0x1F3FC],
    &[0x1F443, 0x1F3FD],
    &[0x1F443, 0x1F3FE],
    &[0x1F443, 0x1F3FF],
    &[0x1F444],
    &[0x1F445],
    &[0x1F446],
    &[0x1F446, 0x1F3FB],
    &[0x1F446, 0x1F3FC],
    &[0x1F446, 0x1F3FD],
    &[0x1F446, 0x1F3FE],
    &[0x1F446, 0x1F3FF],
    &[0x1F447],
    &[0x1F447, 0x1F3FB],
    &[0x1F447, 0x1F3FC],
    &[0x1F447, 0x1F3FD],
    &[0x1F447, 0x1F3FE],
    &[0x1F447, 0x1F3FF],
    &[0x1F448],
    &[0x1F448, 0x1F3FB],
    &[0x1F448, 0x1F3FC],
    &[0x1F448, 0x1F3FD],
    &[0x1F448, 0x1F3FE],
    &[0x1F448, 0x1F3FF],
    &[0x1F449],
    &[0x1F449, 0x1F3FB],
    &[0x1F449, 0x1F3FC],
    &[0x1F449, 0x1F3FD],
    &[0x1F449, 0x1F3FE],
    &[0x1F449, 0x1F3FF],
    &[0x1F44A],
    &[0x1F44A, 0x1F3FB],
    &[0x1F44A, 0x1F3FC],
    &[0x1F44A, 0x1F3FD],
    &[0x1F44A, 0x1F3FE],
    &[0x1F44A, 0x1F3FF],
    &[0x1F44B],
    &[0x1F44B, 0x1F3FB],
    &[0x1F44B, 0x1F3FC],
    &[0x1F44B, 0x1F3FD],
    &[0x1F44B, 0x1F3FE],
    &[0x1F44B, 0x1F3FF],
    &[0x1F44C],
    &[0x1F44C, 0x1F3FB],
    &[0x1F44C, 0x1F3FC],
    &[0x1F44C, 0x1F3FD],
    &[0x1F44C, 0x1F3FE],
    &[0x1F44C, 0x1F3FF],
    &[0x1F44D],
    &[0x1F44D, 0x1F3FB],
    &[0x1F44D, 0x1F3FC],
    &[0x1F44D, 0x1F3FD],
    &[0x1F44D, 0x1F3FE],
    &[0x1F44D, 0x1F3FF],
    &[0x1F44E],
    &[0x1F44E, 0x1F3FB],
    &[0x1F44E, 0x1F3FC],
    &[0x1F44E, 0x1F3FD],
    &[0x1F44E, 0x1F3FE],
    &[0x1F44E, 0x1F3FF],
    &[0x1F44F],
    &[0x1F44F, 0x1F3FB],
    &[0x1F44F, 0x1F3FC],
    &[0x1F44F, 0x1F3FD],
    &[0x1F44F, 0x1F3FE],
    &[0x1F44F, 0x1F3FF],
    &[0x1F450],
    &[0x1F450, 0x1F3FB],
    &[0x1F450, 0x1F3FC],
    &[0x1F450, 0x1F3FD],
    &[0x1F450, 0x1F3FE],
    &[0x1F450, 0x1F3FF],
    &[0x1F451],
    &[0x1F452],
    &[0x1F453],
    &[0x1F454],
    &[0x1F455],
    &[0x1F456],
    &[0x1F457],
    &[0x1F458],
    &[0x1F459],
    &[0x1F45A],
    &[0x1F45B],
    &[0x1F45C],
    &[0x1F45D],
    &[0x1F45E],
    &[0x1F45F],
    &[0x1F460],
    &[0x1F461],
    &[0x1F462],
    &[0x1F463],
    &[0x1F464],
    &[0x1F465],
    &[0x1F466],
    &[0x1F466, 0x1F3FB],
    &[0x1F466, 0x1F3FC],
    &[0x1F466, 0x1F3FD],
    &[0x1F466, 0x1F3FE],
    &[0x1F466, 0x1F3FF],
    &[0x1F467],
    &[0x1F467, 0x1F3FB],
    &[0x1F467, 0x1F3FC],
    &[0x1F467, 0x1F3FD],
    &[0x1F467, 0x1F3FE],
    &[0x1F467, 0x1F3FF],
    &[0x1F468],
    &[0x1F468, 0x200D, 0x2695, 0xFE0F],
    &[0x1F468, 0x200D, 0x2696, 0xFE0F],
    &[0x1F468, 0x200D, 0x2708, 0xFE0F],
    &[0x1F468, 0x200D, 0x2764, 0xFE0F, 0x200D, 0x1F468],
    &[0x1F468, 0x200D, 0x2764, 0xFE0F, 0x200D, 0x1F48B, 0x200D, 0x1F468],
    &[0x1F468, 0x200D, 0x1F33E],
    &[0x1F468, 0x200D, 0x1F373],
    &[0x1F468, 0x200D, 0x1F37C],
    &[0x1F468, 0x200D, 0x1F393],
    &[0x1F468, 0x200D, 0x1F3A4],
    &[0x1F468, 0x200D, 0x1F3A8],
    &[0x1F468, 0x200D, 0x1F3EB],
    &[0x1F468, 0x200D, 0x1F3ED],
    &[0x1F468, 0x200D, 0x1F466],
    &[0x1F468, 0x200D, 0x1F466, 0x200D, 0x1F466],
    &[0x1F468, 0x200D, 0x1F467],
    &[0x1F468, 0x200D, 0x1F467, 0x200D, 0x1F466],
    &[0x1F468, 0x200D, 0x1F467, 0x200D, 0x1F467],
    &[0x1F468, 0x200D, 0x1F468, 0x200D, 0x1F466],
    &[0x1F468, 0x200D, 0x1F468, 0x200D, 0x1F466, 0x200D, 0x1F466],
    &[0x1F468, 0x200D, 0x1F468, 0x200D, 0x1F467],
    &[0x1F468, 0x200D, 0x1F468, 0x200D, 0x1F467, 0x200D, 0x1F466],
    &[0x1F468, 0x200D, 0x1F468, 0x200D, 0x1F467, 0x200D, 0x1F467],
    &[0x1F468, 0x200D, 0x1F469, 0x200D, 0x1F466],
    &[0x1F468, 0x200D, 0x1F469, 0x200D, 0x1F466, 0x200D, 0x1F466],
    &[0x1F468, 0x200D, 0x1F469, 0x200D, 0x1F467],
    &[0x1F468, 0x200D, 0x1F469, 0x200D, 0x1F467, 0x200D, 0x1F466],
    &[0x1F468, 0x200D, 0x1F469, 0x200D, 0x1F467, 0x200D, 0x1F467],
    &[0x1F468, 0x200D, 0x1F4BB],
    &[0x1F468, 0x200D, 0x1F4BC],
    &[0x1F468, 0x200D, 0x1F527],
    &[0x1F468, 0x200D, 0x1F52C],
    &[0x1F468, 0x200D, 0x1F680],
    &[0x1F468, 0x200D, 0x1F692],
    &[0x1F468, 0x200D, 0x1F9AF],
    &[0x1F468, 0x200D, 0x1F9AF, 0x200D, 0x27A1, 0xFE0F],
    &[0x1F468, 0x200D, 0x1F9B0],
    &[0x1F468, 0x200D, 0x1F9B1],
    &[0x1F468, 0x200D, 0x1F9B2],
    &[0x1F468, 0x200D, 0x1F9B3],
    &[0x1F468, 0x200D, 0x1F9BC],
    &[0x1F468, 0x200D, 0x1F9BC, 0x200D, 0x27A1, 0xFE0F],
    &[0x1F468, 0x200D, 0x1F9BD],
    &[0x1F468, 0x200D, 0x1F9BD, 0x200D, 0x27A1, 0xFE0F],
    &[0x1F468, 0x1F3FB],
    &[0x1F468, 0x1F3FB, 0x200D, 0x2695, 0xFE0F],
    &[0x1F468, 0x1F3FB, 0x200D, 0x2696, 0xFE0F],
    &[0x1F468, 0x1F3FB, 0x200D, 0x2708, 0xFE0F],
    &[0x1F468, 0x1F3FB, 0x200D, 0x2764, 0xFE0F, 0x200D, 0x1F468, 0x1F3FB],
    &[0x1F468, 0x1F3FB, 0x200D, 0x2764, 0xFE0F, 0x200D, 0x1F468, 0x1F3FC],
    &[0x1F468, 0x1F3FB, 0x200D, 0x2764, 0xFE0F, 0x200D, 0x1F468, 0x1F3FD],
    &[0x1F468, 0x1F3FB, 0x200D, 0x2764, 0xFE0F, 0x200D, 0x1F468, 0x1F3FE],
    &[0x1F468, 0x1F3FB, 0x200D, 0x2764, 0xFE0F, 0x200D, 0x1F468, 0x1F3FF],
    &[0x1F468, 0x1F3FB, 0x200D, 0x2764, 0xFE0F, 0x200D, 0x1F48B, 0x200D, 0x1F468, 0x1F3FB],
    &[0x1F468, 0x1F3FB, 0x200D, 0x2764, 0xFE0F, 0x200D, 0x1F48B, 0x200D, 0x1F468, 0x1F3FC],
    &[0x1F468, 0x1F3FB, 0x200D, 0x2764, 0xFE0F, 0x200D, 0x1F48B, 0x200D, 0x1F468, 0x1F3FD],
    &[0x1F468, 0x1F3FB, 0x200D, 0x2764, 0xFE0F, 0x200D, 0x1F48B, 0x200D, 0x1F468, 0x1F3FE],
    &[0x1F468, 0x1F3FB, 0x200D, 0x2764, 0xFE0F, 0x200D, 0x1F48B, 0x200D, 0x1F468, 0x1F3FF],
    &[0x1F468, 0x1F3FB, 0x200D, 0x1F33E],
    &[0x1F468, 0x1F3FB, 0x200D, 0x1F373],
    &[0x1F468, 0x1F3FB, 0x200D, 0x1F37C],
    &[0x1F468, 0x1F3FB, 0x200D, 0x1F393],
    &[0x1F468, 0x1F3FB, 0x200D, 0x1F3A4],
    &[0x1F468, 0x1F3FB, 0x200D, 0x1F3A8],
    &[0x1F468, 0x1F3FB, 0x200D, 0x1F3EB],
    &[0x1F468, 0x1F3FB, 0x200D, 0x1F3ED],
    &[0x1F468, 0x1F3FB, 0x200D, 0x1F430, 0x200D, 0x1F468, 0x1F3FC],
    &[0x1F468, 0x1F3FB, 0x200D, 0x1F430, 0x200D, 0x1F468, 0x1F3FD],
    &[0x1F468, 0x1F3FB, 0x200D, 0x1F430, 0x200D, 0x1F468, 0x1F3FE],
    &[0x1F468, 0x1F3FB, 0x200D, 0x1F430, 0x200D, 0x1F468, 0x1F3FF],
    &[0x1F468, 0x1F3FB, 0x200D, 0x1F4BB],
    &[0x1F468, 0x1F3FB, 0x200D, 0x1F4BC],
    &[0x1F468, 0x1F3FB, 0x200D, 0x1F527],
    &[0x1F468, 0x1F3FB, 0x200D, 0x1F52C],
    &[0x1F468, 0x1F3FB, 0x200D, 0x1F680],
    &[0x1F468, 0x1F3FB, 0x200D, 0x1F692],
    &[0x1F468, 0x1F3FB, 0x200D, 0x1F91D, 0x200D, 0x1F468, 0x1F3FC],
    &[0x1F468, 0x1F3FB, 0x200D, 0x1F91D, 0x200D, 0x1F468, 0x1F3FD],
    &[0x1F468, 0x1F3FB, 0x200D, 0x1F91D, 0x200D, 0x1F468, 0x1F3FE],
    &[0x1F468, 0x1F3FB, 0x200D, 0x1F91D, 0x200D, 0x1F468, 0x1F3FF],
    &[0x1F468, 0x1F3FB, 0x200D, 0x1F9AF],
    &[0x1F468, 0x1F3FB, 0x200D, 0x1F9AF, 0x200D, 0x27A1, 0xFE0F],
    &[0x1F468, 0x1F3FB, 0x200D, 0x1F9B0],
    &[0x1F468, 0x1F3FB, 0x200D, 0x1F9B1],
    &[0x1F468, 0x1F3FB, 0x200D, 0x1F9B2],
    &[0x1F468, 0x1F3FB, 0x200D, 0x1F9B3],
    &[0x1F468, 0x1F3FB, 0x200D, 0x1F9BC],
    &[0x1F468, 0x1F3FB, 0x200D, 0x1F9BC, 0x200D, 0x27A1, 0xFE0F],
    &[0x1F468, 0x1F3FB, 0x200D, 0x1F9BD],
    &[0x1F468, 0x1F3FB, 0x200D, 0x1F9BD, 0x200D, 0x27A1, 0xFE0F],
    &[0x1F468, 0x1F3FB, 0x200D, 0x1FAEF, 0x200D, 0x1F468, 0x1F3FC],
    &[0x1F468, 0x1F3FB, 0x200D, 0x1FAEF, 0x200D, 0x1F468, 0x1F3FD],
    &[0x1F468, 0x1F3FB, 0x200D, 0x1FAEF, 0x200D, 0x1F468, 0x1F3FE],
    &[0x1F468, 0x1F3FB, 0x200D, 0x1FAEF, 0x200D, 0x1F468, 0x1F3FF],
    &[0x1F468, 0x1F3FC],
    &[0x1F468, 0x1F3FC, 0x200D, 0x2695, 0xFE0F],
    &[0x1F468, 0x1F3FC, 0x200D, 0x2696, 0xFE0F],
    &[0x1F468, 0x1F3FC, 0x200D, 0x2708, 0xFE0F],
    &[0x1F468, 0x1F3FC, 0x200D, 0x2764, 0xFE0F, 0x200D, 0x1F468, 0x1F3FB],
    &[0x1F468, 0x1F3FC, 0x200D, 0x2764, 0xFE0F, 0x200D, 0x1F468, 0x1F3FC],
    &[0x1F468, 0x1F3FC, 0x200D, 0x2764, 0xFE0F, 0x200D, 0x1F468, 0x1F3FD],
    &[0x1F468, 0x1F3FC, 0x200D, 0x2764, 0xFE0F, 0x200D, 0x1F468, 0x1F3FE],
    &[0x1F468, 0x1F3FC, 0x200D, 0x2764, 0xFE0F, 0x200D, 0x1F468, 0x1F3FF],
    &[0x1F468, 0x1F3FC, 0x200D, 0x2764, 0xFE0F, 0x200D, 0x1F48B, 0x200D, 0x1F468, 0x1F3FB],
    &[0x1F468, 0x1F3FC, 0x200D, 0x2764, 0xFE0F, 0x200D, 0x1F48B, 0x200D, 0x1F468, 0x1F3FC],
    &[0x1F468, 0x1F3FC, 0x200D, 0x2764, 0xFE0F, 0x200D, 0x1F48B, 0x200D, 0x1F468, 0x1F3FD],
    &[0x1F468, 0x1F3FC, 0x200D, 0x2764, 0xFE0F, 0x200D, 0x1F48B, 0x200D, 0x1F468, 0x1F3FE],
    &[0x1F468, 0x1F3FC, 0x200D, 0x2764, 0xFE0F, 0x200D, 0x1F48B, 0x200D, 0x1F468, 0x1F3FF],
    &[0x1F468, 0x1F3FC, 0x200D, 0x1F33E],
    &[0x1F468, 0x1F3FC, 0x200D, 0x1F373],
    &[0x1F468, 0x1F3FC, 0x200D, 0x1F37C],
    &[0x1F468, 0x1F3FC, 0x200D, 0x1F393],
    &[0x1F468, 0x1F3FC, 0x200D, 0x1F3A4],
    &[0x1F468, 0x1F3FC, 0x200D, 0x1F3A8],
    &[0x1F468, 0x1F3FC, 0x200D, 0x1F3EB],
    &[0x1F468, 0x1F3FC, 0x200D, 0x1F3ED],
    &[0x1F468, 0x1F3FC, 0x200D, 0x1F430, 0x200D, 0x1F468, 0x1F3FB],
    &[0x1F468, 0x1F3FC, 0x200D, 0x1F430, 0x200D, 0x1F468, 0x1F3FD],
    &[0x1F468, 0x1F3FC, 0x200D, 0x1F430, 0x200D, 0x1F468, 0x1F3FE],
    &[0x1F468, 0x1F3FC, 0x200D, 0x1F430, 0x200D, 0x1F468, 0x1F3FF],
    &[0x1F468, 0x1F3FC, 0x200D, 0x1F4BB],
    &[0x1F468, 0x1F3FC, 0x200D, 0x1F4BC],
    &[0x1F468, 0x1F3FC, 0x200D, 0x1F527],
    &[0x1F468, 0x1F3FC, 0x200D, 0x1F52C],
    &[0x1F468, 0x1F3FC, 0x200D, 0x1F680],
    &[0x1F468, 0x1F3FC, 0x200D, 0x1F692],
    &[0x1F468, 0x1F3FC, 0x200D, 0x1F91D, 0x200D, 0x1F468, 0x1F3FB],
    &[0x1F468, 0x1F3FC, 0x200D, 0x1F91D, 0x200D, 0x1F468, 0x1F3FD],
    &[0x1F468, 0x1F3FC, 0x200D, 0x1F91D, 0x200D, 0x1F468, 0x1F3FE],
    &[0x1F468, 0x1F3FC, 0x200D, 0x1F91D, 0x200D, 0x1F468, 0x1F3FF],
    &[0x1F468, 0x1F3FC, 0x200D, 0x1F9AF],
    &[0x1F468, 0x1F3FC, 0x200D, 0x1F9AF, 0x200D, 0x27A1, 0xFE0F],
    &[0x1F468, 0x1F3FC, 0x200D, 0x1F9B0],
    &[0x1F468, 0x1F3FC, 0x200D, 0x1F9B1],
    &[0x1F468, 0x1F3FC, 0x200D, 0x1F9B2],
    &[0x1F468, 0x1F3FC, 0x200D, 0x1F9B3],
    &[0x1F468, 0x1F3FC, 0x200D, 0x1F9BC],
    &[0x1F468, 0x1F3FC, 0x200D, 0x1F9BC, 0x200D, 0x27A1, 0xFE0F],
    &[0x1F468, 0x1F3FC, 0x200D, 0x1F9BD],
    &[0x1F468, 0x1F3FC, 0x200D, 0x1F9BD, 0x200D, 0x27A1, 0xFE0F],
    &[0x1F468, 0x1F3FC, 0x200D, 0x1FAEF, 0x200D, 0x1F468, 0x1F3FB],
    &[0x1F468, 0x1F3FC, 0x200D, 0x1FAEF, 0x200D, 0x1F468, 0x1F3FD],
    &[0x1F468, 0x1F3FC, 0x200D, 0x1FAEF, 0x200D, 0x1F468, 0x1F3FE],
    &[0x1F468, 0x1F3FC, 0x200D, 0x1FAEF, 0x200D, 0x1F468, 0x1F3FF],
    &[0x1F468, 0x1F3FD],
    &[0x1F468, 0x1F3FD, 0x200D, 0x2695, 0xFE0F],
    &[0x1F468, 0x1F3FD, 0x200D, 0x2696, 0xFE0F],
    &[0x1F468, 0x1F3FD, 0x200D, 0x2708, 0xFE0F],
    &[0x1F468, 0x1F3FD, 0x200D, 0x2764, 0xFE0F, 0x200D, 0x1F468, 0x1F3FB],
    &[0x1F468, 0x1F3FD, 0x200D, 0x2764, 0xFE0F, 0x200D, 0x1F468, 0x1F3FC],
    &[0x1F468, 0x1F3FD, 0x200D, 0x2764, 0xFE0F, 0x200D, 0x1F468, 0x1F3FD],
    &[0x1F468, 0x1F3FD, 0x200D, 0x2764, 0xFE0F, 0x200D, 0x1F468, 0x1F3FE],
    &[0x1F468, 0x1F3FD, 0x200D, 0x2764, 0xFE0F, 0x200D, 0x1F468, 0x1F3FF],
    &[0x1F468, 0x1F3FD, 0x200D, 0x2764, 0xFE0F, 0x200D, 0x1F48B, 0x200D, 0x1F468, 0x1F3FB],
    &[0x1F468, 0x1F3FD, 0x200D, 0x2764, 0xFE0F, 0x200D, 0x1F48B, 0x200D, 0x1F468, 0x1F3FC],
    &[0x1F468, 0x1F3FD, 0x200D, 0x2764, 0xFE0F, 0x200D, 0x1F48B, 0x200D, 0x1F468, 0x1F3FD],
    &[0x1F468, 0x1F3FD, 0x200D, 0x2764, 0xFE0F, 0x200D, 0x1F48B, 0x200D, 0x1F468, 0x1F3FE],
    &[0x1F468, 0x1F3FD, 0x200D, 0x2764, 0xFE0F, 0x200D, 0x1F48B, 0x200D, 0x1F468, 0x1F3FF],
    &[0x1F468, 0x1F3FD, 0x200D, 0x1F33E],
    &[0x1F468, 0x1F3FD, 0x200D, 0x1F373],
    &[0x1F468, 0x1F3FD, 0x200D, 0x1F37C],
    &[0x1F468, 0x1F3FD, 0x200D, 0x1F393],
    &[0x1F468, 0x1F3FD, 0x200D, 0x1F3A4],
    &[0x1F468, 0x1F3FD, 0x200D, 0x1F3A8],
    &[0x1F468, 0x1F3FD, 0x200D, 0x1F3EB],
    &[0x1F468, 0x1F3FD, 0x200D, 0x1F3ED],
    &[0x1F468, 0x1F3FD, 0x200D, 0x1F430, 0x200D, 0x1F468, 0x1F3FB],
    &[0x1F468, 0x1F3FD, 0x200D, 0x1F430, 0x200D, 0x1F468, 0x1F3FC],
    &[0x1F468, 0x1F3FD, 0x200D, 0x1F430, 0x200D, 0x1F468, 0x1F3FE],
    &[0x1F468, 0x1F3FD, 0x200D, 0x1F430, 0x200D, 0x1F468, 0x1F3FF],
    &[0x1F468, 0x1F3FD, 0x200D, 0x1F4BB],
    &[0x1F468, 0x1F3FD, 0x200D, 0x1F4BC],
    &[0x1F468, 0x1F3FD, 0x200D, 0x1F527],
    &[0x1F468, 0x1F3FD, 0x200D, 0x1F52C],
    &[0x1F468, 0x1F3FD, 0x200D, 0x1F680],
    &[0x1F468, 0x1F3FD, 0x200D, 0x1F692],
    &[0x1F468, 0x1F3FD, 0x200D, 0x1F91D, 0x200D, 0x1F468, 0x1F3FB],
    &[0x1F468, 0x1F3FD, 0x200D, 0x1F91D, 0x200D, 0x1F468, 0x1F3FC],
    &[0x1F468, 0x1F3FD, 0x200D, 0x1F91D, 0x200D, 0x1F468, 0x1F3FE],
    &[0x1F468, 0x1F3FD, 0x200D, 0x1F91D, 0x200D, 0x1F468, 0x1F3FF],
    &[0x1F468, 0x1F3FD, 0x200D, 0x1F9AF],
    &[0x1F468, 0x1F3FD, 0x200D, 0x1F9AF, 0x200D, 0x27A1, 0xFE0F],
    &[0x1F468, 0x1F3FD, 0x200D, 0x1F9B0],
    &[0x1F468, 0x1F3FD, 0x200D, 0x1F9B1],
    &[0x1F468, 0x1F3FD, 0x200D, 0x1F9B2],
    &[0x1F468, 0x1F3FD, 0x200D, 0x1F9B3],
    &[0x1F468, 0x1F3FD, 0x200D, 0x1F9BC],
    &[0x1F468, 0x1F3FD, 0x200D, 0x1F9BC, 0x200D, 0x27A1, 0xFE0F],
    &[0x1F468, 0x1F3FD, 0x200D, 0x1F9BD],
    &[0x1F468, 0x1F3FD, 0x200D, 0x1F9BD, 0x200D, 0x27A1, 0xFE0F],
    &[0x1F468, 0x1F3FD, 0x200D, 0x1FAEF, 0x200D, 0x1F468, 0x1F3FB],
    &[0x1F468, 0x1F3FD, 0x200D, 0x1FAEF, 0x200D, 0x1F468, 0x1F3FC],
    &[0x1F468, 0x1F3FD, 0x200D, 0x1FAEF, 0x200D, 0x1F468, 0x1F3FE],
    &[0x1F468, 0x1F3FD, 0x200D, 0x1FAEF, 0x200D, 0x1F468, 0x1F3FF],
    &[0x1F468, 0x1F3FE],
    &[0x1F468, 0x1F3FE, 0x200D, 0x2695, 0xFE0F],
    &[0x1F468, 0x1F3FE, 0x200D, 0x2696, 0xFE0F],
    &[0x1F468, 0x1F3FE, 0x200D, 0x2708, 0xFE0F],
    &[0x1F468, 0x1F3FE, 0x200D, 0x2764, 0xFE0F, 0x200D, 0x1F468, 0x1F3FB],
    &[0x1F468, 0x1F3FE, 0x200D, 0x2764, 0xFE0F, 0x200D, 0x1F468, 0x1F3FC],
    &[0x1F468, 0x1F3FE, 0x200D, 0x2764, 0xFE0F, 0x200D, 0x1F468, 0x1F3FD],
    &[0x1F468, 0x1F3FE, 0x200D, 0x2764, 0xFE0F, 0x200D, 0x1F468, 0x1F3FE],
    &[0x1F468, 0x1F3FE, 0x200D, 0x2764, 0xFE0F, 0x200D, 0x1F468, 0x1F3FF],
    &[0x1F468, 0x1F3FE, 0x200D, 0x2764, 0xFE0F, 0x200D, 0x1F48B, 0x200D, 0x1F468, 0x1F3FB],
    &[0x1F468, 0x1F3FE, 0x200D, 0x2764, 0xFE0F, 0x200D, 0x1F48B, 0x200D, 0x1F468, 0x1F3FC],
    &[0x1F468, 0x1F3FE, 0x200D, 0x2764, 0xFE0F, 0x200D, 0x1F48B, 0x200D, 0x1F468, 0x1F3FD],
    &[0x1F468, 0x1F3FE, 0x200D, 0x2764, 0xFE0F, 0x200D, 0x1F48B, 0x200D, 0x1F468, 0x1F3FE],
    &[0x1F468, 0x1F3FE, 0x200D, 0x2764, 0xFE0F, 0x200D, 0x1F48B, 0x200D, 0x1F468, 0x1F3FF],
    &[0x1F468, 0x1F3FE, 0x200D, 0x1F33E],
    &[0x1F468, 0x1F3FE, 0x200D, 0x1F373],
    &[0x1F468, 0x1F3FE, 0x200D, 0x1F37C],
    &[0x1F468, 0x1F3FE, 0x200D, 0x1F393],
    &[0x1F468, 0x1F3FE, 0x200D, 0x1F3A4],
    &[0x1F468, 0x1F3FE, 0x200D, 0x1F3A8],
    &[0x1F468, 0x1F3FE, 0x200D, 0x1F3EB],
    &[0x1F468, 0x1F3FE, 0x200D, 0x1F3ED],
    &[0x1F468, 0x1F3FE, 0x200D, 0x1F430, 0x200D, 0x1F468, 0x1F3FB],
    &[0x1F468, 0x1F3FE, 0x200D, 0x1F430, 0x200D, 0x1F468, 0x1F3FC],
    &[0x1F468, 0x1F3FE, 0x200D, 0x1F430, 0x200D, 0x1F468, 0x1F3FD],
    &[0x1F468, 0x1F3FE, 0x200D, 0x1F430, 0x200D, 0x1F468, 0x1F3FF],
    &[0x1F468, 0x1F3FE, 0x200D, 0x1F4BB],
    &[0x1F468, 0x1F3FE, 0x200D, 0x1F4BC],
    &[0x1F468, 0x1F3FE, 0x200D, 0x1F527],
    &[0x1F468, 0x1F3FE, 0x200D, 0x1F52C],
    &[0x1F468, 0x1F3FE, 0x200D, 0x1F680],
    &[0x1F468, 0x1F3FE, 0x200D, 0x1F692],
    &[0x1F468, 0x1F3FE, 0x200D, 0x1F91D, 0x200D, 0x1F468, 0x1F3FB],
    &[0x1F468, 0x1F3FE, 0x200D, 0x1F91D, 0x200D, 0x1F468, 0x1F3FC],
    &[0x1F468, 0x1F3FE, 0x200D, 0x1F91D, 0x200D, 0x1F468, 0x1F3FD],
    &[0x1F468, 0x1F3FE, 0x200D, 0x1F91D, 0x200D, 0x1F468, 0x1F3FF],
    &[0x1F468, 0x1F3FE, 0x200D, 0x1F9AF],
    &[0x1F468, 0x1F3FE, 0x200D, 0x1F9AF, 0x200D, 0x27A1, 0xFE0F],
    &[0x1F468, 0x1F3FE, 0x200D, 0x1F9B0],
    &[0x1F468, 0x1F3FE, 0x200D, 0x1F9B1],
    &[0x1F468, 0x1F3FE, 0x200D, 0x1F9B2],
    &[0x1F468, 0x1F3FE, 0x200D, 0x1F9B3],
    &[0x1F468, 0x1F3FE, 0x200D, 0x1F9BC],
    &[0x1F468, 0x1F3FE, 0x200D, 0x1F9BC, 0x200D, 0x27A1, 0xFE0F],
    &[0x1F468, 0x1F3FE, 0x200D, 0x1F9BD],
    &[0x1F468, 0x1F3FE, 0x200D, 0x1F9BD, 0x200D, 0x27A1, 0xFE0F],
    &[0x1F468, 0x1F3FE, 0x200D, 0x1FAEF, 0x200D, 0x1F468, 0x1F3FB],
    &[0x1F468, 0x1F3FE, 0x200D, 0x1FAEF, 0x200D, 0x1F468, 0x1F3FC],
    &[0x1F468, 0x1F3FE, 0x200D, 0x1FAEF, 0x200D, 0x1F468, 0x1F3FD],
    &[0x1F468, 0x1F3FE, 0x200D, 0x1FAEF, 0x200D, 0x1F468, 0x1F3FF],
    &[0x1F468, 0x1F3FF],
    &[0x1F468, 0x1F3FF, 0x200D, 0x2695, 0xFE0F],
    &[0x1F468, 0x1F3FF, 0x200D, 0x2696, 0xFE0F],
    &[0x1F468, 0x1F3FF, 0x200D, 0x2708, 0xFE0F],
    &[0x1F468, 0x1F3FF, 0x200D, 0x2764, 0xFE0F, 0x200D, 0x1F468, 0x1F3FB],
    &[0x1F468, 0x1F3FF, 0x200D, 0x2764, 0xFE0F, 0x200D, 0x1F468, 0x1F3FC],
    &[0x1F468, 0x1F3FF, 0x200D, 0x2764, 0xFE0F, 0x200D, 0x1F468, 0x1F3FD],
    &[0x1F468, 0x1F3FF, 0x200D, 0x2764, 0xFE0F, 0x200D, 0x1F468, 0x1F3FE],
    &[0x1F468, 0x1F3FF, 0x200D, 0x2764, 0xFE0F, 0x200D, 0x1F468, 0x1F3FF],
    &[0x1F468, 0x1F3FF, 0x200D, 0x2764, 0xFE0F, 0x200D, 0x1F48B, 0x200D, 0x1F468, 0x1F3FB],
    &[0x1F468, 0x1F3FF, 0x200D, 0x2764, 0xFE0F, 0x200D, 0x1F48B, 0x200D, 0x1F468, 0x1F3FC],
    &[0x1F468, 0x1F3FF, 0x200D, 0x2764, 0xFE0F, 0x200D, 0x1F48B, 0x200D, 0x1F468, 0x1F3FD],
    &[0x1F468, 0x1F3FF, 0x200D, 0x2764, 0xFE0F, 0x200D, 0x1F48B, 0x200D, 0x1F468, 0x1F3FE],
    &[0x1F468, 0x1F3FF, 0x200D, 0x2764, 0xFE0F, 0x200D, 0x1F48B, 0x200D, 0x1F468, 0x1F3FF],
    &[0x1F468, 0x1F3FF, 0x200D, 0x1F33E],
    &[0x1F468, 0x1F3FF, 0x200D, 0x1F373],
    &[0x1F468, 0x1F3FF, 0x200D, 0x1F37C],
    &[0x1F468, 0x1F3FF, 0x200D, 0x1F393],
    &[0x1F468, 0x1F3FF, 0x200D, 0x1F3A4],
    &[0x1F468, 0x1F3FF, 0x200D, 0x1F3A8],
    &[0x1F468, 0x1F3FF, 0x200D, 0x1F3EB],
    &[0x1F468, 0x1F3FF, 0x200D, 0x1F3ED],
    &[0x1F468, 0x1F3FF, 0x200D, 0x1F430, 0x200D, 0x1F468, 0x1F3FB],
    &[0x1F468, 0x1F3FF, 0x200D, 0x1F430, 0x200D, 0x1F468, 0x1F3FC],
    &[0x1F468, 0x1F3FF, 0x200D, 0x1F430, 0x200D, 0x1F468, 0x1F3FD],
    &[0x1F468, 0x1F3FF, 0x200D, 0x1F430, 0x200D, 0x1F468, 0x1F3FE],
    &[0x1F468, 0x1F3FF, 0x200D, 0x1F4BB],
    &[0x1F468, 0x1F3FF, 0x200D, 0x1F4BC],
    &[0x1F468, 0x1F3FF, 0x200D, 0x1F527],
    &[0x1F468, 0x1F3FF, 0x200D, 0x1F52C],
    &[0x1F468, 0x1F3FF, 0x200D, 0x1F680],
    &[0x1F468, 0x1F3FF, 0x200D, 0x1F692],
    &[0x1F468, 0x1F3FF, 0x200D, 0x1F91D, 0x200D, 0x1F468, 0x1F3FB],
    &[0x1F468, 0x1F3FF, 0x200D, 0x1F91D, 0x200D, 0x1F468, 0x1F3FC],
    &[0x1F468, 0x1F3FF, 0x200D, 0x1F91D, 0x200D, 0x1F468, 0x1F3FD],
    &[0x1F468, 0x1F3FF, 0x200D, 0x1F91D, 0x200D, 0x1F468, 0x1F3FE],
    &[0x1F468, 0x1F3FF, 0x200D, 0x1F9AF],
    &[0x1F468, 0x1F3FF, 0x200D, 0x1F9AF, 0x200D, 0x27A1, 0xFE0F],
    &[0x1F468, 0x1F3FF, 0x200D, 0x1F9B0],
    &[0x1F468, 0x1F3FF, 0x200D, 0x1F9B1],
    &[0x1F468, 0x1F3FF, 0x200D, 0x1F9B2],
    &[0x1F468, 0x1F3FF, 0x200D, 0x1F9B3],
    &[0x1F468, 0x1F3FF, 0x200D, 0x1F9BC],
    &[0x1F468, 0x1F3FF, 0x200D, 0x1F9BC, 0x200D, 0x27A1, 0xFE0F],
    &[0x1F468, 0x1F3FF, 0x200D, 0x1F9BD],
    &[0x1F468, 0x1F3FF, 0x200D, 0x1F9BD, 0x200D, 0x27A1, 0xFE0F],
    &[0x1F468, 0x1F3FF, 0x200D, 0x1FAEF, 0x200D, 0x1F468, 0x1F3FB],
    &[0x1F468, 0x1F3FF, 0x200D, 0x1FAEF, 0x200D, 0x1F468, 0x1F3FC],
    &[0x1F468, 0x1F3FF, 0x200D, 0x1FAEF, 0x200D, 0x1F468, 0x1F3FD],
    &[0x1F468, 0x1F3FF, 0x200D, 0x1FAEF, 0x200D, 0x1F468, 0x1F3FE],
    &[0x1F469],
    &[0x1F469, 0x200D, 0x2695, 0xFE0F],
    &[0x1F469, 0x200D, 0x2696, 0xFE0F],
    &[0x1F469, 0x200D, 0x2708, 0xFE0F],
    &[0x1F469, 0x200D, 0x2764, 0xFE0F, 0x200D, 0x1F468],
    &[0x1F469, 0x200D, 0x2764, 0xFE0F, 0x200D, 0x1F469],
    &[0x1F469, 0x200D, 0x2764, 0xFE0F, 0x200D, 0x1F48B, 0x200D, 0x1F468],
    &[0x1F469, 0x200D, 0x2764, 0xFE0F, 0x200D, 0x1F48B, 0x200D, 0x1F469],
    &[0x1F469, 0x200D, 0x1F33E],
    &[0x1F469, 0x200D, 0x1F373],
    &[0x1F469, 0x200D, 0x1F37C],
    &[0x1F469, 0x200D, 0x1F393],
    &[0x1F469, 0x200D, 0x1F3A4],
    &[0x1F469, 0x200D, 0x1F3A8],
    &[0x1F469, 0x200D, 0x1F3EB],
    &[0x1F469, 0x200D, 0x1F3ED],
    &[0x1F469, 0x200D, 0x1F466],
    &[0x1F469, 0x200D, 0x1F466, 0x200D, 0x1F466],
    &[0x1F469, 0x200D, 0x1F467],
    &[0x1F469, 0x200D, 0x1F467, 0x200D, 0x1F466],
    &[0x1F469, 0x200D, 0x1F467, 0x200D, 0x1F467],
    &[0x1F469, 0x200D, 0x1F469, 0x200D, 0x1F466],
    &[0x1F469, 0x200D, 0x1F469, 0x200D, 0x1F466, 0x200D, 0x1F466],
    &[0x1F469, 0x200D, 0x1F469, 0x200D, 0x1F467],
    &[0x1F469, 0x200D, 0x1F469, 0x200D, 0x1F467, 0x200D, 0x1F466],
    &[0x1F469, 0x200D, 0x1F469, 0x200D, 0x1F467, 0x200D, 0x1F467],
    &[0x1F469, 0x200D, 0x1F4BB],
    &[0x1F469, 0x200D, 0x1F4BC],
    &[0x1F469, 0x200D, 0x1F527],
    &[0x1F469, 0x200D, 0x1F52C],
    &[0x1F469, 0x200D, 0x1F680],
    &[0x1F469, 0x200D, 0x1F692],
    &[0x1F469, 0x200D, 0x1F9AF],
    &[0x1F469, 0x200D, 0x1F9AF, 0x200D, 0x27A1, 0xFE0F],
    &[0x1F469, 0x200D, 0x1F9B0],
    &[0x1F469, 0x200D, 0x1F9B1],
    &[0x1F469, 0x200D, 0x1F9B2],
    &[0x1F469, 0x200D, 0x1F9B3],
    &[0x1F469, 0x200D, 0x1F9BC],
    &[0x1F469, 0x200D, 0x1F9BC, 0x200D, 0x27A1, 0xFE0F],
    &[0x1F469, 0x200D, 0x1F9BD],
    &[0x1F469, 0x200D, 0x1F9BD, 0x200D, 0x27A1, 0xFE0F],
    &[0x1F469, 0x1F3FB],
    &[0x1F469, 0x1F3FB, 0x200D, 0x2695, 0xFE0F],
    &[0x1F469, 0x1F3FB, 0x200D, 0x2696, 0xFE0F],
    &[0x1F469, 0x1F3FB, 0x200D, 0x2708, 0xFE0F],
    &[0x1F469, 0x1F3FB, 0x200D, 0x2764, 0xFE0F, 0x200D, 0x1F468, 0x1F3FB],
    &[0x1F469, 0x1F3FB, 0x200D, 0x2764, 0xFE0F, 0x200D, 0x1F468, 0x1F3FC],
    &[0x1F469, 0x1F3FB, 0x200D, 0x2764, 0xFE0F, 0x200D, 0x1F468, 0x1F3FD],
    &[0x1F469, 0x1F3FB, 0x200D, 0x2764, 0xFE0F, 0x200D, 0x1F468, 0x1F3FE],
    &[0x1F469, 0x1F3FB, 0x200D, 0x2764, 0xFE0F, 0x200D, 0x1F468, 0x1F3FF],
    &[0x1F469, 0x1F3FB, 0x200D, 0x2764, 0xFE0F, 0x200D, 0x1F469, 0x1F3FB],
    &[0x1F469, 0x1F3FB, 0x200D, 0x2764, 0xFE0F, 0x200D, 0x1F469, 0x1F3FC],
    &[0x1F469, 0x1F3FB, 0x200D, 0x2764, 0xFE0F, 0x200D, 0x1F469, 0x1F3FD],
    &[0x1F469, 0x1F3FB, 0x200D, 0x2764, 0xFE0F, 0x200D, 0x1F469, 0x1F3FE],
    &[0x1F469, 0x1F3FB, 0x200D, 0x2764, 0xFE0F, 0x200D, 0x1F469, 0x1F3FF],
    &[0x1F469, 0x1F3FB, 0x200D, 0x2764, 0xFE0F, 0x200D, 0x1F48B, 0x200D, 0x1F468, 0x1F3FB],
    &[0x1F469, 0x1F3FB, 0x200D, 0x2764, 0xFE0F, 0x200D, 0x1F48B, 0x200D, 0x1F468, 0x1F3FC],
    &[0x1F469, 0x1F3FB, 0x200D, 0x2764, 0xFE0F, 0x200D, 0x1F48B, 0x200D, 0x1F468, 0x1F3FD],
    &[0x1F469, 0x1F3FB, 0x200D, 0x2764, 0xFE0F, 0x200D, 0x1F48B, 0x200D, 0x1F468, 0x1F3FE],
    &[0x1F469, 0x1F3FB, 0x200D, 0x2764, 0xFE0F, 0x200D, 0x1F48B, 0x200D, 0x1F468, 0x1F3FF],
    &[0x1F469, 0x1F3FB, 0x200D, 0x2764, 0xFE0F, 0x200D, 0x1F48B, 0x200D, 0x1F469, 0x1F3FB],
    &[0x1F469, 0x1F3FB, 0x200D, 0x2764, 0xFE0F, 0x200D, 0x1F48B, 0x200D, 0x1F469, 0x1F3FC],
    &[0x1F469, 0x1F3FB, 0x200D, 0x2764, 0xFE0F, 0x200D, 0x1F48B, 0x200D, 0x1F469, 0x1F3FD],
    &[0x1F469, 0x1F3FB, 0x200D, 0x2764, 0xFE0F, 0x200D, 0x1F48B, 0x200D, 0x1F469, 0x1F3FE],
    &[0x1F469, 0x1F3FB, 0x200D, 0x2764, 0xFE0F, 0x200D, 0x1F48B, 0x200D, 0x1F469, 0x1F3FF],
    &[0x1F469, 0x1F3FB, 0x200D, 0x1F33E],
    &[0x1F469, 0x1F3FB, 0x200D, 0x1F373],
    &[0x1F469, 0x1F3FB, 0x200D, 0x1F37C],
    &[0x1F469, 0x1F3FB, 0x200D, 0x1F393],
    &[0x1F469, 0x1F3FB, 0x200D, 0x1F3A4],
    &[0x1F469, 0x1F3FB, 0x200D, 0x1F3A8],
    &[0x1F469, 0x1F3FB, 0x200D, 0x1F3EB],
    &[0x1F469, 0x1F3FB, 0x200D, 0x1F3ED],
    &[0x1F469, 0x1F3FB, 0x200D, 0x1F430, 0x200D, 0x1F469, 0x1F3FC],
    &[0x1F469, 0x1F3FB, 0x200D, 0x1F430, 0x200D, 0x1F469, 0x1F3FD],
    &[0x1F469, 0x1F3FB, 0x200D, 0x1F430, 0x200D, 0x1F469, 0x1F3FE],
    &[0x1F469, 0x1F3FB, 0x200D, 0x1F430, 0x200D, 0x1F469, 0x1F3FF],
    &[0x1F469, 0x1F3FB, 0x200D, 0x1F4BB],
    &[0x1F469, 0x1F3FB, 0x200D, 0x1F4BC],
    &[0x1F469, 0x1F3FB, 0x200D, 0x1F527],
    &[0x1F469, 0x1F3FB, 0x200D, 0x1F52C],
    &[0x1F469, 0x1F3FB, 0x200D, 0x1F680],
    &[0x1F469, 0x1F3FB, 0x200D, 0x1F692],
    &[0x1F469, 0x1F3FB, 0x200D, 0x1F91D, 0x200D, 0x1F468, 0x1F3FC],
    &[0x1F469, 0x1F3FB, 0x200D, 0x1F91D, 0x200D, 0x1F468, 0x1F3FD],
    &[0x1F469, 0x1F3FB, 0x200D, 0x1F91D, 0x200D, 0x1F468, 0x1F3FE],
    &[0x1F469, 0x1F3FB, 0x200D, 0x1F91D, 0x200D, 0x1F468, 0x1F3FF],
    &[0x1F469, 0x1F3FB, 0x200D, 0x1F91D, 0x200D, 0x1F469, 0x1F3FC],
    &[0x1F469, 0x1F3FB, 0x200D, 0x1F91D, 0x200D, 0x1F469, 0x1F3FD],
    &[0x1F469, 0x1F3FB, 0x200D, 0x1F91D, 0x200D, 0x1F469, 0x1F3FE],
    &[0x1F469, 0x1F3FB, 0x200D, 0x1F91D, 0x200D, 0x1F469, 0x1F3FF],
    &[0x1F469, 0x1F3FB, 0x200D, 0x1F9AF],
    &[0x1F469, 0x1F3FB, 0x200D, 0x1F9AF, 0x200D, 0x27A1, 0xFE0F],
    &[0x1F469, 0x1F3FB, 0x200D, 0x1F9B0],
    &[0x1F469, 0x1F3FB, 0x200D, 0x1F9B1],
    &[0x1F469, 0x1F3FB, 0x200D, 0x1F9B2],
    &[0x1F469, 0x1F3FB, 0x200D, 0x1F9B3],
    &[0x1F469, 0x1F3FB, 0x200D, 0x1F9BC],
    &[0x1F469, 0x1F3FB, 0x200D, 0x1F9BC, 0x200D, 0x27A1, 0xFE0F],
    &[0x1F469, 0x1F3FB, 0x200D, 0x1F9BD],
    &[0x1F469, 0x1F3FB, 0x200D, 0x1F9BD, 0x200D, 0x27A1, 0xFE0F],
    &[0x1F469, 0x1F3FB, 0x200D, 0x1FAEF, 0x200D, 0x1F469, 0x1F3FC],
    &[0x1F469, 0x1F3FB, 0x200D, 0x1FAEF, 0x200D, 0x1F469, 0x1F3FD],
    &[0x1F469, 0x1F3FB, 0x200D, 0x1FAEF, 0x200D, 0x1F469, 0x1F3FE],
    &[0x1F469, 0x1F3FB, 0x200D, 0x1FAEF, 0x200D, 0x1F469, 0x1F3FF],
    &[0x1F469, 0x1F3FC],
    &[0x1F469, 0x1F3FC, 0x200D, 0x2695, 0xFE0F],
    &[0x1F469, 0x1F3FC, 0x200D, 0x2696, 0xFE0F],
    &[0x1F469, 0x1F3FC, 0x200D, 0x2708, 0xFE0F],
    &[0x1F469, 0x1F3FC, 0x200D, 0x2764, 0xFE0F, 0x200D, 0x1F468, 0x1F3FB],
    &[0x1F469, 0x1F3FC, 0x200D, 0x2764, 0xFE0F, 0x200D, 0x1F468, 0x1F3FC],
    &[0x1F469, 0x1F3FC, 0x200D, 0x2764, 0xFE0F, 0x200D, 0x1F468, 0x1F3FD],
    &[0x1F469, 0x1F3FC, 0x200D, 0x2764, 0xFE0F, 0x200D, 0x1F468, 0x1F3FE],
    &[0x1F469, 0x1F3FC, 0x200D, 0x2764, 0xFE0F, 0x200D, 0x1F468, 0x1F3FF],
    &[0x1F469, 0x1F3FC, 0x200D, 0x2764, 0xFE0F, 0x200D, 0x1F469, 0x1F3FB],
    &[0x1F469, 0x1F3FC, 0x200D, 0x2764, 0xFE0F, 0x200D, 0x1F469, 0x1F3FC],
    &[0x1F469, 0x1F3FC, 0x200D, 0x2764, 0xFE0F, 0x200D, 0x1F469, 0x1F3FD],
    &[0x1F469, 0x1F3FC, 0x200D, 0x2764, 0xFE0F, 0x200D, 0x1F469, 0x1F3FE],
    &[0x1F469, 0x1F3FC, 0x200D, 0x2764, 0xFE0F, 0x200D, 0x1F469, 0x1F3FF],
    &[0x1F469, 0x1F3FC, 0x200D, 0x2764, 0xFE0F, 0x200D, 0x1F48B, 0x200D, 0x1F468, 0x1F3FB],
    &[0x1F469, 0x1F3FC, 0x200D, 0x2764, 0xFE0F, 0x200D, 0x1F48B, 0x200D, 0x1F468, 0x1F3FC],
    &[0x1F469, 0x1F3FC, 0x200D, 0x2764, 0xFE0F, 0x200D, 0x1F48B, 0x200D, 0x1F468, 0x1F3FD],
    &[0x1F469, 0x1F3FC, 0x200D, 0x2764, 0xFE0F, 0x200D, 0x1F48B, 0x200D, 0x1F468, 0x1F3FE],
    &[0x1F469, 0x1F3FC, 0x200D, 0x2764, 0xFE0F, 0x200D, 0x1F48B, 0x200D, 0x1F468, 0x1F3FF],
    &[0x1F469, 0x1F3FC, 0x200D, 0x2764, 0xFE0F, 0x200D, 0x1F48B, 0x200D, 0x1F469, 0x1F3FB],
    &[0x1F469, 0x1F3FC, 0x200D, 0x2764, 0xFE0F, 0x200D, 0x1F48B, 0x200D, 0x1F469, 0x1F3FC],
    &[0x1F469, 0x1F3FC, 0x200D, 0x2764, 0xFE0F, 0x200D, 0x1F48B, 0x200D, 0x1F469, 0x1F3FD],
    &[0x1F469, 0x1F3FC, 0x200D, 0x2764, 0xFE0F, 0x200D, 0x1F48B, 0x200D, 0x1F469, 0x1F3FE],
    &[0x1F469, 0x1F3FC, 0x200D, 0x2764, 0xFE0F, 0x200D, 0x1F48B, 0x200D, 0x1F469, 0x1F3FF],
    &[0x1F469, 0x1F3FC, 0x200D, 0x1F33E],
    &[0x1F469, 0x1F3FC, 0x200D, 0x1F373],
    &[0x1F469, 0x1F3FC, 0x200D, 0x1F37C],
    &[0x1F469, 0x1F3FC, 0x200D, 0x1F393],
    &[0x1F469, 0x1F3FC, 0x200D, 0x1F3A4],
    &[0x1F469, 0x1F3FC, 0x200D, 0x1F3A8],
    &[0x1F469, 0x1F3FC, 0x200D, 0x1F3EB],
    &[0x1F469, 0x1F3FC, 0x200D, 0x1F3ED],
    &[0x1F469, 0x1F3FC, 0x200D, 0x1F430, 0x200D, 0x1F469, 0x1F3FB],
    &[0x1F469, 0x1F3FC, 0x200D, 0x1F430, 0x200D, 0x1F469, 0x1F3FD],
    &[0x1F469, 0x1F3FC, 0x200D, 0x1F430, 0x200D, 0x1F469, 0x1F3FE],
    &[0x1F469, 0x1F3FC, 0x200D, 0x1F430, 0x200D, 0x1F469, 0x1F3FF],
    &[0x1F469, 0x1F3FC, 0x200D, 0x1F4BB],
    &[0x1F469, 0x1F3FC, 0x200D, 0x1F4BC],
    &[0x1F469, 0x1F3FC, 0x200D, 0x1F527],
    &[0x1F469, 0x1F3FC, 0x200D, 0x1F52C],
    &[0x1F469, 0x1F3FC, 0x200D, 0x1F680],
    &[0x1F469, 0x1F3FC, 0x200D, 0x1F692],
    &[0x1F469, 0x1F3FC, 0x200D, 0x1F91D, 0x200D, 0x1F468, 0x1F3FB],
    &[0x1F469, 0x1F3FC, 0x200D, 0x1F91D, 0x200D, 0x1F468, 0x1F3FD],
    &[0x1F469, 0x1F3FC, 0x200D, 0x1F91D, 0x200D, 0x1F468, 0x1F3FE],
    &[0x1F469, 0x1F3FC, 0x200D, 0x1F91D, 0x200D, 0x1F468, 0x1F3FF],
    &[0x1F469, 0x1F3FC, 0x200D, 0x1F91D, 0x200D, 0x1F469, 0x1F3FB],
    &[0x1F469, 0x1F3FC, 0x200D, 0x1F91D, 0x200D, 0x1F469, 0x1F3FD],
    &[0x1F469, 0x1F3FC, 0x200D, 0x1F91D, 0x200D, 0x1F469, 0x1F3FE],
    &[0x1F469, 0x1F3FC, 0x200D, 0x1F91D, 0x200D, 0x1F469, 0x1F3FF],
    &[0x1F469, 0x1F3FC, 0x200D, 0x1F9AF],
    &[0x1F469, 0x1F3FC, 0x200D, 0x1F9AF, 0x200D, 0x27A1, 0xFE0F],
    &[0x1F469, 0x1F3FC, 0x200D, 0x1F9B0],
    &[0x1F469, 0x1F3FC, 0x200D, 0x1F9B1],
    &[0x1F469, 0x1F3FC, 0x200D, 0x1F9B2],
    &[0x1F469, 0x1F3FC, 0x200D, 0x1F9B3],
    &[0x1F469, 0x1F3FC, 0x200D, 0x1F9BC],
    &[0x1F469, 0x1F3FC, 0x200D, 0x1F9BC, 0x200D, 0x27A1, 0xFE0F],
    &[0x1F469, 0x1F3FC, 0x200D, 0x1F9BD],
    &[0x1F469, 0x1F3FC, 0x200D, 0x1F9BD, 0x200D, 0x27A1, 0xFE0F],
    &[0x1F469, 0x1F3FC, 0x200D, 0x1FAEF, 0x200D, 0x1F469, 0x1F3FB],
    &[0x1F469, 0x1F3FC, 0x200D, 0x1FAEF, 0x200D, 0x1F469, 0x1F3FD],
    &[0x1F469, 0x1F3FC, 0x200D, 0x1FAEF, 0x200D, 0x1F469, 0x1F3FE],
    &[0x1F469, 0x1F3FC, 0x200D, 0x1FAEF, 0x200D, 0x1F469, 0x1F3FF],
    &[0x1F469, 0x1F3FD],
    &[0x1F469, 0x1F3FD, 0x200D, 0x2695, 0xFE0F],
    &[0x1F469, 0x1F3FD, 0x200D, 0x2696, 0xFE0F],
    &[0x1F469, 0x1F3FD, 0x200D, 0x2708, 0xFE0F],
    &[0x1F469, 0x1F3FD, 0x200D, 0x2764, 0xFE0F, 0x200D, 0x1F468, 0x1F3FB],
    &[0x1F469, 0x1F3FD, 0x200D, 0x2764, 0xFE0F, 0x200D, 0x1F468, 0x1F3FC],
    &[0x1F469, 0x1F3FD, 0x200D, 0x2764, 0xFE0F, 0x200D, 0x1F468, 0x1F3FD],
    &[0x1F469, 0x1F3FD, 0x200D, 0x2764, 0xFE0F, 0x200D, 0x1F468, 0x1F3FE],
    &[0x1F469, 0x1F3FD, 0x200D, 0x2764, 0xFE0F, 0x200D, 0x1F468, 0x1F3FF],
    &[0x1F469, 0x1F3FD, 0x200D, 0x2764, 0xFE0F, 0x200D, 0x1F469, 0x1F3FB],
    &[0x1F469, 0x1F3FD, 0x200D, 0x2764, 0xFE0F, 0x200D, 0x1F469, 0x1F3FC],
    &[0x1F469, 0x1F3FD, 0x200D, 0x2764, 0xFE0F, 0x200D, 0x1F469, 0x1F3FD],
    &[0x1F469, 0x1F3FD, 0x200D, 0x2764, 0xFE0F, 0x200D, 0x1F469, 0x1F3FE],
    &[0x1F469, 0x1F3FD, 0x200D, 0x2764, 0xFE0F, 0x200D, 0x1F469, 0x1F3FF],
    &[0x1F469, 0x1F3FD, 0x200D, 0x2764, 0xFE0F, 0x200D, 0x1F48B, 0x200D, 0x1F468, 0x1F3FB],
    &[0x1F469, 0x1F3FD, 0x200D, 0x2764, 0xFE0F, 0x200D, 0x1F48B, 0x200D, 0x1F468, 0x1F3FC],
    &[0x1F469, 0x1F3FD, 0x200D, 0x2764, 0xFE0F, 0x200D, 0x1F48B, 0x200D, 0x1F468, 0x1F3FD],
    &[0x1F469, 0x1F3FD, 0x200D, 0x2764, 0xFE0F, 0x200D, 0x1F48B, 0x200D, 0x1F468, 0x1F3FE],
    &[0x1F469, 0x1F3FD, 0x200D, 0x2764, 0xFE0F, 0x200D, 0x1F48B, 0x200D, 0x1F468, 0x1F3FF],
    &[0x1F469, 0x1F3FD, 0x200D, 0x2764, 0xFE0F, 0x200D, 0x1F48B, 0x200D, 0x1F469, 0x1F3FB],
    &[0x1F469, 0x1F3FD, 0x200D, 0x2764, 0xFE0F, 0x200D, 0x1F48B, 0x200D, 0x1F469, 0x1F3FC],
    &[0x1F469, 0x1F3FD, 0x200D, 0x2764, 0xFE0F, 0x200D, 0x1F48B, 0x200D, 0x1F469, 0x1F3FD],
    &[0x1F469, 0x1F3FD, 0x200D, 0x2764, 0xFE0F, 0x200D, 0x1F48B, 0x200D, 0x1F469, 0x1F3FE],
    &[0x1F469, 0x1F3FD, 0x200D, 0x2764, 0xFE0F, 0x200D, 0x1F48B, 0x200D, 0x1F469, 0x1F3FF],
    &[0x1F469, 0x1F3FD, 0x200D, 0x1F33E],
    &[0x1F469, 0x1F3FD, 0x200D, 0x1F373],
    &[0x1F469, 0x1F3FD, 0x200D, 0x1F37C],
    &[0x1F469, 0x1F3FD, 0x200D, 0x1F393],
    &[0x1F469, 0x1F3FD, 0x200D, 0x1F3A4],
    &[0x1F469, 0x1F3FD, 0x200D, 0x1F3A8],
    &[0x1F469, 0x1F3FD, 0x200D, 0x1F3EB],
    &[0x1F469, 0x1F3FD, 0x200D, 0x1F3ED],
    &[0x1F469, 0x1F3FD, 0x200D, 0x1F430, 0x200D, 0x1F469, 0x1F3FB],
    &[0x1F469, 0x1F3FD, 0x200D, 0x1F430, 0x200D, 0x1F469, 0x1F3FC],
    &[0x1F469, 0x1F3FD, 0x200D, 0x1F430, 0x200D, 0x1F469, 0x1F3FE],
    &[0x1F469, 0x1F3FD, 0x200D, 0x1F430, 0x200D, 0x1F469, 0x1F3FF],
    &[0x1F469, 0x1F3FD, 0x200D, 0x1F4BB],
    &[0x1F469, 0x1F3FD, 0x200D, 0x1F4BC],
    &[0x1F469, 0x1F3FD, 0x200D, 0x1F527],
    &[0x1F469, 0x1F3FD, 0x200D, 0x1F52C],
    &[0x1F469, 0x1F3FD, 0x200D, 0x1F680],
    &[0x1F469, 0x1F3FD, 0x200D, 0x1F692],
    &[0x1F469, 0x1F3FD, 0x200D, 0x1F91D, 0x200D, 0x1F468, 0x1F3FB],
    &[0x1F469, 0x1F3FD, 0x200D, 0x1F91D, 0x200D, 0x1F468, 0x1F3FC],
    &[0x1F469, 0x1F3FD, 0x200D, 0x1F91D, 0x200D, 0x1F468, 0x1F3FE],
    &[0x1F469, 0x1F3FD, 0x200D, 0x1F91D, 0x200D, 0x1F468, 0x1F3FF],
    &[0x1F469, 0x1F3FD, 0x200D, 0x1F91D, 0x200D, 0x1F469, 0x1F3FB],
    &[0x1F469, 0x1F3FD, 0x200D, 0x1F91D, 0x200D, 0x1F469, 0x1F3FC],
    &[0x1F469, 0x1F3FD, 0x200D, 0x1F91D, 0x200D, 0x1F469, 0x1F3FE],
    &[0x1F469, 0x1F3FD, 0x200D, 0x1F91D, 0x200D, 0x1F469, 0x1F3FF],
    &[0x1F469, 0x1F3FD, 0x200D, 0x1F9AF],
    &[0x1F469, 0x1F3FD, 0x200D, 0x1F9AF, 0x200D, 0x27A1, 0xFE0F],
    &[0x1F469, 0x1F3FD, 0x200D, 0x1F9B0],
    &[0x1F469, 0x1F3FD, 0x200D, 0x1F9B1],
    &[0x1F469, 0x1F3FD, 0x200D, 0x1F9B2],
    &[0x1F469, 0x1F3FD, 0x200D, 0x1F9B3],
    &[0x1F469, 0x1F3FD, 0x200D, 0x1F9BC],
    &[0x1F469, 0x1F3FD, 0x200D, 0x1F9BC, 0x200D, 0x27A1, 0xFE0F],
    &[0x1F469, 0x1F3FD, 0x200D, 0x1F9BD],
    &[0x1F469, 0x1F3FD, 0x200D, 0x1F9BD, 0x200D, 0x27A1, 0xFE0F],
    &[0x1F469, 0x1F3FD, 0x200D, 0x1FAEF, 0x200D, 0x1F469, 0x1F3FB],
    &[0x1F469, 0x1F3FD, 0x200D, 0x1FAEF, 0x200D, 0x1F469, 0x1F3FC],
    &[0x1F469, 0x1F3FD, 0x200D, 0x1FAEF, 0x200D, 0x1F469, 0x1F3FE],
    &[0x1F469, 0x1F3FD, 0x200D, 0x1FAEF, 0x200D, 0x1F469, 0x1F3FF],
    &[0x1F469, 0x1F3FE],
    &[0x1F469, 0x1F3FE, 0x200D, 0x2695, 0xFE0F],
    &[0x1F469, 0x1F3FE, 0x200D, 0x2696, 0xFE0F],
    &[0x1F469, 0x1F3FE, 0x200D, 0x2708, 0xFE0F],
    &[0x1F469, 0x1F3FE, 0x200D, 0x2764, 0xFE0F, 0x200D, 0x1F468, 0x1F3FB],
    &[0x1F469, 0x1F3FE, 0x200D, 0x2764, 0xFE0F, 0x200D, 0x1F468, 0x1F3FC],
    &[0x1F469, 0x1F3FE, 0x200D, 0x2764, 0xFE0F, 0x200D, 0x1F468, 0x1F3FD],
    &[0x1F469, 0x1F3FE, 0x200D, 0x2764, 0xFE0F, 0x200D, 0x1F468, 0x1F3FE],
    &[0x1F469, 0x1F3FE, 0x200D, 0x2764, 0xFE0F, 0x200D, 0x1F468, 0x1F3FF],
    &[0x1F469, 0x1F3FE, 0x200D, 0x2764, 0xFE0F, 0x200D, 0x1F469, 0x1F3FB],
    &[0x1F469, 0x1F3FE, 0x200D, 0x2764, 0xFE0F, 0x200D, 0x1F469, 0x1F3FC],
    &[0x1F469, 0x1F3FE, 0x200D, 0x2764, 0xFE0F, 0x200D, 0x1F469, 0x1F3FD],
    &[0x1F469, 0x1F3FE, 0x200D, 0x2764, 0xFE0F, 0x200D, 0x1F469, 0x1F3FE],
    &[0x1F469, 0x1F3FE, 0x200D, 0x2764, 0xFE0F, 0x200D, 0x1F469, 0x1F3FF],
    &[0x1F469, 0x1F3FE, 0x200D, 0x2764, 0xFE0F, 0x200D, 0x1F48B, 0x200D, 0x1F468, 0x1F3FB],
    &[0x1F469, 0x1F3FE, 0x200D, 0x2764, 0xFE0F, 0x200D, 0x1F48B, 0x200D, 0x1F468, 0x1F3FC],
    &[0x1F469, 0x1F3FE, 0x200D, 0x2764, 0xFE0F, 0x200D, 0x1F48B, 0x200D, 0x1F468, 0x1F3FD],
    &[0x1F469, 0x1F3FE, 0x200D, 0x2764, 0xFE0F, 0x200D, 0x1F48B, 0x200D, 0x1F468, 0x1F3FE],
    &[0x1F469, 0x1F3FE, 0x200D, 0x2764, 0xFE0F, 0x200D, 0x1F48B, 0x200D, 0x1F468, 0x1F3FF],
    &[0x1F469, 0x1F3FE, 0x200D, 0x2764, 0xFE0F, 0x200D, 0x1F48B, 0x200D, 0x1F469, 0x1F3FB],
    &[0x1F469, 0x1F3FE, 0x200D, 0x2764, 0xFE0F, 0x200D, 0x1F48B, 0x200D, 0x1F469, 0x1F3FC],
    &[0x1F469, 0x1F3FE, 0x200D, 0x2764, 0xFE0F, 0x200D, 0x1F48B, 0x200D, 0x1F469, 0x1F3FD],
    &[0x1F469, 0x1F3FE, 0x200D, 0x2764, 0xFE0F, 0x200D, 0x1F48B, 0x200D, 0x1F469, 0x1F3FE],
    &[0x1F469, 0x1F3FE, 0x200D, 0x2764, 0xFE0F, 0x200D, 0x1F48B, 0x200D, 0x1F469, 0x1F3FF],
    &[0x1F469, 0x1F3FE, 0x200D, 0x1F33E],
    &[0x1F469, 0x1F3FE, 0x200D, 0x1F373],
    &[0x1F469, 0x1F3FE, 0x200D, 0x1F37C],
    &[0x1F469, 0x1F3FE, 0x200D, 0x1F393],
    &[0x1F469, 0x1F3FE, 0x200D, 0x1F3A4],
    &[0x1F469, 0x1F3FE, 0x200D, 0x1F3A8],
    &[0x1F469, 0x1F3FE, 0x200D, 0x1F3EB],
    &[0x1F469, 0x1F3FE, 0x200D, 0x1F3ED],
    &[0x1F469, 0x1F3FE, 0x200D, 0x1F430, 0x200D, 0x1F469, 0x1F3FB],
    &[0x1F469, 0x1F3FE, 0x200D, 0x1F430, 0x200D, 0x1F469, 0x1F3FC],
    &[0x1F469, 0x1F3FE, 0x200D, 0x1F430, 0x200D, 0x1F469, 0x1F3FD],
    &[0x1F469, 0x1F3FE, 0x200D, 0x1F430, 0x200D, 0x1F469, 0x1F3FF],
    &[0x1F469, 0x1F3FE, 0x200D, 0x1F4BB],
    &[0x1F469, 0x1F3FE, 0x200D, 0x1F4BC],
    &[0x1F469, 0x1F3FE, 0x200D, 0x1F527],
    &[0x1F469, 0x1F3FE, 0x200D, 0x1F52C],
    &[0x1F469, 0x1F3FE, 0x200D, 0x1F680],
    &[0x1F469, 0x1F3FE, 0x200D, 0x1F692],
    &[0x1F469, 0x1F3FE, 0x200D, 0x1F91D, 0x200D, 0x1F468, 0x1F3FB],
    &[0x1F469, 0x1F3FE, 0x200D, 0x1F91D, 0x200D, 0x1F468, 0x1F3FC],
    &[0x1F469, 0x1F3FE, 0x200D, 0x1F91D, 0x200D, 0x1F468, 0x1F3FD],
    &[0x1F469, 0x1F3FE, 0x200D, 0x1F91D, 0x200D, 0x1F468, 0x1F3FF],
    &[0x1F469, 0x1F3FE, 0x200D, 0x1F91D, 0x200D, 0x1F469, 0x1F3FB],
    &[0x1F469, 0x1F3FE, 0x200D, 0x1F91D, 0x200D, 0x1F469, 0x1F3FC],
    &[0x1F469, 0x1F3FE, 0x200D, 0x1F91D, 0x200D, 0x1F469, 0x1F3FD],
    &[0x1F469, 0x1F3FE, 0x200D, 0x1F91D, 0x200D, 0x1F469, 0x1F3FF],
    &[0x1F469, 0x1F3FE, 0x200D, 0x1F9AF],
    &[0x1F469, 0x1F3FE, 0x200D, 0x1F9AF, 0x200D, 0x27A1, 0xFE0F],
    &[0x1F469, 0x1F3FE, 0x200D, 0x1F9B0],
    &[0x1F469, 0x1F3FE, 0x200D, 0x1F9B1],
    &[0x1F469, 0x1F3FE, 0x200D, 0x1F9B2],
    &[0x1F469, 0x1F3FE, 0x200D, 0x1F9B3],
    &[0x1F469, 0x1F3FE, 0x200D, 0x1F9BC],
    &[0x1F469, 0x1F3FE, 0x200D, 0x1F9BC, 0x200D, 0x27A1, 0xFE0F],
    &[0x1F469, 0x1F3FE, 0x200D, 0x1F9BD],
    &[0x1F469, 0x1F3FE, 0x200D, 0x1F9BD, 0x200D, 0x27A1, 0xFE0F],
    &[0x1F469, 0x1F3FE, 0x200D, 0x1FAEF, 0x200D, 0x1F469, 0x1F3FB],
    &[0x1F469, 0x1F3FE, 0x200D, 0x1FAEF, 0x200D, 0x1F469, 0x1F3FC],
    &[0x1F469, 0x1F3FE, 0x200D, 0x1FAEF, 0x200D, 0x1F469, 0x1F3FD],
    &[0x1F469, 0x1F3FE, 0x200D, 0x1FAEF, 0x200D, 0x1F469, 0x1F3FF],
    &[0x1F469, 0x1F3FF],
    &[0x1F469, 0x1F3FF, 0x200D, 0x2695, 0xFE0F],
    &[0x1F469, 0x1F3FF, 0x200D, 0x2696, 0xFE0F],
    &[0x1F469, 0x1F3FF, 0x200D, 0x2708, 0xFE0F],
    &[0x1F469, 0x1F3FF, 0x200D, 0x2764, 0xFE0F, 0x200D, 0x1F468, 0x1F3FB],
    &[0x1F469, 0x1F3FF, 0x200D, 0x2764, 0xFE0F, 0x200D, 0x1F468, 0x1F3FC],
    &[0x1F469, 0x1F3FF, 0x200D, 0x2764, 0xFE0F, 0x200D, 0x1F468, 0x1F3FD],
    &[0x1F469, 0x1F3FF, 0x200D, 0x2764, 0xFE0F, 0x200D, 0x1F468, 0x1F3FE],
    &[0x1F469, 0x1F3FF, 0x200D, 0x2764, 0xFE0F, 0x200D, 0x1F468, 0x1F3FF],
    &[0x1F469, 0x1F3FF, 0x200D, 0x2764, 0xFE0F, 0x200D, 0x1F469, 0x1F3FB],
    &[0x1F469, 0x1F3FF, 0x200D, 0x2764, 0xFE0F, 0x200D, 0x1F469, 0x1F3FC],
    &[0x1F469, 0x1F3FF, 0x200D, 0x2764, 0xFE0F, 0x200D, 0x1F469, 0x1F3FD],
    &[0x1F469, 0x1F3FF, 0x200D, 0x2764, 0xFE0F, 0x200D, 0x1F469, 0x1F3FE],
    &[0x1F469, 0x1F3FF, 0x200D, 0x2764, 0xFE0F, 0x200D, 0x1F469, 0x1F3FF],
    &[0x1F469, 0x1F3FF, 0x200D, 0x2764, 0xFE0F, 0x200D, 0x1F48B, 0x200D, 0x1F468, 0x1F3FB],
    &[0x1F469, 0x1F3FF, 0x200D, 0x2764, 0xFE0F, 0x200D, 0x1F48B, 0x200D, 0x1F468, 0x1F3FC],
    &[0x1F469, 0x1F3FF, 0x200D, 0x2764, 0xFE0F, 0x200D, 0x1F48B, 0x200D, 0x1F468, 0x1F3FD],
    &[0x1F469, 0x1F3FF, 0x200D, 0x2764, 0xFE0F, 0x200D, 0x1F48B, 0x200D, 0x1F468, 0x1F3FE],
    &[0x1F469, 0x1F3FF, 0x200D, 0x2764, 0xFE0F, 0x200D, 0x1F48B, 0x200D, 0x1F468, 0x1F3FF],
    &[0x1F469, 0x1F3FF, 0x200D, 0x2764, 0xFE0F, 0x200D, 0x1F48B, 0x200D, 0x1F469, 0x1F3FB],
    &[0x1F469, 0x1F3FF, 0x200D, 0x2764, 0xFE0F, 0x200D, 0x1F48B, 0x200D, 0x1F469, 0x1F3FC],
    &[0x1F469, 0x1F3FF, 0x200D, 0x2764, 0xFE0F, 0x200D, 0x1F48B, 0x200D, 0x1F469, 0x1F3FD],
    &[0x1F469, 0x1F3FF, 0x200D, 0x2764, 0xFE0F, 0x200D, 0x1F48B, 0x200D, 0x1F469, 0x1F3FE],
    &[0x1F469, 0x1F3FF, 0x200D, 0x2764, 0xFE0F, 0x200D, 0x1F48B, 0x200D, 0x1F469, 0x1F3FF],
    &[0x1F469, 0x1F3FF, 0x200D, 0x1F33E],
    &[0x1F469, 0x1F3FF, 0x200D, 0x1F373],
    &[0x1F469, 0x1F3FF, 0x200D, 0x1F37C],
    &[0x1F469, 0x1F3FF, 0x200D, 0x1F393],
    &[0x1F469, 0x1F3FF, 0x200D, 0x1F3A4],
    &[0x1F469, 0x1F3FF, 0x200D, 0x1F3A8],
    &[0x1F469, 0x1F3FF, 0x200D, 0x1F3EB],
    &[0x1F469, 0x1F3FF, 0x200D, 0x1F3ED],
    &[0x1F469, 0x1F3FF, 0x200D, 0x1F430, 0x200D, 0x1F469, 0x1F3FB],
    &[0x1F469, 0x1F3FF, 0x200D, 0x1F430, 0x200D, 0x1F469, 0x1F3FC],
    &[0x1F469, 0x1F3FF, 0x200D, 0x1F430, 0x200D, 0x1F469, 0x1F3FD],
    &[0x1F469, 0x1F3FF, 0x200D, 0x1F430, 0x200D, 0x1F469, 0x1F3FE],
    &[0x1F469, 0x1F3FF, 0x200D, 0x1F4BB],
    &[0x1F469, 0x1F3FF, 0x200D, 0x1F4BC],
    &[0x1F469, 0x1F3FF, 0x200D, 0x1F527],
    &[0x1F469, 0x1F3FF, 0x200D, 0x1F52C],
    &[0x1F469, 0x1F3FF, 0x200D, 0x1F680],
    &[0x1F469, 0x1F3FF, 0x200D, 0x1F692],
    &[0x1F469, 0x1F3FF, 0x200D, 0x1F91D, 0x200D, 0x1F468, 0x1F3FB],
    &[0x1F469, 0x1F3FF, 0x200D, 0x1F91D, 0x200D, 0x1F468, 0x1F3FC],
    &[0x1F469, 0x1F3FF, 0x200D, 0x1F91D, 0x200D, 0x1F468, 0x1F3FD],
    &[0x1F469, 0x1F3FF, 0x200D, 0x1F91D, 0x200D, 0x1F468, 0x1F3FE],
    &[0x1F469, 0x1F3FF, 0x200D, 0x1F91D, 0x200D, 0x1F469, 0x1F3FB],
    &[0x1F469, 0x1F3FF, 0x200D, 0x1F91D, 0x200D, 0x1F469, 0x1F3FC],
    &[0x1F469, 0x1F3FF, 0x200D, 0x1F91D, 0x200D, 0x1F469, 0x1F3FD],
    &[0x1F469, 0x1F3FF, 0x200D, 0x1F91D, 0x200D, 0x1F469, 0x1F3FE],
    &[0x1F469, 0x1F3FF, 0x200D, 0x1F9AF],
    &[0x1F469, 0x1F3FF, 0x200D, 0x1F9AF, 0x200D, 0x27A1, 0xFE0F],
    &[0x1F469, 0x1F3FF, 0x200D, 0x1F9B0],
    &[0x1F469, 0x1F3FF, 0x200D, 0x1F9B1],
    &[0x1F469, 0x1F3FF, 0x200D, 0x1F9B2],
    &[0x1F469, 0x1F3FF, 0x200D, 0x1F9B3],
    &[0x1F469, 0x1F3FF, 0x200D, 0x1F9BC],
    &[0x1F469, 0x1F3FF, 0x200D, 0x1F9BC, 0x200D, 0x27A1, 0xFE0F],
    &[0x1F469, 0x1F3FF, 0x200D, 0x1F9BD],
    &[0x1F469, 0x1F3FF, 0x200D, 0x1F9BD, 0x200D, 0x27A1, 0xFE0F],
    &[0x1F469, 0x1F3FF, 0x200D, 0x1FAEF, 0x200D, 0x1F469, 0x1F3FB],
    &[0x1F469, 0x1F3FF, 0x200D, 0x1FAEF, 0x200D, 0x1F469, 0x1F3FC],
    &[0x1F469, 0x1F3FF, 0x200D, 0x1FAEF, 0x200D, 0x1F469, 0x1F3FD],
    &[0x1F469, 0x1F3FF, 0x200D, 0x1FAEF, 0x200D, 0x1F469, 0x1F3FE],
    &[0x1F46A],
    &[0x1F46B],
    &[0x1F46B, 0x1F3FB],
    &[0x1F46B, 0x1F3FC],
    &[0x1F46B, 0x1F3FD],
    &[0x1F46B, 0x1F3FE],
    &[0x1F46B, 0x1F3FF],
    &[0x1F46C],
    &[0x1F46C, 0x1F3FB],
    &[0x1F46C, 0x1F3FC],
    &[0x1F46C, 0x1F3FD],
    &[0x1F46C, 0x1F3FE],
    &[0x1F46C, 0x1F3FF],
    &[0x1F46D],
    &[0x1F46D, 0x1F3FB],
    &[0x1F46D, 0x1F3FC],
    &[0x1F46D, 0x1F3FD],
    &[0x1F46D, 0x1F3FE],
    &[0x1F46D, 0x1F3FF],
    &[0x1F46E],
    &[0x1F46E, 0x200D, 0x2640, 0xFE0F],
    &[0x1F46E, 0x200D, 0x2642, 0xFE0F],
    &[0x1F46E, 0x1F3FB],
    &[0x1F46E, 0x1F3FB, 0x200D, 0x2640, 0xFE0F],
    &[0x1F46E, 0x1F3FB, 0x200D, 0x2642, 0xFE0F],
    &[0x1F46E, 0x1F3FC],
    &[0x1F46E, 0x1F3FC, 0x200D, 0x2640, 0xFE0F],
    &[0x1F46E, 0x1F3FC, 0x200D, 0x2642, 0xFE0F],
    &[0x1F46E, 0x1F3FD],
    &[0x1F46E, 0x1F3FD, 0x200D, 0x2640, 0xFE0F],
    &[0x1F46E, 0x1F3FD, 0x200D, 0x2642, 0xFE0F],
    &[0x1F46E, 0x1F3FE],
    &[0x1F46E, 0x1F3FE, 0x200D, 0x2640, 0xFE0F],
    &[0x1F46E, 0x1F3FE, 0x200D, 0x2642, 0xFE0F],
    &[0x1F46E, 0x1F3FF],
    &[0x1F46E, 0x1F3FF, 0x200D, 0x2640, 0xFE0F],
    &[0x1F46E, 0x1F3FF, 0x200D, 0x2642, 0xFE0F],
    &[0x1F46F],
    &[0x1F46F, 0x200D, 0x2640, 0xFE0F],
    &[0x1F46F, 0x200D, 0x2642, 0xFE0F],
    &[0x1F46F, 0x1F3FB],
    &[0x1F46F, 0x1F3FB, 0x200D, 0x2640, 0xFE0F],
    &[0x1F46F, 0x1F3FB, 0x200D, 0x2642, 0xFE0F],
    &[0x1F46F, 0x1F3FC],
    &[0x1F46F, 0x1F3FC, 0x200D, 0x2640, 0xFE0F],
    &[0x1F46F, 0x1F3FC, 0x200D, 0x2642, 0xFE0F],
    &[0x1F46F, 0x1F3FD],
    &[0x1F46F, 0x1F3FD, 0x200D, 0x2640, 0xFE0F],
    &[0x1F46F, 0x1F3FD, 0x200D, 0x2642, 0xFE0F],
    &[0x1F46F, 0x1F3FE],
    &[0x1F46F, 0x1F3FE, 0x200D, 0x2640, 0xFE0F],
    &[0x1F46F, 0x1F3FE, 0x200D, 0x2642, 0xFE0F],
    &[0x1F46F, 0x1F3FF],
    &[0x1F46F, 0x1F3FF, 0x200D, 0x2640, 0xFE0F],
    &[0x1F46F, 0x1F3FF, 0x200D, 0x2642, 0xFE0F],
    &[0x1F470],
    &[0x1F470, 0x200D, 0x2640, 0xFE0F],
    &[0x1F470, 0x200D, 0x2642, 0xFE0F],
    &[0x1F470, 0x1F3FB],
    &[0x1F470, 0x1F3FB, 0x200D, 0x2640, 0xFE0F],
    &[0x1F470, 0x1F3FB, 0x200D, 0x2642, 0xFE0F],
    &[0x1F470, 0x1F3FC],
    &[0x1F470, 0x1F3FC, 0x200D, 0x2640, 0xFE0F],
    &[0x1F470, 0x1F3FC, 0x200D, 0x2642, 0xFE0F],
    &[0x1F470, 0x1F3FD],
    &[0x1F470, 0x1F3FD, 0x200D, 0x2640, 0xFE0F],
    &[0x1F470, 0x1F3FD, 0x200D, 0x2642, 0xFE0F],
    &[0x1F470, 0x1F3FE],
    &[0x1F470, 0x1F3FE, 0x200D, 0x2640, 0xFE0F],
    &[0x1F470, 0x1F3FE, 0x200D, 0x2642, 0xFE0F],
    &[0x1F470, 0x1F3FF],
    &[0x1F470, 0x1F3FF, 0x200D, 0x2640, 0xFE0F],
    &[0x1F470, 0x1F3FF, 0x200D, 0x2642, 0xFE0F],
    &[0x1F471],
    &[0x1F471, 0x200D, 0x2640, 0xFE0F],
    &[0x1F471, 0x200D, 0x2642, 0xFE0F],
    &[0x1F471, 0x1F3FB],
    &[0x1F471, 0x1F3FB, 0x200D, 0x2640, 0xFE0F],
    &[0x1F471, 0x1F3FB, 0x200D, 0x2642, 0xFE0F],
    &[0x1F471, 0x1F3FC],
    &[0x1F471, 0x1F3FC, 0x200D, 0x2640, 0xFE0F],
    &[0x1F471, 0x1F3FC, 0x200D, 0x2642, 0xFE0F],
    &[0x1F471, 0x1F3FD],
    &[0x1F471, 0x1F3FD, 0x200D, 0x2640, 0xFE0F],
    &[0x1F471, 0x1F3FD, 0x200D, 0x2642, 0xFE0F],
    &[0x1F471, 0x1F3FE],
    &[0x1F471, 0x1F3FE, 0x200D, 0x2640, 0xFE0F],
    &[0x1F471, 0x1F3FE, 0x200D, 0x2642, 0xFE0F],
    &[0x1F471, 0x1F3FF],
    &[0x1F471, 0x1F3FF, 0x200D, 0x2640, 0xFE0F],
    &[0x1F471, 0x1F3FF, 0x200D, 0x2642, 0xFE0F],
    &[0x1F472],
    &[0x1F472, 0x1F3FB],
    &[0x1F472, 0x1F3FC],
    &[0x1F472, 0x1F3FD],
    &[0x1F472, 0x1F3FE],
    &[0x1F472, 0x1F3FF],
    &[0x1F473],
    &[0x1F473, 0x200D, 0x2640, 0xFE0F],
    &[0x1F473, 0x200D, 0x2642, 0xFE0F],
    &[0x1F473, 0x1F3FB],
    &[0x1F473, 0x1F3FB, 0x200D, 0x2640, 0xFE0F],
    &[0x1F473, 0x1F3FB, 0x200D, 0x2642, 0xFE0F],
    &[0x1F473, 0x1F3FC],
    &[0x1F473, 0x1F3FC, 0x200D, 0x2640, 0xFE0F],
    &[0x1F473, 0x1F3FC, 0x200D, 0x2642, 0xFE0F],
    &[0x1F473, 0x1F3FD],
    &[0x1F473, 0x1F3FD, 0x200D, 0x2640, 0xFE0F],
    &[0x1F473, 0x1F3FD, 0x200D, 0x2642, 0xFE0F],
    &[0x1F473, 0x1F3FE],
    &[0x1F473, 0x1F3FE, 0x200D, 0x2640, 0xFE0F],
    &[0x1F473, 0x1F3FE, 0x200D, 0x2642, 0xFE0F],
    &[0x1F473, 0x1F3FF],
    &[0x1F473, 0x1F3FF, 0x200D, 0x2640, 0xFE0F],
    &[0x1F473, 0x1F3FF, 0x200D, 0x2642, 0xFE0F],
    &[0x1F474],
    &[0x1F474, 0x1F3FB],
    &[0x1F474, 0x1F3FC],
    &[0x1F474, 0x1F3FD],
    &[0x1F474, 0x1F3FE],
    &[0x1F474, 0x1F3FF],
    &[0x1F475],
    &[0x1F475, 0x1F3FB],
    &[0x1F475, 0x1F3FC],
    &[0x1F475, 0x1F3FD],
    &[0x1F475, 0x1F3FE],
    &[0x1F475, 0x1F3FF],
    &[0x1F476],
    &[0x1F476, 0x1F3FB],
    &[0x1F476, 0x1F3FC],
    &[0x1F476, 0x1F3FD],
    &[0x1F476, 0x1F3FE],
    &[0x1F476, 0x1F3FF],
    &[0x1F477],
    &[0x1F477, 0x200D, 0x2640, 0xFE0F],
    &[0x1F477, 0x200D, 0x2642, 0xFE0F],
    &[0x1F477, 0x1F3FB],
    &[0x1F477, 0x1F3FB, 0x200D, 0x2640, 0xFE0F],
    &[0x1F477, 0x1F3FB, 0x200D, 0x2642, 0xFE0F],
    &[0x1F477, 0x1F3FC],
    &[0x1F477, 0x1F3FC, 0x200D, 0x2640, 0xFE0F],
    &[0x1F477, 0x1F3FC, 0x200D, 0x2642, 0xFE0F],
    &[0x1F477, 0x1F3FD],
    &[0x1F477, 0x1F3FD, 0x200D, 0x2640, 0xFE0F],
    &[0x1F477, 0x1F3FD, 0x200D, 0x2642, 0xFE0F],
    &[0x1F477, 0x1F3FE],
    &[0x1F477, 0x1F3FE, 0x200D, 0x2640, 0xFE0F],
    &[0x1F477, 0x1F3FE, 0x200D, 0x2642, 0xFE0F],
    &[0x1F477, 0x1F3FF],
    &[0x1F477, 0x1F3FF, 0x200D, 0x2640, 0xFE0F],
    &[0x1F477, 0x1F3FF, 0x200D, 0x2642, 0xFE0F],
    &[0x1F478],
    &[0x1F478, 0x1F3FB],
    &[0x1F478, 0x1F3FC],
    &[0x1F478, 0x1F3FD],
    &[0x1F478, 0x1F3FE],
    &[0x1F478, 0x1F3FF],
    &[0x1F479],
    &[0x1F47A],
    &[0x1F47B],
    &[0x1F47C],
    &[0x1F47C, 0x1F3FB],
    &[0x1F47C, 0x1F3FC],
    &[0x1F47C, 0x1F3FD],
    &[0x1F47C, 0x1F3FE],
    &[0x1F47C, 0x1F3FF],
    &[0x1F47D],
    &[0x1F47E],
    &[0x1F47F],
    &[0x1F480],
    &[0x1F481],
    &[0x1F481, 0x200D, 0x2640, 0xFE0F],
    &[0x1F481, 0x200D, 0x2642, 0xFE0F],
    &[0x1F481, 0x1F3FB],
    &[0x1F481, 0x1F3FB, 0x200D, 0x2640, 0xFE0F],
    &[0x1F481, 0x1F3FB, 0x200D, 0x2642, 0xFE0F],
    &[0x1F481, 0x1F3FC],
    &[0x1F481, 0x1F3FC, 0x200D, 0x2640, 0xFE0F],
    &[0x1F481, 0x1F3FC, 0x200D, 0x2642, 0xFE0F],
    &[0x1F481, 0x1F3FD],
    &[0x1F481, 0x1F3FD, 0x200D, 0x2640, 0xFE0F],
    &[0x1F481, 0x1F3FD, 0x200D, 0x2642, 0xFE0F],
    &[0x1F481, 0x1F3FE],
    &[0x1F481, 0x1F3FE, 0x200D, 0x2640, 0xFE0F],
    &[0x1F481, 0x1F3FE, 0x200D, 0x2642, 0xFE0F],
    &[0x1F481, 0x1F3FF],
    &[0x1F481, 0x1F3FF, 0x200D, 0x2640, 0xFE0F],
    &[0x1F481, 0x1F3FF, 0x200D, 0x2642, 0xFE0F],
    &[0x1F482],
    &[0x1F482, 0x200D, 0x2640, 0xFE0F],
    &[0x1F482, 0x200D, 0x2642, 0xFE0F],
    &[0x1F482, 0x1F3FB],
    &[0x1F482, 0x1F3FB, 0x200D, 0x2640, 0xFE0F],
    &[0x1F482, 0x1F3FB, 0x200D, 0x2642, 0xFE0F],
    &[0x1F482, 0x1F3FC],
    &[0x1F482, 0x1F3FC, 0x200D, 0x2640, 0xFE0F],
    &[0x1F482, 0x1F3FC, 0x200D, 0x2642, 0xFE0F],
    &[0x1F482, 0x1F3FD],
    &[0x1F482, 0x1F3FD, 0x200D, 0x2640, 0xFE0F],
    &[0x1F482, 0x1F3FD, 0x200D, 0x2642, 0xFE0F],
    &[0x1F482, 0x1F3FE],
    &[0x1F482, 0x1F3FE, 0x200D, 0x2640, 0xFE0F],
    &[0x1F482, 0x1F3FE, 0x200D, 0x2642, 0xFE0F],
    &[0x1F482, 0x1F3FF],
    &[0x1F482, 0x1F3FF, 0x200D, 0x2640, 0xFE0F],
    &[0x1F482, 0x1F3FF, 0x200D, 0x2642, 0xFE0F],
    &[0x1F483],
    &[0x1F483, 0x1F3FB],
    &[0x1F483, 0x1F3FC],
    &[0x1F483, 0x1F3FD],
    &[0x1F483, 0x1F3FE],
    &[0x1F483, 0x1F3FF],
    &[0x1F484],
    &[0x1F485],
    &[0x1F485, 0x1F3FB],
    &[0x1F485, 0x1F3FC],
    &[0x1F485, 0x1F3FD],
    &[0x1F485, 0x1F3FE],
    &[0x1F485, 0x1F3FF],
    &[0x1F486],
    &[0x1F486, 0x200D, 0x2640, 0xFE0F],
    &[0x1F486, 0x200D, 0x2642, 0xFE0F],
    &[0x1F486, 0x1F3FB],
    &[0x1F486, 0x1F3FB, 0x200D, 0x2640, 0xFE0F],
    &[0x1F486, 0x1F3FB, 0x200D, 0x2642, 0xFE0F],
    &[0x1F486, 0x1F3FC],
    &[0x1F486, 0x1F3FC, 0x200D, 0x2640, 0xFE0F],
    &[0x1F486, 0x1F3FC, 0x200D, 0x2642, 0xFE0F],
    &[0x1F486, 0x1F3FD],
    &[0x1F486, 0x1F3FD, 0x200D, 0x2640, 0xFE0F],
    &[0x1F486, 0x1F3FD, 0x200D, 0x2642, 0xFE0F],
    &[0x1F486, 0x1F3FE],
    &[0x1F486, 0x1F3FE, 0x200D, 0x2640, 0xFE0F],
    &[0x1F486, 0x1F3FE, 0x200D, 0x2642, 0xFE0F],
    &[0x1F486, 0x1F3FF],
    &[0x1F486, 0x1F3FF, 0x200D, 0x2640, 0xFE0F],
    &[0x1F486, 0x1F3FF, 0x200D, 0x2642, 0xFE0F],
    &[0x1F487],
    &[0x1F487, 0x200D, 0x2640, 0xFE0F],
    &[0x1F487, 0x200D, 0x2642, 0xFE0F],
    &[0x1F487, 0x1F3FB],
    &[0x1F487, 0x1F3FB, 0x200D, 0x2640, 0xFE0F],
    &[0x1F487, 0x1F3FB, 0x200D, 0x2642, 0xFE0F],
    &[0x1F487, 0x1F3FC],
    &[0x1F487, 0x1F3FC, 0x200D, 0x2640, 0xFE0F],
    &[0x1F487, 0x1F3FC, 0x200D, 0x2642, 0xFE0F],
    &[0x1F487, 0x1F3FD],
    &[0x1F487, 0x1F3FD, 0x200D, 0x2640, 0xFE0F],
    &[0x1F487, 0x1F3FD, 0x200D, 0x2642, 0xFE0F],
    &[0x1F487, 0x1F3FE],
    &[0x1F487, 0x1F3FE, 0x200D, 0x2640, 0xFE0F],
    &[0x1F487, 0x1F3FE, 0x200D, 0x2642, 0xFE0F],
    &[0x1F487, 0x1F3FF],
    &[0x1F487, 0x1F3FF, 0x200D, 0x2640, 0xFE0F],
    &[0x1F487, 0x1F3FF, 0x200D, 0x2642, 0xFE0F],
    &[0x1F488],
    &[0x1F489],
    &[0x1F48A],
    &[0x1F48B],
    &[0x1F48C],
    &[0x1F48D],
    &[0x1F48E],
    &[0x1F48F],
    &[0x1F48F, 0x1F3FB],
    &[0x1F48F, 0x1F3FC],
    &[0x1F48F, 0x1F3FD],
    &[0x1F48F, 0x1F3FE],
    &[0x1F48F, 0x1F3FF],
    &[0x1F490],
    &[0x1F491],
    &[0x1F491, 0x1F3FB],
    &[0x1F491, 0x1F3FC],
    &[0x1F491, 0x1F3FD],
    &[0x1F491, 0x1F3FE],
    &[0x1F491, 0x1F3FF],
    &[0x1F492],
    &[0x1F493],
    &[0x1F494],
    &[0x1F495],
    &[0x1F496],
    &[0x1F497],
    &[0x1F498],
    &[0x1F499],
    &[0x1F49A],
    &[0x1F49B],
    &[0x1F49C],
    &[0x1F49D],
    &[0x1F49E],
    &[0x1F49F],
    &[0x1F4A0],
    &[0x1F4A1],
    &[0x1F4A2],
    &[0x1F4A3],
    &[0x1F4A4],
    &[0x1F4A5],
    &[0x1F4A6],
    &[0x1F4A7],
    &[0x1F4A8],
    &[0x1F4A9],
    &[0x1F4AA],
    &[0x1F4AA, 0x1F3FB],
    &[0x1F4AA, 0x1F3FC],
    &[0x1F4AA, 0x1F3FD],
    &[0x1F4AA, 0x1F3FE],
    &[0x1F4AA, 0x1F3FF],
    &[0x1F4AB],
    &[0x1F4AC],
    &[0x1F4AD],
    &[0x1F4AE],
    &[0x1F4AF],
    &[0x1F4B0],
    &[0x1F4B1],
    &[0x1F4B2],
    &[0x1F4B3],
    &[0x1F4B4],
    &[0x1F4B5],
    &[0x1F4B6],
    &[0x1F4B7],
    &[0x1F4B8],
    &[0x1F4B9],
    &[0x1F4BA],
    &[0x1F4BB],
    &[0x1F4BC],
    &[0x1F4BD],
    &[0x1F4BE],
    &[0x1F4BF],
    &[0x1F4C0],
    &[0x1F4C1],
    &[0x1F4C2],
    &[0x1F4C3],
    &[0x1F4C4],
    &[0x1F4C5],
    &[0x1F4C6],
    &[0x1F4C7],
    &[0x1F4C8],
    &[0x1F4C9],
    &[0x1F4CA],
    &[0x1F4CB],
    &[0x1F4CC],
    &[0x1F4CD],
    &[0x1F4CE],
    &[0x1F4CF],
    &[0x1F4D0],
    &[0x1F4D1],
    &[0x1F4D2],
    &[0x1F4D3],
    &[0x1F4D4],
    &[0x1F4D5],
    &[0x1F4D6],
    &[0x1F4D7],
    &[0x1F4D8],
    &[0x1F4D9],
    &[0x1F4DA],
    &[0x1F4DB],
    &[0x1F4DC],
    &[0x1F4DD],
    &[0x1F4DE],
    &[0x1F4DF],
    &[0x1F4E0],
    &[0x1F4E1],
    &[0x1F4E2],
    &[0x1F4E3],
    &[0x1F4E4],
    &[0x1F4E5],
    &[0x1F4E6],
    &[0x1F4E7],
    &[0x1F4E8],
    &[0x1F4E9],
    &[0x1F4EA],
    &[0x1F4EB],
    &[0x1F4EC],
    &[0x1F4ED],
    &[0x1F4EE],
    &[0x1F4EF],
    &[0x1F4F0],
    &[0x1F4F1],
    &[0x1F4F2],
    &[0x1F4F3],
    &[0x1F4F4],
    &[0x1F4F5],
    &[0x1F4F6],
    &[0x1F4F7],
    &[0x1F4F8],
    &[0x1F4F9],
    &[0x1F4FA],
    &[0x1F4FB],
    &[0x1F4FC],
    &[0x1F4FD, 0xFE0F],
    &[0x1F4FF],
    &[0x1F500],
    &[0x1F501],
    &[0x1F502],
    &[0x1F503],
    &[0x1F504],
    &[0x1F505],
    &[0x1F506],
    &[0x1F507],
    &[0x1F508],
    &[0x1F509],
    &[0x1F50A],
    &[0x1F50B],
    &[0x1F50C],
    &[0x1F50D],
    &[0x1F50E],
    &[0x1F50F],
    &[0x1F510],
    &[0x1F511],
    &[0x1F512],
    &[0x1F513],
    &[0x1F514],
    &[0x1F515],
    &[0x1F516],
    &[0x1F517],
    &[0x1F518],
    &[0x1F519],
    &[0x1F51A],
    &[0x1F51B],
    &[0x1F51C],
    &[0x1F51D],
    &[0x1F51E],
    &[0x1F51F],
    &[0x1F520],
    &[0x1F521],
    &[0x1F522],
    &[0x1F523],
    &[0x1F524],
    &[0x1F525],
    &[0x1F526],
    &[0x1F527],
    &[0x1F528],
    &[0x1F529],
    &[0x1F52A],
    &[0x1F52B],
    &[0x1F52C],
    &[0x1F52D],
    &[0x1F52E],
    &[0x1F52F],
    &[0x1F530],
    &[0x1F531],
    &[0x1F532],
    &[0x1F533],
    &[0x1F534],
    &[0x1F535],
    &[0x1F536],
    &[0x1F537],
    &[0x1F538],
    &[0x1F539],
    &[0x1F53A],
    &[0x1F53B],
    &[0x1F53C],
    &[0x1F53D],
    &[0x1F549, 0xFE0F],
    &[0x1F54A, 0xFE0F],
    &[0x1F54B],
    &[0x1F54C],
    &[0x1F54D],
    &[0x1F54E],
    &[0x1F550],
    &[0x1F551],
    &[0x1F552],
    &[0x1F553],
    &[0x1F554],
    &[0x1F555],
    &[0x1F556],
    &[0x1F557],
    &[0x1F558],
    &[0x1F559],
    &[0x1F55A],
    &[0x1F55B],
    &[0x1F55C],
    &[0x1F55D],
    &[0x1F55E],
    &[0x1F55F],
    &[0x1F560],
    &[0x1F561],
    &[0x1F562],
    &[0x1F563],
    &[0x1F564],
    &[0x1F565],
    &[0x1F566],
    &[0x1F567],
    &[0x1F56F, 0xFE0F],
    &[0x1F570, 0xFE0F],
    &[0x1F573, 0xFE0F],
    &[0x1F574, 0x1F3FB],
    &[0x1F574, 0x1F3FC],
    &[0x1F574, 0x1F3FD],
    &[0x1F574, 0x1F3FE],
    &[0x1F574, 0x1F3FF],
    &[0x1F574, 0xFE0F],
    &[0x1F575, 0x1F3FB],
    &[0x1F575, 0x1F3FB, 0x200D, 0x2640, 0xFE0F],
    &[0x1F575, 0x1F3FB, 0x200D, 0x2642, 0xFE0F],
    &[0x1F575, 0x1F3FC],
    &[0x1F575, 0x1F3FC, 0x200D, 0x2640, 0xFE0F],
    &[0x1F575, 0x1F3FC, 0x200D, 0x2642, 0xFE0F],
    &[0x1F575, 0x1F3FD],
    &[0x1F575, 0x1F3FD, 0x200D, 0x2640, 0xFE0F],
    &[0x1F575, 0x1F3FD, 0x200D, 0x2642, 0xFE0F],
    &[0x1F575, 0x1F3FE],
    &[0x1F575, 0x1F3FE, 0x200D, 0x2640, 0xFE0F],
    &[0x1F575, 0x1F3FE, 0x200D, 0x2642, 0xFE0F],
    &[0x1F575, 0x1F3FF],
    &[0x1F575, 0x1F3FF, 0x200D, 0x2640, 0xFE0F],
    &[0x1F575, 0x1F3FF, 0x200D, 0x2642, 0xFE0F],
    &[0x1F575, 0xFE0F],
    &[0x1F575, 0xFE0F, 0x200D, 0x2640, 0xFE0F],
    &[0x1F575, 0xFE0F, 0x200D, 0x2642, 0xFE0F],
    &[0x1F576, 0xFE0F],
    &[0x1F577, 0xFE0F],
    &[0x1F578, 0xFE0F],
    &[0x1F579, 0xFE0F],
    &[0x1F57A],
    &[0x1F57A, 0x1F3FB],
    &[0x1F57A, 0x1F3FC],
    &[0x1F57A, 0x1F3FD],
    &[0x1F57A, 0x1F3FE],
    &[0x1F57A, 0x1F3FF],
    &[0x1F587, 0xFE0F],
    &[0x1F58A, 0xFE0F],
    &[0x1F58B, 0xFE0F],
    &[0x1F58C, 0xFE0F],
    &[0x1F58D, 0xFE0F],
    &[0x1F590, 0x1F3FB],
    &[0x1F590, 0x1F3FC],
    &[0x1F590, 0x1F3FD],
    &[0x1F590, 0x1F3FE],
    &[0x1F590, 0x1F3FF],
    &[0x1F590, 0xFE0F],
    &[0x1F595],
    &[0x1F595, 0x1F3FB],
    &[0x1F595, 0x1F3FC],
    &[0x1F595, 0x1F3FD],
    &[0x1F595, 0x1F3FE],
    &[0x1F595, 0x1F3FF],
    &[0x1F596],
    &[0x1F596, 0x1F3FB],
    &[0x1F596, 0x1F3FC],
    &[0x1F596, 0x1F3FD],
    &[0x1F596, 0x1F3FE],
    &[0x1F596, 0x1F3FF],
    &[0x1F5A4],
    &[0x1F5A5, 0xFE0F],
    &[0x1F5A8, 0xFE0F],
    &[0x1F5B1, 0xFE0F],
    &[0x1F5B2, 0xFE0F],
    &[0x1F5BC, 0xFE0F],
    &[0x1F5C2, 0xFE0F],
    &[0x1F5C3, 0xFE0F],
    &[0x1F5C4, 0xFE0F],
    &[0x1F5D1, 0xFE0F],
    &[0x1F5D2, 0xFE0F],
    &[0x1F5D3, 0xFE0F],
    &[0x1F5DC, 0xFE0F],
    &[0x1F5DD, 0xFE0F],
    &[0x1F5DE, 0xFE0F],
    &[0x1F5E1, 0xFE0F],
    &[0x1F5E3, 0xFE0F],
    &[0x1F5E8, 0xFE0F],
    &[0x1F5EF, 0xFE0F],
    &[0x1F5F3, 0xFE0F],
    &[0x1F5FA, 0xFE0F],
    &[0x1F5FB],
    &[0x1F5FC],
    &[0x1F5FD],
    &[0x1F5FE],
    &[0x1F5FF],
    &[0x1F600],
    &[0x1F601],
    &[0x1F602],
    &[0x1F603],
    &[0x1F604],
    &[0x1F605],
    &[0x1F606],
    &[0x1F607],
    &[0x1F608],
    &[0x1F609],
    &[0x1F60A],
    &[0x1F60B],
    &[0x1F60C],
    &[0x1F60D],
    &[0x1F60E],
    &[0x1F60F],
    &[0x1F610],
    &[0x1F611],
    &[0x1F612],
    &[0x1F613],
    &[0x1F614],
    &[0x1F615],
    &[0x1F616],
    &[0x1F617],
    &[0x1F618],
    &[0x1F619],
    &[0x1F61A],
    &[0x1F61B],
    &[0x1F61C],
    &[0x1F61D],
    &[0x1F61E],
    &[0x1F61F],
    &[0x1F620],
    &[0x1F621],
    &[0x1F622],
    &[0x1F623],
    &[0x1F624],
    &[0x1F625],
    &[0x1F626],
    &[0x1F627],
    &[0x1F628],
    &[0x1F629],
    &[0x1F62A],
    &[0x1F62B],
    &[0x1F62C],
    &[0x1F62D],
    &[0x1F62E],
    &[0x1F62E, 0x200D, 0x1F4A8],
    &[0x1F62F],
    &[0x1F630],
    &[0x1F631],
    &[0x1F632],
    &[0x1F633],
    &[0x1F634],
    &[0x1F635],
    &[0x1F635, 0x200D, 0x1F4AB],
    &[0x1F636],
    &[0x1F636, 0x200D, 0x1F32B, 0xFE0F],
    &[0x1F637],
    &[0x1F638],
    &[0x1F639],
    &[0x1F63A],
    &[0x1F63B],
    &[0x1F63C],
    &[0x1F63D],
    &[0x1F63E],
    &[0x1F63F],
    &[0x1F640],
    &[0x1F641],
    &[0x1F642],
    &[0x1F642, 0x200D, 0x2194, 0xFE0F],
    &[0x1F642, 0x200D, 0x2195, 0xFE0F],
    &[0x1F643],
    &[0x1F644],
    &[0x1F645],
    &[0x1F645, 0x200D, 0x2640, 0xFE0F],
    &[0x1F645, 0x200D, 0x2642, 0xFE0F],
    &[0x1F645, 0x1F3FB],
    &[0x1F645, 0x1F3FB, 0x200D, 0x2640, 0xFE0F],
    &[0x1F645, 0x1F3FB, 0x200D, 0x2642, 0xFE0F],
    &[0x1F645, 0x1F3FC],
    &[0x1F645, 0x1F3FC, 0x200D, 0x2640, 0xFE0F],
    &[0x1F645, 0x1F3FC, 0x200D, 0x2642, 0xFE0F],
    &[0x1F645, 0x1F3FD],
    &[0x1F645, 0x1F3FD, 0x200D, 0x2640, 0xFE0F],
    &[0x1F645, 0x1F3FD, 0x200D, 0x2642, 0xFE0F],
    &[0x1F645, 0x1F3FE],
    &[0x1F645, 0x1F3FE, 0x200D, 0x2640, 0xFE0F],
    &[0x1F645, 0x1F3FE, 0x200D, 0x2642, 0xFE0F],
    &[0x1F645, 0x1F3FF],
    &[0x1F645, 0x1F3FF, 0x200D, 0x2640, 0xFE0F],
    &[0x1F645, 0x1F3FF, 0x200D, 0x2642, 0xFE0F],
    &[0x1F646],
    &[0x1F646, 0x200D, 0x2640, 0xFE0F],
    &[0x1F646, 0x200D, 0x2642, 0xFE0F],
    &[0x1F646, 0x1F3FB],
    &[0x1F646, 0x1F3FB, 0x200D, 0x2640, 0xFE0F],
    &[0x1F646, 0x1F3FB, 0x200D, 0x2642, 0xFE0F],
    &[0x1F646, 0x1F3FC],
    &[0x1F646, 0x1F3FC, 0x200D, 0x2640, 0xFE0F],
    &[0x1F646, 0x1F3FC, 0x200D, 0x2642, 0xFE0F],
    &[0x1F646, 0x1F3FD],
    &[0x1F646, 0x1F3FD, 0x200D, 0x2640, 0xFE0F],
    &[0x1F646, 0x1F3FD, 0x200D, 0x2642, 0xFE0F],
    &[0x1F646, 0x1F3FE],
    &[0x1F646, 0x1F3FE, 0x200D, 0x2640, 0xFE0F],
    &[0x1F646, 0x1F3FE, 0x200D, 0x2642, 0xFE0F],
    &[0x1F646, 0x1F3FF],
    &[0x1F646, 0x1F3FF, 0x200D, 0x2640, 0xFE0F],
    &[0x1F646, 0x1F3FF, 0x200D, 0x2642, 0xFE0F],
    &[0x1F647],
    &[0x1F647, 0x200D, 0x2640, 0xFE0F],
    &[0x1F647, 0x200D, 0x2642, 0xFE0F],
    &[0x1F647, 0x1F3FB],
    &[0x1F647, 0x1F3FB, 0x200D, 0x2640, 0xFE0F],
    &[0x1F647, 0x1F3FB, 0x200D, 0x2642, 0xFE0F],
    &[0x1F647, 0x1F3FC],
    &[0x1F647, 0x1F3FC, 0x200D, 0x2640, 0xFE0F],
    &[0x1F647, 0x1F3FC, 0x200D, 0x2642, 0xFE0F],
    &[0x1F647, 0x1F3FD],
    &[0x1F647, 0x1F3FD, 0x200D, 0x2640, 0xFE0F],
    &[0x1F647, 0x1F3FD, 0x200D, 0x2642, 0xFE0F],
    &[0x1F647, 0x1F3FE],
    &[0x1F647, 0x1F3FE, 0x200D, 0x2640, 0xFE0F],
    &[0x1F647, 0x1F3FE, 0x200D, 0x2642, 0xFE0F],
    &[0x1F647, 0x1F3FF],
    &[0x1F647, 0x1F3FF, 0x200D, 0x2640, 0xFE0F],
    &[0x1F647, 0x1F3FF, 0x200D, 0x2642, 0xFE0F],
    &[0x1F648],
    &[0x1F649],
    &[0x1F64A],
    &[0x1F64B],
    &[0x1F64B, 0x200D, 0x2640, 0xFE0F],
    &[0x1F64B, 0x200D, 0x2642, 0xFE0F],
    &[0x1F64B, 0x1F3FB],
    &[0x1F64B, 0x1F3FB, 0x200D, 0x2640, 0xFE0F],
    &[0x1F64B, 0x1F3FB, 0x200D, 0x2642, 0xFE0F],
    &[0x1F64B, 0x1F3FC],
    &[0x1F64B, 0x1F3FC, 0x200D, 0x2640, 0xFE0F],
    &[0x1F64B, 0x1F3FC, 0x200D, 0x2642, 0xFE0F],
    &[0x1F64B, 0x1F3FD],
    &[0x1F64B, 0x1F3FD, 0x200D, 0x2640, 0xFE0F],
    &[0x1F64B, 0x1F3FD, 0x200D, 0x2642, 0xFE0F],
    &[0x1F64B, 0x1F3FE],
    &[0x1F64B, 0x1F3FE, 0x200D, 0x2640, 0xFE0F],
    &[0x1F64B, 0x1F3FE, 0x200D, 0x2642, 0xFE0F],
    &[0x1F64B, 0x1F3FF],
    &[0x1F64B, 0x1F3FF, 0x200D, 0x2640, 0xFE0F],
    &[0x1F64B, 0x1F3FF, 0x200D, 0x2642, 0xFE0F],
    &[0x1F64C],
    &[0x1F64C, 0x1F3FB],
    &[0x1F64C, 0x1F3FC],
    &[0x1F64C, 0x1F3FD],
    &[0x1F64C, 0x1F3FE],
    &[0x1F64C, 0x1F3FF],
    &[0x1F64D],
    &[0x1F64D, 0x200D, 0x2640, 0xFE0F],
    &[0x1F64D, 0x200D, 0x2642, 0xFE0F],
    &[0x1F64D, 0x1F3FB],
    &[0x1F64D, 0x1F3FB, 0x200D, 0x2640, 0xFE0F],
    &[0x1F64D, 0x1F3FB, 0x200D, 0x2642, 0xFE0F],
    &[0x1F64D, 0x1F3FC],
    &[0x1F64D, 0x1F3FC, 0x200D, 0x2640, 0xFE0F],
    &[0x1F64D, 0x1F3FC, 0x200D, 0x2642, 0xFE0F],
    &[0x1F64D, 0x1F3FD],
    &[0x1F64D, 0x1F3FD, 0x200D, 0x2640, 0xFE0F],
    &[0x1F64D, 0x1F3FD, 0x200D, 0x2642, 0xFE0F],
    &[0x1F64D, 0x1F3FE],
    &[0x1F64D, 0x1F3FE, 0x200D, 0x2640, 0xFE0F],
    &[0x1F64D, 0x1F3FE, 0x200D, 0x2642, 0xFE0F],
    &[0x1F64D, 0x1F3FF],
    &[0x1F64D, 0x1F3FF, 0x200D, 0x2640, 0xFE0F],
    &[0x1F64D, 0x1F3FF, 0x200D, 0x2642, 0xFE0F],
    &[0x1F64E],
    &[0x1F64E, 0x200D, 0x2640, 0xFE0F],
    &[0x1F64E, 0x200D, 0x2642, 0xFE0F],
    &[0x1F64E, 0x1F3FB],
    &[0x1F64E, 0x1F3FB, 0x200D, 0x2640, 0xFE0F],
    &[0x1F64E, 0x1F3FB, 0x200D, 0x2642, 0xFE0F],
    &[0x1F64E, 0x1F3FC],
    &[0x1F64E, 0x1F3FC, 0x200D, 0x2640, 0xFE0F],
    &[0x1F64E, 0x1F3FC, 0x200D, 0x2642, 0xFE0F],
    &[0x1F64E, 0x1F3FD],
    &[0x1F64E, 0x1F3FD, 0x200D, 0x2640, 0xFE0F],
    &[0x1F64E, 0x1F3FD, 0x200D, 0x2642, 0xFE0F],
    &[0x1F64E, 0x1F3FE],
    &[0x1F64E, 0x1F3FE, 0x200D, 0x2640, 0xFE0F],
    &[0x1F64E, 0x1F3FE, 0x200D, 0x2642, 0xFE0F],
    &[0x1F64E, 0x1F3FF],
    &[0x1F64E, 0x1F3FF, 0x200D, 0x2640, 0xFE0F],
    &[0x1F64E, 0x1F3FF, 0x200D, 0x2642, 0xFE0F],
    &[0x1F64F],
    &[0x1F64F, 0x1F3FB],
    &[0x1F64F, 0x1F3FC],
    &[0x1F64F, 0x1F3FD],
    &[0x1F64F, 0x1F3FE],
    &[0x1F64F, 0x1F3FF],
    &[0x1F680],
    &[0x1F681],
    &[0x1F682],
    &[0x1F683],
    &[0x1F684],
    &[0x1F685],
    &[0x1F686],
    &[0x1F687],
    &[0x1F688],
    &[0x1F689],
    &[0x1F68A],
    &[0x1F68B],
    &[0x1F68C],
    &[0x1F68D],
    &[0x1F68E],
    &[0x1F68F],
    &[0x1F690],
    &[0x1F691],
    &[0x1F692],
    &[0x1F693],
    &[0x1F694],
    &[0x1F695],
    &[0x1F696],
    &[0x1F697],
    &[0x1F698],
    &[0x1F699],
    &[0x1F69A],
    &[0x1F69B],
    &[0x1F69C],
    &[0x1F69D],
    &[0x1F69E],
    &[0x1F69F],
    &[0x1F6A0],
    &[0x1F6A1],
    &[0x1F6A2],
    &[0x1F6A3],
    &[0x1F6A3, 0x200D, 0x2640, 0xFE0F],
    &[0x1F6A3, 0x200D, 0x2642, 0xFE0F],
    &[0x1F6A3, 0x1F3FB],
    &[0x1F6A3, 0x1F3FB, 0x200D, 0x2640, 0xFE0F],
    &[0x1F6A3, 0x1F3FB, 0x200D, 0x2642, 0xFE0F],
    &[0x1F6A3, 0x1F3FC],
    &[0x1F6A3, 0x1F3FC, 0x200D, 0x2640, 0xFE0F],
    &[0x1F6A3, 0x1F3FC, 0x200D, 0x2642, 0xFE0F],
    &[0x1F6A3, 0x1F3FD],
    &[0x1F6A3, 0x1F3FD, 0x200D, 0x2640, 0xFE0F],
    &[0x1F6A3, 0x1F3FD, 0x200D, 0x2642, 0xFE0F],
    &[0x1F6A3, 0x1F3FE],
    &[0x1F6A3, 0x1F3FE, 0x200D, 0x2640, 0xFE0F],
    &[0x1F6A3, 0x1F3FE, 0x200D, 0x2642, 0xFE0F],
    &[0x1F6A3, 0x1F3FF],
    &[0x1F6A3, 0x1F3FF, 0x200D, 0x2640, 0xFE0F],
    &[0x1F6A3, 0x1F3FF, 0x200D, 0x2642, 0xFE0F],
    &[0x1F6A4],
    &[0x1F6A5],
    &[0x1F6A6],
    &[0x1F6A7],
    &[0x1F6A8],
    &[0x1F6A9],
    &[0x1F6AA],
    &[0x1F6AB],
    &[0x1F6AC],
    &[0x1F6AD],
    &[0x1F6AE],
    &[0x1F6AF],
    &[0x1F6B0],
    &[0x1F6B1],
    &[0x1F6B2],
    &[0x1F6B3],
    &[0x1F6B4],
    &[0x1F6B4, 0x200D, 0x2640, 0xFE0F],
    &[0x1F6B4, 0x200D, 0x2642, 0xFE0F],
    &[0x1F6B4, 0x1F3FB],
    &[0x1F6B4, 0x1F3FB, 0x200D, 0x2640, 0xFE0F],
    &[0x1F6B4, 0x1F3FB, 0x200D, 0x2642, 0xFE0F],
    &[0x1F6B4, 0x1F3FC],
    &[0x1F6B4, 0x1F3FC, 0x200D, 0x2640, 0xFE0F],
    &[0x1F6B4, 0x1F3FC, 0x200D, 0x2642, 0xFE0F],
    &[0x1F6B4, 0x1F3FD],
    &[0x1F6B4, 0x1F3FD, 0x200D, 0x2640, 0xFE0F],
    &[0x1F6B4, 0x1F3FD, 0x200D, 0x2642, 0xFE0F],
    &[0x1F6B4, 0x1F3FE],
    &[0x1F6B4, 0x1F3FE, 0x200D, 0x2640, 0xFE0F],
    &[0x1F6B4, 0x1F3FE, 0x200D, 0x2642, 0xFE0F],
    &[0x1F6B4, 0x1F3FF],
    &[0x1F6B4, 0x1F3FF, 0x200D, 0x2640, 0xFE0F],
    &[0x1F6B4, 0x1F3FF, 0x200D, 0x2642, 0xFE0F],
    &[0x1F6B5],
    &[0x1F6B5, 0x200D, 0x2640, 0xFE0F],
    &[0x1F6B5, 0x200D, 0x2642, 0xFE0F],
    &[0x1F6B5, 0x1F3FB],
    &[0x1F6B5, 0x1F3FB, 0x200D, 0x2640, 0xFE0F],
    &[0x1F6B5, 0x1F3FB, 0x200D, 0x2642, 0xFE0F],
    &[0x1F6B5, 0x1F3FC],
    &[0x1F6B5, 0x1F3FC, 0x200D, 0x2640, 0xFE0F],
    &[0x1F6B5, 0x1F3FC, 0x200D, 0x2642, 0xFE0F],
    &[0x1F6B5, 0x1F3FD],
    &[0x1F6B5, 0x1F3FD, 0x200D, 0x2640, 0xFE0F],
    &[0x1F6B5, 0x1F3FD, 0x200D, 0x2642, 0xFE0F],
    &[0x1F6B5, 0x1F3FE],
    &[0x1F6B5, 0x1F3FE, 0x200D, 0x2640, 0xFE0F],
    &[0x1F6B5, 0x1F3FE, 0x200D, 0x2642, 0xFE0F],
    &[0x1F6B5, 0x1F3FF],
    &[0x1F6B5, 0x1F3FF, 0x200D, 0x2640, 0xFE0F],
    &[0x1F6B5, 0x1F3FF, 0x200D, 0x2642, 0xFE0F],
    &[0x1F6B6],
    &[0x1F6B6, 0x200D, 0x2640, 0xFE0F],
    &[0x1F6B6, 0x200D, 0x2640, 0xFE0F, 0x200D, 0x27A1, 0xFE0F],
    &[0x1F6B6, 0x200D, 0x2642, 0xFE0F],
    &[0x1F6B6, 0x200D, 0x2642, 0xFE0F, 0x200D, 0x27A1, 0xFE0F],
    &[0x1F6B6, 0x200D, 0x27A1, 0xFE0F],
    &[0x1F6B6, 0x1F3FB],
    &[0x1F6B6, 0x1F3FB, 0x200D, 0x2640, 0xFE0F],
    &[0x1F6B6, 0x1F3FB, 0x200D, 0x2640, 0xFE0F, 0x200D, 0x27A1, 0xFE0F],
    &[0x1F6B6, 0x1F3FB, 0x200D, 0x2642, 0xFE0F],
    &[0x1F6B6, 0x1F3FB, 0x200D, 0x2642, 0xFE0F, 0x200D, 0x27A1, 0xFE0F],
    &[0x1F6B6, 0x1F3FB, 0x200D, 0x27A1, 0xFE0F],
    &[0x1F6B6, 0x1F3FC],
    &[0x1F6B6, 0x1F3FC, 0x200D, 0x2640, 0xFE0F],
    &[0x1F6B6, 0x1F3FC, 0x200D, 0x2640, 0xFE0F, 0x200D, 0x27A1, 0xFE0F],
    &[0x1F6B6, 0x1F3FC, 0x200D, 0x2642, 0xFE0F],
    &[0x1F6B6, 0x1F3FC, 0x200D, 0x2642, 0xFE0F, 0x200D, 0x27A1, 0xFE0F],
    &[0x1F6B6, 0x1F3FC, 0x200D, 0x27A1, 0xFE0F],
    &[0x1F6B6, 0x1F3FD],
    &[0x1F6B6, 0x1F3FD, 0x200D, 0x2640, 0xFE0F],
    &[0x1F6B6, 0x1F3FD, 0x200D, 0x2640, 0xFE0F, 0x200D, 0x27A1, 0xFE0F],
    &[0x1F6B6, 0x1F3FD, 0x200D, 0x2642, 0xFE0F],
    &[0x1F6B6, 0x1F3FD, 0x200D, 0x2642, 0xFE0F, 0x200D, 0x27A1, 0xFE0F],
    &[0x1F6B6, 0x1F3FD, 0x200D, 0x27A1, 0xFE0F],
    &[0x1F6B6, 0x1F3FE],
    &[0x1F6B6, 0x1F3FE, 0x200D, 0x2640, 0xFE0F],
    &[0x1F6B6, 0x1F3FE, 0x200D, 0x2640, 0xFE0F, 0x200D, 0x27A1, 0xFE0F],
    &[0x1F6B6, 0x1F3FE, 0x200D, 0x2642, 0xFE0F],
    &[0x1F6B6, 0x1F3FE, 0x200D, 0x2642, 0xFE0F, 0x200D, 0x27A1, 0xFE0F],
    &[0x1F6B6, 0x1F3FE, 0x200D, 0x27A1, 0xFE0F],
    &[0x1F6B6, 0x1F3FF],
    &[0x1F6B6, 0x1F3FF, 0x200D, 0x2640, 0xFE0F],
    &[0x1F6B6, 0x1F3FF, 0x200D, 0x2640, 0xFE0F, 0x200D, 0x27A1, 0xFE0F],
    &[0x1F6B6, 0x1F3FF, 0x200D, 0x2642, 0xFE0F],
    &[0x1F6B6, 0x1F3FF, 0x200D, 0x2642, 0xFE0F, 0x200D, 0x27A1, 0xFE0F],
    &[0x1F6B6, 0x1F3FF, 0x200D, 0x27A1, 0xFE0F],
    &[0x1F6B7],
    &[0x1F6B8],
    &[0x1F6B9],
    &[0x1F6BA],
    &[0x1F6BB],
    &[0x1F6BC],
    &[0x1F6BD],
    &[0x1F6BE],
    &[0x1F6BF],
    &[0x1F6C0],
    &[0x1F6C0, 0x1F3FB],
    &[0x1F6C0, 0x1F3FC],
    &[0x1F6C0, 0x1F3FD],
    &[0x1F6C0, 0x1F3FE],
    &[0x1F6C0, 0x1F3FF],
    &[0x1F6C1],
    &[0x1F6C2],
    &[0x1F6C3],
    &[0x1F6C4],
    &[0x1F6C5],
    &[0x1F6CB, 0xFE0F],
    &[0x1F6CC],
    &[0x1F6CC, 0x1F3FB],
    &[0x1F6CC, 0x1F3FC],
    &[0x1F6CC, 0x1F3FD],
    &[0x1F6CC, 0x1F3FE],
    &[0x1F6CC, 0x1F3FF],
    &[0x1F6CD, 0xFE0F],
    &[0x1F6CE, 0xFE0F],
    &[0x1F6CF, 0xFE0F],
    &[0x1F6D0],
    &[0x1F6D1],
    &[0x1F6D2],
    &[0x1F6D5],
    &[0x1F6D6],
    &[0x1F6D7],
    &[0x1F6D8],
    &[0x1F6DC],
    &[0x1F6DD],
    &[0x1F6DE],
    &[0x1F6DF],
    &[0x1F6E0, 0xFE0F],
    &[0x1F6E1, 0xFE0F],
    &[0x1F6E2, 0xFE0F],
    &[0x1F6E3, 0xFE0F],
    &[0x1F6E4, 0xFE0F],
    &[0x1F6E5, 0xFE0F],
    &[0x1F6E9, 0xFE0F],
    &[0x1F6EB],
    &[0x1F6EC],
    &[0x1F6F0, 0xFE0F],
    &[0x1F6F3, 0xFE0F],
    &[0x1F6F4],
    &[0x1F6F5],
    &[0x1F6F6],
    &[0x1F6F7],
    &[0x1F6F8],
    &[0x1F6F9],
    &[0x1F6FA],
    &[0x1F6FB],
    &[0x1F6FC],
    &[0x1F7E0],
    &[0x1F7E1],
    &[0x1F7E2],
    &[0x1F7E3],
    &[0x1F7E4],
    &[0x1F7E5],
    &[0x1F7E6],
    &[0x1F7E7],
    &[0x1F7E8],
    &[0x1F7E9],
    &[0x1F7EA],
    &[0x1F7EB],
    &[0x1F7F0],
    &[0x1F90C],
    &[0x1F90C, 0x1F3FB],
    &[0x1F90C, 0x1F3FC],
    &[0x1F90C, 0x1F3FD],
    &[0x1F90C, 0x1F3FE],
    &[0x1F90C, 0x1F3FF],
    &[0x1F90D],
    &[0x1F90E],
    &[0x1F90F],
    &[0x1F90F, 0x1F3FB],
    &[0x1F90F, 0x1F3FC],
    &[0x1F90F, 0x1F3FD],
    &[0x1F90F, 0x1F3FE],
    &[0x1F90F, 0x1F3FF],
    &[0x1F910],
    &[0x1F911],
    &[0x1F912],
    &[0x1F913],
    &[0x1F914],
    &[0x1F915],
    &[0x1F916],
    &[0x1F917],
    &[0x1F918],
    &[0x1F918, 0x1F3FB],
    &[0x1F918, 0x1F3FC],
    &[0x1F918, 0x1F3FD],
    &[0x1F918, 0x1F3FE],
    &[0x1F918, 0x1F3FF],
    &[0x1F919],
    &[0x1F919, 0x1F3FB],
    &[0x1F919, 0x1F3FC],
    &[0x1F919, 0x1F3FD],
    &[0x1F919, 0x1F3FE],
    &[0x1F919, 0x1F3FF],
    &[0x1F91A],
    &[0x1F91A, 0x1F3FB],
    &[0x1F91A, 0x1F3FC],
    &[0x1F91A, 0x1F3FD],
    &[0x1F91A, 0x1F3FE],
    &[0x1F91A, 0x1F3FF],
    &[0x1F91B],
    &[0x1F91B, 0x1F3FB],
    &[0x1F91B, 0x1F3FC],
    &[0x1F91B, 0x1F3FD],
    &[0x1F91B, 0x1F3FE],
    &[0x1F91B, 0x1F3FF],
    &[0x1F91C],
    &[0x1F91C, 0x1F3FB],
    &[0x1F91C, 0x1F3FC],
    &[0x1F91C, 0x1F3FD],
    &[0x1F91C, 0x1F3FE],
    &[0x1F91C, 0x1F3FF],
    &[0x1F91D],
    &[0x1F91D, 0x1F3FB],
    &[0x1F91D, 0x1F3FC],
    &[0x1F91D, 0x1F3FD],
    &[0x1F91D, 0x1F3FE],
    &[0x1F91D, 0x1F3FF],
    &[0x1F91E],
    &[0x1F91E, 0x1F3FB],
    &[0x1F91E, 0x1F3FC],
    &[0x1F91E, 0x1F3FD],
    &[0x1F91E, 0x1F3FE],
    &[0x1F91E, 0x1F3FF],
    &[0x1F91F],
    &[0x1F91F, 0x1F3FB],
    &[0x1F91F, 0x1F3FC],
    &[0x1F91F, 0x1F3FD],
    &[0x1F91F, 0x1F3FE],
    &[0x1F91F, 0x1F3FF],
    &[0x1F920],
    &[0x1F921],
    &[0x1F922],
    &[0x1F923],
    &[0x1F924],
    &[0x1F925],
    &[0x1F926],
    &[0x1F926, 0x200D, 0x2640, 0xFE0F],
    &[0x1F926, 0x200D, 0x2642, 0xFE0F],
    &[0x1F926, 0x1F3FB],
    &[0x1F926, 0x1F3FB, 0x200D, 0x2640, 0xFE0F],
    &[0x1F926, 0x1F3FB, 0x200D, 0x2642, 0xFE0F],
    &[0x1F926, 0x1F3FC],
    &[0x1F926, 0x1F3FC, 0x200D, 0x2640, 0xFE0F],
    &[0x1F926, 0x1F3FC, 0x200D, 0x2642, 0xFE0F],
    &[0x1F926, 0x1F3FD],
    &[0x1F926, 0x1F3FD, 0x200D, 0x2640, 0xFE0F],
    &[0x1F926, 0x1F3FD, 0x200D, 0x2642, 0xFE0F],
    &[0x1F926, 0x1F3FE],
    &[0x1F926, 0x1F3FE, 0x200D, 0x2640, 0xFE0F],
    &[0x1F926, 0x1F3FE, 0x200D, 0x2642, 0xFE0F],
    &[0x1F926, 0x1F3FF],
    &[0x1F926, 0x1F3FF, 0x200D, 0x2640, 0xFE0F],
    &[0x1F926, 0x1F3FF, 0x200D, 0x2642, 0xFE0F],
    &[0x1F927],
    &[0x1F928],
    &[0x1F929],
    &[0x1F92A],
    &[0x1F92B],
    &[0x1F92C],
    &[0x1F92D],
    &[0x1F92E],
    &[0x1F92F],
    &[0x1F930],
    &[0x1F930, 0x1F3FB],
    &[0x1F930, 0x1F3FC],
    &[0x1F930, 0x1F3FD],
    &[0x1F930, 0x1F3FE],
    &[0x1F930, 0x1F3FF],
    &[0x1F931],
    &[0x1F931, 0x1F3FB],
    &[0x1F931, 0x1F3FC],
    &[0x1F931, 0x1F3FD],
    &[0x1F931, 0x1F3FE],
    &[0x1F931, 0x1F3FF],
    &[0x1F932],
    &[0x1F932, 0x1F3FB],
    &[0x1F932, 0x1F3FC],
    &[0x1F932, 0x1F3FD],
    &[0x1F932, 0x1F3FE],
    &[0x1F932, 0x1F3FF],
    &[0x1F933],
    &[0x1F933, 0x1F3FB],
    &[0x1F933, 0x1F3FC],
    &[0x1F933, 0x1F3FD],
    &[0x1F933, 0x1F3FE],
    &[0x1F933, 0x1F3FF],
    &[0x1F934],
    &[0x1F934, 0x1F3FB],
    &[0x1F934, 0x1F3FC],
    &[0x1F934, 0x1F3FD],
    &[0x1F934, 0x1F3FE],
    &[0x1F934, 0x1F3FF],
    &[0x1F935],
    &[0x1F935, 0x200D, 0x2640, 0xFE0F],
    &[0x1F935, 0x200D, 0x2642, 0xFE0F],
    &[0x1F935, 0x1F3FB],
    &[0x1F935, 0x1F3FB, 0x200D, 0x2640, 0xFE0F],
    &[0x1F935, 0x1F3FB, 0x200D, 0x2642, 0xFE0F],
    &[0x1F935, 0x1F3FC],
    &[0x1F935, 0x1F3FC, 0x200D, 0x2640, 0xFE0F],
    &[0x1F935, 0x1F3FC, 0x200D, 0x2642, 0xFE0F],
    &[0x1F935, 0x1F3FD],
    &[0x1F935, 0x1F3FD, 0x200D, 0x2640, 0xFE0F],
    &[0x1F935, 0x1F3FD, 0x200D, 0x2642, 0xFE0F],
    &[0x1F935, 0x1F3FE],
    &[0x1F935, 0x1F3FE, 0x200D, 0x2640, 0xFE0F],
    &[0x1F935, 0x1F3FE, 0x200D, 0x2642, 0xFE0F],
    &[0x1F935, 0x1F3FF],
    &[0x1F935, 0x1F3FF, 0x200D, 0x2640, 0xFE0F],
    &[0x1F935, 0x1F3FF, 0x200D, 0x2642, 0xFE0F],
    &[0x1F936],
    &[0x1F936, 0x1F3FB],
    &[0x1F936, 0x1F3FC],
    &[0x1F936, 0x1F3FD],
    &[0x1F936, 0x1F3FE],
    &[0x1F936, 0x1F3FF],
    &[0x1F937],
    &[0x1F937, 0x200D, 0x2640, 0xFE0F],
    &[0x1F937, 0x200D, 0x2642, 0xFE0F],
    &[0x1F937, 0x1F3FB],
    &[0x1F937, 0x1F3FB, 0x200D, 0x2640, 0xFE0F],
    &[0x1F937, 0x1F3FB, 0x200D, 0x2642, 0xFE0F],
    &[0x1F937, 0x1F3FC],
    &[0x1F937, 0x1F3FC, 0x200D, 0x2640, 0xFE0F],
    &[0x1F937, 0x1F3FC, 0x200D, 0x2642, 0xFE0F],
    &[0x1F937, 0x1F3FD],
    &[0x1F937, 0x1F3FD, 0x200D, 0x2640, 0xFE0F],
    &[0x1F937, 0x1F3FD, 0x200D, 0x2642, 0xFE0F],
    &[0x1F937, 0x1F3FE],
    &[0x1F937, 0x1F3FE, 0x200D, 0x2640, 0xFE0F],
    &[0x1F937, 0x1F3FE, 0x200D, 0x2642, 0xFE0F],
    &[0x1F937, 0x1F3FF],
    &[0x1F937, 0x1F3FF, 0x200D, 0x2640, 0xFE0F],
    &[0x1F937, 0x1F3FF, 0x200D, 0x2642, 0xFE0F],
    &[0x1F938],
    &[0x1F938, 0x200D, 0x2640, 0xFE0F],
    &[0x1F938, 0x200D, 0x2642, 0xFE0F],
    &[0x1F938, 0x1F3FB],
    &[0x1F938, 0x1F3FB, 0x200D, 0x2640, 0xFE0F],
    &[0x1F938, 0x1F3FB, 0x200D, 0x2642, 0xFE0F],
    &[0x1F938, 0x1F3FC],
    &[0x1F938, 0x1F3FC, 0x200D, 0x2640, 0xFE0F],
    &[0x1F938, 0x1F3FC, 0x200D, 0x2642, 0xFE0F],
    &[0x1F938, 0x1F3FD],
    &[0x1F938, 0x1F3FD, 0x200D, 0x2640, 0xFE0F],
    &[0x1F938, 0x1F3FD, 0x200D, 0x2642, 0xFE0F],
    &[0x1F938, 0x1F3FE],
    &[0x1F938, 0x1F3FE, 0x200D, 0x2640, 0xFE0F],
    &[0x1F938, 0x1F3FE, 0x200D, 0x2642, 0xFE0F],
    &[0x1F938, 0x1F3FF],
    &[0x1F938, 0x1F3FF, 0x200D, 0x2640, 0xFE0F],
    &[0x1F938, 0x1F3FF, 0x200D, 0x2642, 0xFE0F],
    &[0x1F939],
    &[0x1F939, 0x200D, 0x2640, 0xFE0F],
    &[0x1F939, 0x200D, 0x2642, 0xFE0F],
    &[0x1F939, 0x1F3FB],
    &[0x1F939, 0x1F3FB, 0x200D, 0x2640, 0xFE0F],
    &[0x1F939, 0x1F3FB, 0x200D, 0x2642, 0xFE0F],
    &[0x1F939, 0x1F3FC],
    &[0x1F939, 0x1F3FC, 0x200D, 0x2640, 0xFE0F],
    &[0x1F939, 0x1F3FC, 0x200D, 0x2642, 0xFE0F],
    &[0x1F939, 0x1F3FD],
    &[0x1F939, 0x1F3FD, 0x200D, 0x2640, 0xFE0F],
    &[0x1F939, 0x1F3FD, 0x200D, 0x2642, 0xFE0F],
    &[0x1F939, 0x1F3FE],
    &[0x1F939, 0x1F3FE, 0x200D, 0x2640, 0xFE0F],
    &[0x1F939, 0x1F3FE, 0x200D, 0x2642, 0xFE0F],
    &[0x1F939, 0x1F3FF],
    &[0x1F939, 0x1F3FF, 0x200D, 0x2640, 0xFE0F],
    &[0x1F939, 0x1F3FF, 0x200D, 0x2642, 0xFE0F],
    &[0x1F93A],
    &[0x1F93C],
    &[0x1F93C, 0x200D, 0x2640, 0xFE0F],
    &[0x1F93C, 0x200D, 0x2642, 0xFE0F],
    &[0x1F93C, 0x1F3FB],
    &[0x1F93C, 0x1F3FB, 0x200D, 0x2640, 0xFE0F],
    &[0x1F93C, 0x1F3FB, 0x200D, 0x2642, 0xFE0F],
    &[0x1F93C, 0x1F3FC],
    &[0x1F93C, 0x1F3FC, 0x200D, 0x2640, 0xFE0F],
    &[0x1F93C, 0x1F3FC, 0x200D, 0x2642, 0xFE0F],
    &[0x1F93C, 0x1F3FD],
    &[0x1F93C, 0x1F3FD, 0x200D, 0x2640, 0xFE0F],
    &[0x1F93C, 0x1F3FD, 0x200D, 0x2642, 0xFE0F],
    &[0x1F93C, 0x1F3FE],
    &[0x1F93C, 0x1F3FE, 0x200D, 0x2640, 0xFE0F],
    &[0x1F93C, 0x1F3FE, 0x200D, 0x2642, 0xFE0F],
    &[0x1F93C, 0x1F3FF],
    &[0x1F93C, 0x1F3FF, 0x200D, 0x2640, 0xFE0F],
    &[0x1F93C, 0x1F3FF, 0x200D, 0x2642, 0xFE0F],
    &[0x1F93D],
    &[0x1F93D, 0x200D, 0x2640, 0xFE0F],
    &[0x1F93D, 0x200D, 0x2642, 0xFE0F],
    &[0x1F93D, 0x1F3FB],
    &[0x1F93D, 0x1F3FB, 0x200D, 0x2640, 0xFE0F],
    &[0x1F93D, 0x1F3FB, 0x200D, 0x2642, 0xFE0F],
    &[0x1F93D, 0x1F3FC],
    &[0x1F93D, 0x1F3FC, 0x200D, 0x2640, 0xFE0F],
    &[0x1F93D, 0x1F3FC, 0x200D, 0x2642, 0xFE0F],
    &[0x1F93D, 0x1F3FD],
    &[0x1F93D, 0x1F3FD, 0x200D, 0x2640, 0xFE0F],
    &[0x1F93D, 0x1F3FD, 0x200D, 0x2642, 0xFE0F],
    &[0x1F93D, 0x1F3FE],
    &[0x1F93D, 0x1F3FE, 0x200D, 0x2640, 0xFE0F],
    &[0x1F93D, 0x1F3FE, 0x200D, 0x2642, 0xFE0F],
    &[0x1F93D, 0x1F3FF],
    &[0x1F93D, 0x1F3FF, 0x200D, 0x2640, 0xFE0F],
    &[0x1F93D, 0x1F3FF, 0x200D, 0x2642, 0xFE0F],
    &[0x1F93E],
    &[0x1F93E, 0x200D, 0x2640, 0xFE0F],
    &[0x1F93E, 0x200D, 0x2642, 0xFE0F],
    &[0x1F93E, 0x1F3FB],
    &[0x1F93E, 0x1F3FB, 0x200D, 0x2640, 0xFE0F],
    &[0x1F93E, 0x1F3FB, 0x200D, 0x2642, 0xFE0F],
    &[0x1F93E, 0x1F3FC],
    &[0x1F93E, 0x1F3FC, 0x200D, 0x2640, 0xFE0F],
    &[0x1F93E, 0x1F3FC, 0x200D, 0x2642, 0xFE0F],
    &[0x1F93E, 0x1F3FD],
    &[0x1F93E, 0x1F3FD, 0x200D, 0x2640, 0xFE0F],
    &[0x1F93E, 0x1F3FD, 0x200D, 0x2642, 0xFE0F],
    &[0x1F93E, 0x1F3FE],
    &[0x1F93E, 0x1F3FE, 0x200D, 0x2640, 0xFE0F],
    &[0x1F93E, 0x1F3FE, 0x200D, 0x2642, 0xFE0F],
    &[0x1F93E, 0x1F3FF],
    &[0x1F93E, 0x1F3FF, 0x200D, 0x2640, 0xFE0F],
    &[0x1F93E, 0x1F3FF, 0x200D, 0x2642, 0xFE0F],
    &[0x1F93F],
    &[0x1F940],
    &[0x1F941],
    &[0x1F942],
    &[0x1F943],
    &[0x1F944],
    &[0x1F945],
    &[0x1F947],
    &[0x1F948],
    &[0x1F949],
    &[0x1F94A],
    &[0x1F94B],
    &[0x1F94C],
    &[0x1F94D],
    &[0x1F94E],
    &[0x1F94F],
    &[0x1F950],
    &[0x1F951],
    &[0x1F952],
    &[0x1F953],
    &[0x1F954],
    &[0x1F955],
    &[0x1F956],
    &[0x1F957],
    &[0x1F958],
    &[0x1F959],
    &[0x1F95A],
    &[0x1F95B],
    &[0x1F95C],
    &[0x1F95D],
    &[0x1F95E],
    &[0x1F95F],
    &[0x1F960],
    &[0x1F961],
    &[0x1F962],
    &[0x1F963],
    &[0x1F964],
    &[0x1F965],
    &[0x1F966],
    &[0x1F967],
    &[0x1F968],
    &[0x1F969],
    &[0x1F96A],
    &[0x1F96B],
    &[0x1F96C],
    &[0x1F96D],
    &[0x1F96E],
    &[0x1F96F],
    &[0x1F970],
    &[0x1F971],
    &[0x1F972],
    &[0x1F973],
    &[0x1F974],
    &[0x1F975],
    &[0x1F976],
    &[0x1F977],
    &[0x1F977, 0x1F3FB],
    &[0x1F977, 0x1F3FC],
    &[0x1F977, 0x1F3FD],
    &[0x1F977, 0x1F3FE],
    &[0x1F977, 0x1F3FF],
    &[0x1F978],
    &[0x1F979],
    &[0x1F97A],
    &[0x1F97B],
    &[0x1F97C],
    &[0x1F97D],
    &[0x1F97E],
    &[0x1F97F],
    &[0x1F980],
    &[0x1F981],
    &[0x1F982],
    &[0x1F983],
    &[0x1F984],
    &[0x1F985],
    &[0x1F986],
    &[0x1F987],
    &[0x1F988],
    &[0x1F989],
    &[0x1F98A],
    &[0x1F98B],
    &[0x1F98C],
    &[0x1F98D],
    &[0x1F98E],
    &[0x1F98F],
    &[0x1F990],
    &[0x1F991],
    &[0x1F992],
    &[0x1F993],
    &[0x1F994],
    &[0x1F995],
    &[0x1F996],
    &[0x1F997],
    &[0x1F998],
    &[0x1F999],
    &[0x1F99A],
    &[0x1F99B],
    &[0x1F99C],
    &[0x1F99D],
    &[0x1F99E],
    &[0x1F99F],
    &[0x1F9A0],
    &[0x1F9A1],
    &[0x1F9A2],
    &[0x1F9A3],
    &[0x1F9A4],
    &[0x1F9A5],
    &[0x1F9A6],
    &[0x1F9A7],
    &[0x1F9A8],
    &[0x1F9A9],
    &[0x1F9AA],
    &[0x1F9AB],
    &[0x1F9AC],
    &[0x1F9AD],
    &[0x1F9AE],
    &[0x1F9AF],
    &[0x1F9B0],
    &[0x1F9B1],
    &[0x1F9B2],
    &[0x1F9B3],
    &[0x1F9B4],
    &[0x1F9B5],
    &[0x1F9B5, 0x1F3FB],
    &[0x1F9B5, 0x1F3FC],
    &[0x1F9B5, 0x1F3FD],
    &[0x1F9B5, 0x1F3FE],
    &[0x1F9B5, 0x1F3FF],
    &[0x1F9B6],
    &[0x1F9B6, 0x1F3FB],
    &[0x1F9B6, 0x1F3FC],
    &[0x1F9B6, 0x1F3FD],
    &[0x1F9B6, 0x1F3FE],
    &[0x1F9B6, 0x1F3FF],
    &[0x1F9B7],
    &[0x1F9B8],
    &[0x1F9B8, 0x200D, 0x2640, 0xFE0F],
    &[0x1F9B8, 0x200D, 0x2642, 0xFE0F],
    &[0x1F9B8, 0x1F3FB],
    &[0x1F9B8, 0x1F3FB, 0x200D, 0x2640, 0xFE0F],
    &[0x1F9B8, 0x1F3FB, 0x200D, 0x2642, 0xFE0F],
    &[0x1F9B8, 0x1F3FC],
    &[0x1F9B8, 0x1F3FC, 0x200D, 0x2640, 0xFE0F],
    &[0x1F9B8, 0x1F3FC, 0x200D, 0x2642, 0xFE0F],
    &[0x1F9B8, 0x1F3FD],
    &[0x1F9B8, 0x1F3FD, 0x200D, 0x2640, 0xFE0F],
    &[0x1F9B8, 0x1F3FD, 0x200D, 0x2642, 0xFE0F],
    &[0x1F9B8, 0x1F3FE],
    &[0x1F9B8, 0x1F3FE, 0x200D, 0x2640, 0xFE0F],
    &[0x1F9B8, 0x1F3FE, 0x200D, 0x2642, 0xFE0F],
    &[0x1F9B8, 0x1F3FF],
    &[0x1F9B8, 0x1F3FF, 0x200D, 0x2640, 0xFE0F],
    &[0x1F9B8, 0x1F3FF, 0x200D, 0x2642, 0xFE0F],
    &[0x1F9B9],
    &[0x1F9B9, 0x200D, 0x2640, 0xFE0F],
    &[0x1F9B9, 0x200D, 0x2642, 0xFE0F],
    &[0x1F9B9, 0x1F3FB],
    &[0x1F9B9, 0x1F3FB, 0x200D, 0x2640, 0xFE0F],
    &[0x1F9B9, 0x1F3FB, 0x200D, 0x2642, 0xFE0F],
    &[0x1F9B9, 0x1F3FC],
    &[0x1F9B9, 0x1F3FC, 0x200D, 0x2640, 0xFE0F],
    &[0x1F9B9, 0x1F3FC, 0x200D, 0x2642, 0xFE0F],
    &[0x1F9B9, 0x1F3FD],
    &[0x1F9B9, 0x1F3FD, 0x200D, 0x2640, 0xFE0F],
    &[0x1F9B9, 0x1F3FD, 0x200D, 0x2642, 0xFE0F],
    &[0x1F9B9, 0x1F3FE],
    &[0x1F9B9, 0x1F3FE, 0x200D, 0x2640, 0xFE0F],
    &[0x1F9B9, 0x1F3FE, 0x200D, 0x2642, 0xFE0F],
    &[0x1F9B9, 0x1F3FF],
    &[0x1F9B9, 0x1F3FF, 0x200D, 0x2640, 0xFE0F],
    &[0x1F9B9, 0x1F3FF, 0x200D, 0x2642, 0xFE0F],
    &[0x1F9BA],
    &[0x1F9BB],
    &[0x1F9BB, 0x1F3FB],
    &[0x1F9BB, 0x1F3FC],
    &[0x1F9BB, 0x1F3FD],
    &[0x1F9BB, 0x1F3FE],
    &[0x1F9BB, 0x1F3FF],
    &[0x1F9BC],
    &[0x1F9BD],
    &[0x1F9BE],
    &[0x1F9BF],
    &[0x1F9C0],
    &[0x1F9C1],
    &[0x1F9C2],
    &[0x1F9C3],
    &[0x1F9C4],
    &[0x1F9C5],
    &[0x1F9C6],
    &[0x1F9C7],
    &[0x1F9C8],
    &[0x1F9C9],
    &[0x1F9CA],
    &[0x1F9CB],
    &[0x1F9CC],
    &[0x1F9CD],
    &[0x1F9CD, 0x200D, 0x2640, 0xFE0F],
    &[0x1F9CD, 0x200D, 0x2642, 0xFE0F],
    &[0x1F9CD, 0x1F3FB],
    &[0x1F9CD, 0x1F3FB, 0x200D, 0x2640, 0xFE0F],
    &[0x1F9CD, 0x1F3FB, 0x200D, 0x2642, 0xFE0F],
    &[0x1F9CD, 0x1F3FC],
    &[0x1F9CD, 0x1F3FC, 0x200D, 0x2640, 0xFE0F],
    &[0x1F9CD, 0x1F3FC, 0x200D, 0x2642, 0xFE0F],
    &[0x1F9CD, 0x1F3FD],
    &[0x1F9CD, 0x1F3FD, 0x200D, 0x2640, 0xFE0F],
    &[0x1F9CD, 0x1F3FD, 0x200D, 0x2642, 0xFE0F],
    &[0x1F9CD, 0x1F3FE],
    &[0x1F9CD, 0x1F3FE, 0x200D, 0x2640, 0xFE0F],
    &[0x1F9CD, 0x1F3FE, 0x200D, 0x2642, 0xFE0F],
    &[0x1F9CD, 0x1F3FF],
    &[0x1F9CD, 0x1F3FF, 0x200D, 0x2640, 0xFE0F],
    &[0x1F9CD, 0x1F3FF, 0x200D, 0x2642, 0xFE0F],
    &[0x1F9CE],
    &[0x1F9CE, 0x200D, 0x2640, 0xFE0F],
    &[0x1F9CE, 0x200D, 0x2640, 0xFE0F, 0x200D, 0x27A1, 0xFE0F],
    &[0x1F9CE, 0x200D, 0x2642, 0xFE0F],
    &[0x1F9CE, 0x200D, 0x2642, 0xFE0F, 0x200D, 0x27A1, 0xFE0F],
    &[0x1F9CE, 0x200D, 0x27A1, 0xFE0F],
    &[0x1F9CE, 0x1F3FB],
    &[0x1F9CE, 0x1F3FB, 0x200D, 0x2640, 0xFE0F],
    &[0x1F9CE, 0x1F3FB, 0x200D, 0x2640, 0xFE0F, 0x200D, 0x27A1, 0xFE0F],
    &[0x1F9CE, 0x1F3FB, 0x200D, 0x2642, 0xFE0F],
    &[0x1F9CE, 0x1F3FB, 0x200D, 0x2642, 0xFE0F, 0x200D, 0x27A1, 0xFE0F],
    &[0x1F9CE, 0x1F3FB, 0x200D, 0x27A1, 0xFE0F],
    &[0x1F9CE, 0x1F3FC],
    &[0x1F9CE, 0x1F3FC, 0x200D, 0x2640, 0xFE0F],
    &[0x1F9CE, 0x1F3FC, 0x200D, 0x2640, 0xFE0F, 0x200D, 0x27A1, 0xFE0F],
    &[0x1F9CE, 0x1F3FC, 0x200D, 0x2642, 0xFE0F],
    &[0x1F9CE, 0x1F3FC, 0x200D, 0x2642, 0xFE0F, 0x200D, 0x27A1, 0xFE0F],
    &[0x1F9CE, 0x1F3FC, 0x200D, 0x27A1, 0xFE0F],
    &[0x1F9CE, 0x1F3FD],
    &[0x1F9CE, 0x1F3FD, 0x200D, 0x2640, 0xFE0F],
    &[0x1F9CE, 0x1F3FD, 0x200D, 0x2640, 0xFE0F, 0x200D, 0x27A1, 0xFE0F],
    &[0x1F9CE, 0x1F3FD, 0x200D, 0x2642, 0xFE0F],
    &[0x1F9CE, 0x1F3FD, 0x200D, 0x2642, 0xFE0F, 0x200D, 0x27A1, 0xFE0F],
    &[0x1F9CE, 0x1F3FD, 0x200D, 0x27A1, 0xFE0F],
    &[0x1F9CE, 0x1F3FE],
    &[0x1F9CE, 0x1F3FE, 0x200D, 0x2640, 0xFE0F],
    &[0x1F9CE, 0x1F3FE, 0x200D, 0x2640, 0xFE0F, 0x200D, 0x27A1, 0xFE0F],
    &[0x1F9CE, 0x1F3FE, 0x200D, 0x2642, 0xFE0F],
    &[0x1F9CE, 0x1F3FE, 0x200D, 0x2642, 0xFE0F, 0x200D, 0x27A1, 0xFE0F],
    &[0x1F9CE, 0x1F3FE, 0x200D, 0x27A1, 0xFE0F],
    &[0x1F9CE, 0x1F3FF],
    &[0x1F9CE, 0x1F3FF, 0x200D, 0x2640, 0xFE0F],
    &[0x1F9CE, 0x1F3FF, 0x200D, 0x2640, 0xFE0F, 0x200D, 0x27A1, 0xFE0F],
    &[0x1F9CE, 0x1F3FF, 0x200D, 0x2642, 0xFE0F],
    &[0x1F9CE, 0x1F3FF, 0x200D, 0x2642, 0xFE0F, 0x200D, 0x27A1, 0xFE0F],
    &[0x1F9CE, 0x1F3FF, 0x200D, 0x27A1, 0xFE0F],
    &[0x1F9CF],
    &[0x1F9CF, 0x200D, 0x2640, 0xFE0F],
    &[0x1F9CF, 0x200D, 0x2642, 0xFE0F],
    &[0x1F9CF, 0x1F3FB],
    &[0x1F9CF, 0x1F3FB, 0x200D, 0x2640, 0xFE0F],
    &[0x1F9CF, 0x1F3FB, 0x200D, 0x2642, 0xFE0F],
    &[0x1F9CF, 0x1F3FC],
    &[0x1F9CF, 0x1F3FC, 0x200D, 0x2640, 0xFE0F],
    &[0x1F9CF, 0x1F3FC, 0x200D, 0x2642, 0xFE0F],
    &[0x1F9CF, 0x1F3FD],
    &[0x1F9CF, 0x1F3FD, 0x200D, 0x2640, 0xFE0F],
    &[0x1F9CF, 0x1F3FD, 0x200D, 0x2642, 0xFE0F],
    &[0x1F9CF, 0x1F3FE],
    &[0x1F9CF, 0x1F3FE, 0x200D, 0x2640, 0xFE0F],
    &[0x1F9CF, 0x1F3FE, 0x200D, 0x2642, 0xFE0F],
    &[0x1F9CF, 0x1F3FF],
    &[0x1F9CF, 0x1F3FF, 0x200D, 0x2640, 0xFE0F],
    &[0x1F9CF, 0x1F3FF, 0x200D, 0x2642, 0xFE0F],
    &[0x1F9D0],
    &[0x1F9D1],
    &[0x1F9D1, 0x200D, 0x2695, 0xFE0F],
    &[0x1F9D1, 0x200D, 0x2696, 0xFE0F],
    &[0x1F9D1, 0x200D, 0x2708, 0xFE0F],
    &[0x1F9D1, 0x200D, 0x1F33E],
    &[0x1F9D1, 0x200D, 0x1F373],
    &[0x1F9D1, 0x200D, 0x1F37C],
    &[0x1F9D1, 0x200D, 0x1F384],
    &[0x1F9D1, 0x200D, 0x1F393],
    &[0x1F9D1, 0x200D, 0x1F3A4],
    &[0x1F9D1, 0x200D, 0x1F3A8],
    &[0x1F9D1, 0x200D, 0x1F3EB],
    &[0x1F9D1, 0x200D, 0x1F3ED],
    &[0x1F9D1, 0x200D, 0x1F4BB],
    &[0x1F9D1, 0x200D, 0x1F4BC],
    &[0x1F9D1, 0x200D, 0x1F527],
    &[0x1F9D1, 0x200D, 0x1F52C],
    &[0x1F9D1, 0x200D, 0x1F680],
    &[0x1F9D1, 0x200D, 0x1F692],
    &[0x1F9D1, 0x200D, 0x1F91D, 0x200D, 0x1F9D1],
    &[0x1F9D1, 0x200D, 0x1F9AF],
    &[0x1F9D1, 0x200D, 0x1F9AF, 0x200D, 0x27A1, 0xFE0F],
    &[0x1F9D1, 0x200D, 0x1F9B0],
    &[0x1F9D1, 0x200D, 0x1F9B1],
    &[0x1F9D1, 0x200D, 0x1F9B2],
    &[0x1F9D1, 0x200D, 0x1F9B3],
    &[0x1F9D1, 0x200D, 0x1F9BC],
    &[0x1F9D1, 0x200D, 0x1F9BC, 0x200D, 0x27A1, 0xFE0F],
    &[0x1F9D1, 0x200D, 0x1F9BD],
    &[0x1F9D1, 0x200D, 0x1F9BD, 0x200D, 0x27A1, 0xFE0F],
    &[0x1F9D1, 0x200D, 0x1F9D1, 0x200D, 0x1F9D2],
    &[0x1F9D1, 0x200D, 0x1F9D1, 0x200D, 0x1F9D2, 0x200D, 0x1F9D2],
    &[0x1F9D1, 0x200D, 0x1F9D2],
    &[0x1F9D1, 0x200D, 0x1F9D2, 0x200D, 0x1F9D2],
    &[0x1F9D1, 0x200D, 0x1FA70],
    &[0x1F9D1, 0x1F3FB],
    &[0x1F9D1, 0x1F3FB, 0x200D, 0x2695, 0xFE0F],
    &[0x1F9D1, 0x1F3FB, 0x200D, 0x2696, 0xFE0F],
    &[0x1F9D1, 0x1F3FB, 0x200D, 0x2708, 0xFE0F],
    &[0x1F9D1, 0x1F3FB, 0x200D, 0x2764, 0xFE0F, 0x200D, 0x1F48B, 0x200D, 0x1F9D1, 0x1F3FC],
    &[0x1F9D1, 0x1F3FB, 0x200D, 0x2764, 0xFE0F, 0x200D, 0x1F48B, 0x200D, 0x1F9D1, 0x1F3FD],
    &[0x1F9D1, 0x1F3FB, 0x200D, 0x2764, 0xFE0F, 0x200D, 0x1F48B, 0x200D, 0x1F9D1, 0x1F3FE],
    &[0x1F9D1, 0x1F3FB, 0x200D, 0x2764, 0xFE0F, 0x200D, 0x1F48B, 0x200D, 0x1F9D1, 0x1F3FF],
    &[0x1F9D1, 0x1F3FB, 0x200D, 0x2764, 0xFE0F, 0x200D, 0x1F9D1, 0x1F3FC],
    &[0x1F9D1, 0x1F3FB, 0x200D, 0x2764, 0xFE0F, 0x200D, 0x1F9D1, 0x1F3FD],
    &[0x1F9D1, 0x1F3FB, 0x200D, 0x2764, 0xFE0F, 0x200D, 0x1F9D1, 0x1F3FE],
    &[0x1F9D1, 0x1F3FB, 0x200D, 0x2764, 0xFE0F, 0x200D, 0x1F9D1, 0x1F3FF],
    &[0x1F9D1, 0x1F3FB, 0x200D, 0x1F33E],
    &[0x1F9D1, 0x1F3FB, 0x200D, 0x1F373],
    &[0x1F9D1, 0x1F3FB, 0x200D, 0x1F37C],
    &[0x1F9D1, 0x1F3FB, 0x200D, 0x1F384],
    &[0x1F9D1, 0x1F3FB, 0x200D, 0x1F393],
    &[0x1F9D1, 0x1F3FB, 0x200D, 0x1F3A4],
    &[0x1F9D1, 0x1F3FB, 0x200D, 0x1F3A8],
    &[0x1F9D1, 0x1F3FB, 0x200D, 0x1F3EB],
    &[0x1F9D1, 0x1F3FB, 0x200D, 0x1F3ED],
    &[0x1F9D1, 0x1F3FB, 0x200D, 0x1F430, 0x200D, 0x1F9D1, 0x1F3FC],
    &[0x1F9D1, 0x1F3FB, 0x200D, 0x1F430, 0x200D, 0x1F9D1, 0x1F3FD],
    &[0x1F9D1, 0x1F3FB, 0x200D, 0x1F430, 0x200D, 0x1F9D1, 0x1F3FE],
    &[0x1F9D1, 0x1F3FB, 0x200D, 0x1F430, 0x200D, 0x1F9D1, 0x1F3FF],
    &[0x1F9D1, 0x1F3FB, 0x200D, 0x1F4BB],
    &[0x1F9D1, 0x1F3FB, 0x200D, 0x1F4BC],
    &[0x1F9D1, 0x1F3FB, 0x200D, 0x1F527],
    &[0x1F9D1, 0x1F3FB, 0x200D, 0x1F52C],
    &[0x1F9D1, 0x1F3FB, 0x200D, 0x1F680],
    &[0x1F9D1, 0x1F3FB, 0x200D, 0x1F692],
    &[0x1F9D1, 0x1F3FB, 0x200D, 0x1F91D, 0x200D, 0x1F9D1, 0x1F3FB],
    &[0x1F9D1, 0x1F3FB, 0x200D, 0x1F91D, 0x200D, 0x1F9D1, 0x1F3FC],
    &[0x1F9D1, 0x1F3FB, 0x200D, 0x1F91D, 0x200D, 0x1F9D1, 0x1F3FD],
    &[0x1F9D1, 0x1F3FB, 0x200D, 0x1F91D, 0x200D, 0x1F9D1, 0x1F3FE],
    &[0x1F9D1, 0x1F3FB, 0x200D, 0x1F91D, 0x200D, 0x1F9D1, 0x1F3FF],
    &[0x1F9D1, 0x1F3FB, 0x200D, 0x1F9AF],
    &[0x1F9D1, 0x1F3FB, 0x200D, 0x1F9AF, 0x200D, 0x27A1, 0xFE0F],
    &[0x1F9D1, 0x1F3FB, 0x200D, 0x1F9B0],
    &[0x1F9D1, 0x1F3FB, 0x200D, 0x1F9B1],
    &[0x1F9D1, 0x1F3FB, 0x200D, 0x1F9B2],
    &[0x1F9D1, 0x1F3FB, 0x200D, 0x1F9B3],
    &[0x1F9D1, 0x1F3FB, 0x200D, 0x1F9BC],
    &[0x1F9D1, 0x1F3FB, 0x200D, 0x1F9BC, 0x200D, 0x27A1, 0xFE0F],
    &[0x1F9D1, 0x1F3FB, 0x200D, 0x1F9BD],
    &[0x1F9D1, 0x1F3FB, 0x200D, 0x1F9BD, 0x200D, 0x27A1, 0xFE0F],
    &[0x1F9D1, 0x1F3FB, 0x200D, 0x1FA70],
    &[0x1F9D1, 0x1F3FB, 0x200D, 0x1FAEF, 0x200D, 0x1F9D1, 0x1F3FC],
    &[0x1F9D1, 0x1F3FB, 0x200D, 0x1FAEF, 0x200D, 0x1F9D1, 0x1F3FD],
    &[0x1F9D1, 0x1F3FB, 0x200D, 0x1FAEF, 0x200D, 0x1F9D1, 0x1F3FE],
    &[0x1F9D1, 0x1F3FB, 0x200D, 0x1FAEF, 0x200D, 0x1F9D1, 0x1F3FF],
    &[0x1F9D1, 0x1F3FC],
    &[0x1F9D1, 0x1F3FC, 0x200D, 0x2695, 0xFE0F],
    &[0x1F9D1, 0x1F3FC, 0x200D, 0x2696, 0xFE0F],
    &[0x1F9D1, 0x1F3FC, 0x200D, 0x2708, 0xFE0F],
    &[0x1F9D1, 0x1F3FC, 0x200D, 0x2764, 0xFE0F, 0x200D, 0x1F48B, 0x200D, 0x1F9D1, 0x1F3FB],
    &[0x1F9D1, 0x1F3FC, 0x200D, 0x2764, 0xFE0F, 0x200D, 0x1F48B, 0x200D, 0x1F9D1, 0x1F3FD],
    &[0x1F9D1, 0x1F3FC, 0x200D, 0x2764, 0xFE0F, 0x200D, 0x1F48B, 0x200D, 0x1F9D1, 0x1F3FE],
    &[0x1F9D1, 0x1F3FC, 0x200D, 0x2764, 0xFE0F, 0x200D, 0x1F48B, 0x200D, 0x1F9D1, 0x1F3FF],
    &[0x1F9D1, 0x1F3FC, 0x200D, 0x2764, 0xFE0F, 0x200D, 0x1F9D1, 0x1F3FB],
    &[0x1F9D1, 0x1F3FC, 0x200D, 0x2764, 0xFE0F, 0x200D, 0x1F9D1, 0x1F3FD],
    &[0x1F9D1, 0x1F3FC, 0x200D, 0x2764, 0xFE0F, 0x200D, 0x1F9D1, 0x1F3FE],
    &[0x1F9D1, 0x1F3FC, 0x200D, 0x2764, 0xFE0F, 0x200D, 0x1F9D1, 0x1F3FF],
    &[0x1F9D1, 0x1F3FC, 0x200D, 0x1F33E],
    &[0x1F9D1, 0x1F3FC, 0x200D, 0x1F373],
    &[0x1F9D1, 0x1F3FC, 0x200D, 0x1F37C],
    &[0x1F9D1, 0x1F3FC, 0x200D, 0x1F384],
    &[0x1F9D1, 0x1F3FC, 0x200D, 0x1F393],
    &[0x1F9D1, 0x1F3FC, 0x200D, 0x1F3A4],
    &[0x1F9D1, 0x1F3FC, 0x200D, 0x1F3A8],
    &[0x1F9D1, 0x1F3FC, 0x200D, 0x1F3EB],
    &[0x1F9D1, 0x1F3FC, 0x200D, 0x1F3ED],
    &[0x1F9D1, 0x1F3FC, 0x200D, 0x1F430, 0x200D, 0x1F9D1, 0x1F3FB],
    &[0x1F9D1, 0x1F3FC, 0x200D, 0x1F430, 0x200D, 0x1F9D1, 0x1F3FD],
    &[0x1F9D1, 0x1F3FC, 0x200D, 0x1F430, 0x200D, 0x1F9D1, 0x1F3FE],
    &[0x1F9D1, 0x1F3FC, 0x200D, 0x1F430, 0x200D, 0x1F9D1, 0x1F3FF],
    &[0x1F9D1, 0x1F3FC, 0x200D, 0x1F4BB],
    &[0x1F9D1, 0x1F3FC, 0x200D, 0x1F4BC],
    &[0x1F9D1, 0x1F3FC, 0x200D, 0x1F527],
    &[0x1F9D1, 0x1F3FC, 0x200D, 0x1F52C],
    &[0x1F9D1, 0x1F3FC, 0x200D, 0x1F680],
    &[0x1F9D1, 0x1F3FC, 0x200D, 0x1F692],
    &[0x1F9D1, 0x1F3FC, 0x200D, 0x1F91D, 0x200D, 0x1F9D1, 0x1F3FB],
    &[0x1F9D1, 0x1F3FC, 0x200D, 0x1F91D, 0x200D, 0x1F9D1, 0x1F3FC],
    &[0x1F9D1, 0x1F3FC, 0x200D, 0x1F91D, 0x200D, 0x1F9D1, 0x1F3FD],
    &[0x1F9D1, 0x1F3FC, 0x200D, 0x1F91D, 0x200D, 0x1F9D1, 0x1F3FE],
    &[0x1F9D1, 0x1F3FC, 0x200D, 0x1F91D, 0x200D, 0x1F9D1, 0x1F3FF],
    &[0x1F9D1, 0x1F3FC, 0x200D, 0x1F9AF],
    &[0x1F9D1, 0x1F3FC, 0x200D, 0x1F9AF, 0x200D, 0x27A1, 0xFE0F],
    &[0x1F9D1, 0x1F3FC, 0x200D, 0x1F9B0],
    &[0x1F9D1, 0x1F3FC, 0x200D, 0x1F9B1],
    &[0x1F9D1, 0x1F3FC, 0x200D, 0x1F9B2],
    &[0x1F9D1, 0x1F3FC, 0x200D, 0x1F9B3],
    &[0x1F9D1, 0x1F3FC, 0x200D, 0x1F9BC],
    &[0x1F9D1, 0x1F3FC, 0x200D, 0x1F9BC, 0x200D, 0x27A1, 0xFE0F],
    &[0x1F9D1, 0x1F3FC, 0x200D, 0x1F9BD],
    &[0x1F9D1, 0x1F3FC, 0x200D, 0x1F9BD, 0x200D, 0x27A1, 0xFE0F],
    &[0x1F9D1, 0x1F3FC, 0x200D, 0x1FA70],
    &[0x1F9D1, 0x1F3FC, 0x200D, 0x1FAEF, 0x200D, 0x1F9D1, 0x1F3FB],
    &[0x1F9D1, 0x1F3FC, 0x200D, 0x1FAEF, 0x200D, 0x1F9D1, 0x1F3FD],
    &[0x1F9D1, 0x1F3FC, 0x200D, 0x1FAEF, 0x200D, 0x1F9D1, 0x1F3FE],
    &[0x1F9D1, 0x1F3FC, 0x200D, 0x1FAEF, 0x200D, 0x1F9D1, 0x1F3FF],
    &[0x1F9D1, 0x1F3FD],
    &[0x1F9D1, 0x1F3FD, 0x200D, 0x2695, 0xFE0F],
    &[0x1F9D1, 0x1F3FD, 0x200D, 0x2696, 0xFE0F],
    &[0x1F9D1, 0x1F3FD, 0x200D, 0x2708, 0xFE0F],
    &[0x1F9D1, 0x1F3FD, 0x200D, 0x2764, 0xFE0F, 0x200D, 0x1F48B, 0x200D, 0x1F9D1, 0x1F3FB],
    &[0x1F9D1, 0x1F3FD, 0x200D, 0x2764, 0xFE0F, 0x200D, 0x1F48B, 0x200D, 0x1F9D1, 0x1F3FC],
    &[0x1F9D1, 0x1F3FD, 0x200D, 0x2764, 0xFE0F, 0x200D, 0x1F48B, 0x200D, 0x1F9D1, 0x1F3FE],
    &[0x1F9D1, 0x1F3FD, 0x200D, 0x2764, 0xFE0F, 0x200D, 0x1F48B, 0x200D, 0x1F9D1, 0x1F3FF],
    &[0x1F9D1, 0x1F3FD, 0x200D, 0x2764, 0xFE0F, 0x200D, 0x1F9D1, 0x1F3FB],
    &[0x1F9D1, 0x1F3FD, 0x200D, 0x2764, 0xFE0F, 0x200D, 0x1F9D1, 0x1F3FC],
    &[0x1F9D1, 0x1F3FD, 0x200D, 0x2764, 0xFE0F, 0x200D, 0x1F9D1, 0x1F3FE],
    &[0x1F9D1, 0x1F3FD, 0x200D, 0x2764, 0xFE0F, 0x200D, 0x1F9D1, 0x1F3FF],
    &[0x1F9D1, 0x1F3FD, 0x200D, 0x1F33E],
    &[0x1F9D1, 0x1F3FD, 0x200D, 0x1F373],
    &[0x1F9D1, 0x1F3FD, 0x200D, 0x1F37C],
    &[0x1F9D1, 0x1F3FD, 0x200D, 0x1F384],
    &[0x1F9D1, 0x1F3FD, 0x200D, 0x1F393],
    &[0x1F9D1, 0x1F3FD, 0x200D, 0x1F3A4],
    &[0x1F9D1, 0x1F3FD, 0x200D, 0x1F3A8],
    &[0x1F9D1, 0x1F3FD, 0x200D, 0x1F3EB],
    &[0x1F9D1, 0x1F3FD, 0x200D, 0x1F3ED],
    &[0x1F9D1, 0x1F3FD, 0x200D, 0x1F430, 0x200D, 0x1F9D1, 0x1F3FB],
    &[0x1F9D1, 0x1F3FD, 0x200D, 0x1F430, 0x200D, 0x1F9D1, 0x1F3FC],
    &[0x1F9D1, 0x1F3FD, 0x200D, 0x1F430, 0x200D, 0x1F9D1, 0x1F3FE],
    &[0x1F9D1, 0x1F3FD, 0x200D, 0x1F430, 0x200D, 0x1F9D1, 0x1F3FF],
    &[0x1F9D1, 0x1F3FD, 0x200D, 0x1F4BB],
    &[0x1F9D1, 0x1F3FD, 0x200D, 0x1F4BC],
    &[0x1F9D1, 0x1F3FD, 0x200D, 0x1F527],
    &[0x1F9D1, 0x1F3FD, 0x200D, 0x1F52C],
    &[0x1F9D1, 0x1F3FD, 0x200D, 0x1F680],
    &[0x1F9D1, 0x1F3FD, 0x200D, 0x1F692],
    &[0x1F9D1, 0x1F3FD, 0x200D, 0x1F91D, 0x200D, 0x1F9D1, 0x1F3FB],
    &[0x1F9D1, 0x1F3FD, 0x200D, 0x1F91D, 0x200D, 0x1F9D1, 0x1F3FC],
    &[0x1F9D1, 0x1F3FD, 0x200D, 0x1F91D, 0x200D, 0x1F9D1, 0x1F3FD],
    &[0x1F9D1, 0x1F3FD, 0x200D, 0x1F91D, 0x200D, 0x1F9D1, 0x1F3FE],
    &[0x1F9D1, 0x1F3FD, 0x200D, 0x1F91D, 0x200D, 0x1F9D1, 0x1F3FF],
    &[0x1F9D1, 0x1F3FD, 0x200D, 0x1F9AF],
    &[0x1F9D1, 0x1F3FD, 0x200D, 0x1F9AF, 0x200D, 0x27A1, 0xFE0F],
    &[0x1F9D1, 0x1F3FD, 0x200D, 0x1F9B0],
    &[0x1F9D1, 0x1F3FD, 0x200D, 0x1F9B1],
    &[0x1F9D1, 0x1F3FD, 0x200D, 0x1F9B2],
    &[0x1F9D1, 0x1F3FD, 0x200D, 0x1F9B3],
    &[0x1F9D1, 0x1F3FD, 0x200D, 0x1F9BC],
    &[0x1F9D1, 0x1F3FD, 0x200D, 0x1F9BC, 0x200D, 0x27A1, 0xFE0F],
    &[0x1F9D1, 0x1F3FD, 0x200D, 0x1F9BD],
    &[0x1F9D1, 0x1F3FD, 0x200D, 0x1F9BD, 0x200D, 0x27A1, 0xFE0F],
    &[0x1F9D1, 0x1F3FD, 0x200D, 0x1FA70],
    &[0x1F9D1, 0x1F3FD, 0x200D, 0x1FAEF, 0x200D, 0x1F9D1, 0x1F3FB],
    &[0x1F9D1, 0x1F3FD, 0x200D, 0x1FAEF, 0x200D, 0x1F9D1, 0x1F3FC],
    &[0x1F9D1, 0x1F3FD, 0x200D, 0x1FAEF, 0x200D, 0x1F9D1, 0x1F3FE],
    &[0x1F9D1, 0x1F3FD, 0x200D, 0x1FAEF, 0x200D, 0x1F9D1, 0x1F3FF],
    &[0x1F9D1, 0x1F3FE],
    &[0x1F9D1, 0x1F3FE, 0x200D, 0x2695, 0xFE0F],
    &[0x1F9D1, 0x1F3FE, 0x200D, 0x2696, 0xFE0F],
    &[0x1F9D1, 0x1F3FE, 0x200D, 0x2708, 0xFE0F],
    &[0x1F9D1, 0x1F3FE, 0x200D, 0x2764, 0xFE0F, 0x200D, 0x1F48B, 0x200D, 0x1F9D1, 0x1F3FB],
    &[0x1F9D1, 0x1F3FE, 0x200D, 0x2764, 0xFE0F, 0x200D, 0x1F48B, 0x200D, 0x1F9D1, 0x1F3FC],
    &[0x1F9D1, 0x1F3FE, 0x200D, 0x2764, 0xFE0F, 0x200D, 0x1F48B, 0x200D, 0x1F9D1, 0x1F3FD],
    &[0x1F9D1, 0x1F3FE, 0x200D, 0x2764, 0xFE0F, 0x200D, 0x1F48B, 0x200D, 0x1F9D1, 0x1F3FF],
    &[0x1F9D1, 0x1F3FE, 0x200D, 0x2764, 0xFE0F, 0x200D, 0x1F9D1, 0x1F3FB],
    &[0x1F9D1, 0x1F3FE, 0x200D, 0x2764, 0xFE0F, 0x200D, 0x1F9D1, 0x1F3FC],
    &[0x1F9D1, 0x1F3FE, 0x200D, 0x2764, 0xFE0F, 0x200D, 0x1F9D1, 0x1F3FD],
    &[0x1F9D1, 0x1F3FE, 0x200D, 0x2764, 0xFE0F, 0x200D, 0x1F9D1, 0x1F3FF],
    &[0x1F9D1, 0x1F3FE, 0x200D, 0x1F33E],
    &[0x1F9D1, 0x1F3FE, 0x200D, 0x1F373],
    &[0x1F9D1, 0x1F3FE, 0x200D, 0x1F37C],
    &[0x1F9D1, 0x1F3FE, 0x200D, 0x1F384],
    &[0x1F9D1, 0x1F3FE, 0x200D, 0x1F393],
    &[0x1F9D1, 0x1F3FE, 0x200D, 0x1F3A4],
    &[0x1F9D1, 0x1F3FE, 0x200D, 0x1F3A8],
    &[0x1F9D1, 0x1F3FE, 0x200D, 0x1F3EB],
    &[0x1F9D1, 0x1F3FE, 0x200D, 0x1F3ED],
    &[0x1F9D1, 0x1F3FE, 0x200D, 0x1F430, 0x200D, 0x1F9D1, 0x1F3FB],
    &[0x1F9D1, 0x1F3FE, 0x200D, 0x1F430, 0x200D, 0x1F9D1, 0x1F3FC],
    &[0x1F9D1, 0x1F3FE, 0x200D, 0x1F430, 0x200D, 0x1F9D1, 0x1F3FD],
    &[0x1F9D1, 0x1F3FE, 0x200D, 0x1F430, 0x200D, 0x1F9D1, 0x1F3FF],
    &[0x1F9D1, 0x1F3FE, 0x200D, 0x1F4BB],
    &[0x1F9D1, 0x1F3FE, 0x200D, 0x1F4BC],
    &[0x1F9D1, 0x1F3FE, 0x200D, 0x1F527],
    &[0x1F9D1, 0x1F3FE, 0x200D, 0x1F52C],
    &[0x1F9D1, 0x1F3FE, 0x200D, 0x1F680],
    &[0x1F9D1, 0x1F3FE, 0x200D, 0x1F692],
    &[0x1F9D1, 0x1F3FE, 0x200D, 0x1F91D, 0x200D, 0x1F9D1, 0x1F3FB],
    &[0x1F9D1, 0x1F3FE, 0x200D, 0x1F91D, 0x200D, 0x1F9D1, 0x1F3FC],
    &[0x1F9D1, 0x1F3FE, 0x200D, 0x1F91D, 0x200D, 0x1F9D1, 0x1F3FD],
    &[0x1F9D1, 0x1F3FE, 0x200D, 0x1F91D, 0x200D, 0x1F9D1, 0x1F3FE],
    &[0x1F9D1, 0x1F3FE, 0x200D, 0x1F91D, 0x200D, 0x1F9D1, 0x1F3FF],
    &[0x1F9D1, 0x1F3FE, 0x200D, 0x1F9AF],
    &[0x1F9D1, 0x1F3FE, 0x200D, 0x1F9AF, 0x200D, 0x27A1, 0xFE0F],
    &[0x1F9D1, 0x1F3FE, 0x200D, 0x1F9B0],
    &[0x1F9D1, 0x1F3FE, 0x200D, 0x1F9B1],
    &[0x1F9D1, 0x1F3FE, 0x200D, 0x1F9B2],
    &[0x1F9D1, 0x1F3FE, 0x200D, 0x1F9B3],
    &[0x1F9D1, 0x1F3FE, 0x200D, 0x1F9BC],
    &[0x1F9D1, 0x1F3FE, 0x200D, 0x1F9BC, 0x200D, 0x27A1, 0xFE0F],
    &[0x1F9D1, 0x1F3FE, 0x200D, 0x1F9BD],
    &[0x1F9D1, 0x1F3FE, 0x200D, 0x1F9BD, 0x200D, 0x27A1, 0xFE0F],
    &[0x1F9D1, 0x1F3FE, 0x200D, 0x1FA70],
    &[0x1F9D1, 0x1F3FE, 0x200D, 0x1FAEF, 0x200D, 0x1F9D1, 0x1F3FB],
    &[0x1F9D1, 0x1F3FE, 0x200D, 0x1FAEF, 0x200D, 0x1F9D1, 0x1F3FC],
    &[0x1F9D1, 0x1F3FE, 0x200D, 0x1FAEF, 0x200D, 0x1F9D1, 0x1F3FD],
    &[0x1F9D1, 0x1F3FE, 0x200D, 0x1FAEF, 0x200D, 0x1F9D1, 0x1F3FF],
    &[0x1F9D1, 0x1F3FF],
    &[0x1F9D1, 0x1F3FF, 0x200D, 0x2695, 0xFE0F],
    &[0x1F9D1, 0x1F3FF, 0x200D, 0x2696, 0xFE0F],
    &[0x1F9D1, 0x1F3FF, 0x200D, 0x2708, 0xFE0F],
    &[0x1F9D1, 0x1F3FF, 0x200D, 0x2764, 0xFE0F, 0x200D, 0x1F48B, 0x200D, 0x1F9D1, 0x1F3FB],
    &[0x1F9D1, 0x1F3FF, 0x200D, 0x2764, 0xFE0F, 0x200D, 0x1F48B, 0x200D, 0x1F9D1, 0x1F3FC],
    &[0x1F9D1, 0x1F3FF, 0x200D, 0x2764, 0xFE0F, 0x200D, 0x1F48B, 0x200D, 0x1F9D1, 0x1F3FD],
    &[0x1F9D1, 0x1F3FF, 0x200D, 0x2764, 0xFE0F, 0x200D, 0x1F48B, 0x200D, 0x1F9D1, 0x1F3FE],
    &[0x1F9D1, 0x1F3FF, 0x200D, 0x2764, 0xFE0F, 0x200D, 0x1F9D1, 0x1F3FB],
    &[0x1F9D1, 0x1F3FF, 0x200D, 0x2764, 0xFE0F, 0x200D, 0x1F9D1, 0x1F3FC],
    &[0x1F9D1, 0x1F3FF, 0x200D, 0x2764, 0xFE0F, 0x200D, 0x1F9D1, 0x1F3FD],
    &[0x1F9D1, 0x1F3FF, 0x200D, 0x2764, 0xFE0F, 0x200D, 0x1F9D1, 0x1F3FE],
    &[0x1F9D1, 0x1F3FF, 0x200D, 0x1F33E],
    &[0x1F9D1, 0x1F3FF, 0x200D, 0x1F373],
    &[0x1F9D1, 0x1F3FF, 0x200D, 0x1F37C],
    &[0x1F9D1, 0x1F3FF, 0x200D, 0x1F384],
    &[0x1F9D1, 0x1F3FF, 0x200D, 0x1F393],
    &[0x1F9D1, 0x1F3FF, 0x200D, 0x1F3A4],
    &[0x1F9D1, 0x1F3FF, 0x200D, 0x1F3A8],
    &[0x1F9D1, 0x1F3FF, 0x200D, 0x1F3EB],
    &[0x1F9D1, 0x1F3FF, 0x200D, 0x1F3ED],
    &[0x1F9D1, 0x1F3FF, 0x200D, 0x1F430, 0x200D, 0x1F9D1, 0x1F3FB],
    &[0x1F9D1, 0x1F3FF, 0x200D, 0x1F430, 0x200D, 0x1F9D1, 0x1F3FC],
    &[0x1F9D1, 0x1F3FF, 0x200D, 0x1F430, 0x200D, 0x1F9D1, 0x1F3FD],
    &[0x1F9D1, 0x1F3FF, 0x200D, 0x1F430, 0x200D, 0x1F9D1, 0x1F3FE],
    &[0x1F9D1, 0x1F3FF, 0x200D, 0x1F4BB],
    &[0x1F9D1, 0x1F3FF, 0x200D, 0x1F4BC],
    &[0x1F9D1, 0x1F3FF, 0x200D, 0x1F527],
    &[0x1F9D1, 0x1F3FF, 0x200D, 0x1F52C],
    &[0x1F9D1, 0x1F3FF, 0x200D, 0x1F680],
    &[0x1F9D1, 0x1F3FF, 0x200D, 0x1F692],
    &[0x1F9D1, 0x1F3FF, 0x200D, 0x1F91D, 0x200D, 0x1F9D1, 0x1F3FB],
    &[0x1F9D1, 0x1F3FF, 0x200D, 0x1F91D, 0x200D, 0x1F9D1, 0x1F3FC],
    &[0x1F9D1, 0x1F3FF, 0x200D, 0x1F91D, 0x200D, 0x1F9D1, 0x1F3FD],
    &[0x1F9D1, 0x1F3FF, 0x200D, 0x1F91D, 0x200D, 0x1F9D1, 0x1F3FE],
    &[0x1F9D1, 0x1F3FF, 0x200D, 0x1F91D, 0x200D, 0x1F9D1, 0x1F3FF],
    &[0x1F9D1, 0x1F3FF, 0x200D, 0x1F9AF],
    &[0x1F9D1, 0x1F3FF, 0x200D, 0x1F9AF, 0x200D, 0x27A1, 0xFE0F],
    &[0x1F9D1, 0x1F3FF, 0x200D, 0x1F9B0],
    &[0x1F9D1, 0x1F3FF, 0x200D, 0x1F9B1],
    &[0x1F9D1, 0x1F3FF, 0x200D, 0x1F9B2],
    &[0x1F9D1, 0x1F3FF, 0x200D, 0x1F9B3],
    &[0x1F9D1, 0x1F3FF, 0x200D, 0x1F9BC],
    &[0x1F9D1, 0x1F3FF, 0x200D, 0x1F9BC, 0x200D, 0x27A1, 0xFE0F],
    &[0x1F9D1, 0x1F3FF, 0x200D, 0x1F9BD],
    &[0x1F9D1, 0x1F3FF, 0x200D, 0x1F9BD, 0x200D, 0x27A1, 0xFE0F],
    &[0x1F9D1, 0x1F3FF, 0x200D, 0x1FA70],
    &[0x1F9D1, 0x1F3FF, 0x200D, 0x1FAEF, 0x200D, 0x1F9D1, 0x1F3FB],
    &[0x1F9D1, 0x1F3FF, 0x200D, 0x1FAEF, 0x200D, 0x1F9D1, 0x1F3FC],
    &[0x1F9D1, 0x1F3FF, 0x200D, 0x1FAEF, 0x200D, 0x1F9D1, 0x1F3FD],
    &[0x1F9D1, 0x1F3FF, 0x200D, 0x1FAEF, 0x200D, 0x1F9D1, 0x1F3FE],
    &[0x1F9D2],
    &[0x1F9D2, 0x1F3FB],
    &[0x1F9D2, 0x1F3FC],
    &[0x1F9D2, 0x1F3FD],
    &[0x1F9D2, 0x1F3FE],
    &[0x1F9D2, 0x1F3FF],
    &[0x1F9D3],
    &[0x1F9D3, 0x1F3FB],
    &[0x1F9D3, 0x1F3FC],
    &[0x1F9D3, 0x1F3FD],
    &[0x1F9D3, 0x1F3FE],
    &[0x1F9D3, 0x1F3FF],
    &[0x1F9D4],
    &[0x1F9D4, 0x200D, 0x2640, 0xFE0F],
    &[0x1F9D4, 0x200D, 0x2642, 0xFE0F],
    &[0x1F9D4, 0x1F3FB],
    &[0x1F9D4, 0x1F3FB, 0x200D, 0x2640, 0xFE0F],
    &[0x1F9D4, 0x1F3FB, 0x200D, 0x2642, 0xFE0F],
    &[0x1F9D4, 0x1F3FC],
    &[0x1F9D4, 0x1F3FC, 0x200D, 0x2640, 0xFE0F],
    &[0x1F9D4, 0x1F3FC, 0x200D, 0x2642, 0xFE0F],
    &[0x1F9D4, 0x1F3FD],
    &[0x1F9D4, 0x1F3FD, 0x200D, 0x2640, 0xFE0F],
    &[0x1F9D4, 0x1F3FD, 0x200D, 0x2642, 0xFE0F],
    &[0x1F9D4, 0x1F3FE],
    &[0x1F9D4, 0x1F3FE, 0x200D, 0x2640, 0xFE0F],
    &[0x1F9D4, 0x1F3FE, 0x200D, 0x2642, 0xFE0F],
    &[0x1F9D4, 0x1F3FF],
    &[0x1F9D4, 0x1F3FF, 0x200D, 0x2640, 0xFE0F],
    &[0x1F9D4, 0x1F3FF, 0x200D, 0x2642, 0xFE0F],
    &[0x1F9D5],
    &[0x1F9D5, 0x1F3FB],
    &[0x1F9D5, 0x1F3FC],
    &[0x1F9D5, 0x1F3FD],
    &[0x1F9D5, 0x1F3FE],
    &[0x1F9D5, 0x1F3FF],
    &[0x1F9D6],
    &[0x1F9D6, 0x200D, 0x2640, 0xFE0F],
    &[0x1F9D6, 0x200D, 0x2642, 0xFE0F],
    &[0x1F9D6, 0x1F3FB],
    &[0x1F9D6, 0x1F3FB, 0x200D, 0x2640, 0xFE0F],
    &[0x1F9D6, 0x1F3FB, 0x200D, 0x2642, 0xFE0F],
    &[0x1F9D6, 0x1F3FC],
    &[0x1F9D6, 0x1F3FC, 0x200D, 0x2640, 0xFE0F],
    &[0x1F9D6, 0x1F3FC, 0x200D, 0x2642, 0xFE0F],
    &[0x1F9D6, 0x1F3FD],
    &[0x1F9D6, 0x1F3FD, 0x200D, 0x2640, 0xFE0F],
    &[0x1F9D6, 0x1F3FD, 0x200D, 0x2642, 0xFE0F],
    &[0x1F9D6, 0x1F3FE],
    &[0x1F9D6, 0x1F3FE, 0x200D, 0x2640, 0xFE0F],
    &[0x1F9D6, 0x1F3FE, 0x200D, 0x2642, 0xFE0F],
    &[0x1F9D6, 0x1F3FF],
    &[0x1F9D6, 0x1F3FF, 0x200D, 0x2640, 0xFE0F],
    &[0x1F9D6, 0x1F3FF, 0x200D, 0x2642, 0xFE0F],
    &[0x1F9D7],
    &[0x1F9D7, 0x200D, 0x2640, 0xFE0F],
    &[0x1F9D7, 0x200D, 0x2642, 0xFE0F],
    &[0x1F9D7, 0x1F3FB],
    &[0x1F9D7, 0x1F3FB, 0x200D, 0x2640, 0xFE0F],
    &[0x1F9D7, 0x1F3FB, 0x200D, 0x2642, 0xFE0F],
    &[0x1F9D7, 0x1F3FC],
    &[0x1F9D7, 0x1F3FC, 0x200D, 0x2640, 0xFE0F],
    &[0x1F9D7, 0x1F3FC, 0x200D, 0x2642, 0xFE0F],
    &[0x1F9D7, 0x1F3FD],
    &[0x1F9D7, 0x1F3FD, 0x200D, 0x2640, 0xFE0F],
    &[0x1F9D7, 0x1F3FD, 0x200D, 0x2642, 0xFE0F],
    &[0x1F9D7, 0x1F3FE],
    &[0x1F9D7, 0x1F3FE, 0x200D, 0x2640, 0xFE0F],
    &[0x1F9D7, 0x1F3FE, 0x200D, 0x2642, 0xFE0F],
    &[0x1F9D7, 0x1F3FF],
    &[0x1F9D7, 0x1F3FF, 0x200D, 0x2640, 0xFE0F],
    &[0x1F9D7, 0x1F3FF, 0x200D, 0x2642, 0xFE0F],
    &[0x1F9D8],
    &[0x1F9D8, 0x200D, 0x2640, 0xFE0F],
    &[0x1F9D8, 0x200D, 0x2642, 0xFE0F],
    &[0x1F9D8, 0x1F3FB],
    &[0x1F9D8, 0x1F3FB, 0x200D, 0x2640, 0xFE0F],
    &[0x1F9D8, 0x1F3FB, 0x200D, 0x2642, 0xFE0F],
    &[0x1F9D8, 0x1F3FC],
    &[0x1F9D8, 0x1F3FC, 0x200D, 0x2640, 0xFE0F],
    &[0x1F9D8, 0x1F3FC, 0x200D, 0x2642, 0xFE0F],
    &[0x1F9D8, 0x1F3FD],
    &[0x1F9D8, 0x1F3FD, 0x200D, 0x2640, 0xFE0F],
    &[0x1F9D8, 0x1F3FD, 0x200D, 0x2642, 0xFE0F],
    &[0x1F9D8, 0x1F3FE],
    &[0x1F9D8, 0x1F3FE, 0x200D, 0x2640, 0xFE0F],
    &[0x1F9D8, 0x1F3FE, 0x200D, 0x2642, 0xFE0F],
    &[0x1F9D8, 0x1F3FF],
    &[0x1F9D8, 0x1F3FF, 0x200D, 0x2640, 0xFE0F],
    &[0x1F9D8, 0x1F3FF, 0x200D, 0x2642, 0xFE0F],
    &[0x1F9D9],
    &[0x1F9D9, 0x200D, 0x2640, 0xFE0F],
    &[0x1F9D9, 0x200D, 0x2642, 0xFE0F],
    &[0x1F9D9, 0x1F3FB],
    &[0x1F9D9, 0x1F3FB, 0x200D, 0x2640, 0xFE0F],
    &[0x1F9D9, 0x1F3FB, 0x200D, 0x2642, 0xFE0F],
    &[0x1F9D9, 0x1F3FC],
    &[0x1F9D9, 0x1F3FC, 0x200D, 0x2640, 0xFE0F],
    &[0x1F9D9, 0x1F3FC, 0x200D, 0x2642, 0xFE0F],
    &[0x1F9D9, 0x1F3FD],
    &[0x1F9D9, 0x1F3FD, 0x200D, 0x2640, 0xFE0F],
    &[0x1F9D9, 0x1F3FD, 0x200D, 0x2642, 0xFE0F],
    &[0x1F9D9, 0x1F3FE],
    &[0x1F9D9, 0x1F3FE, 0x200D, 0x2640, 0xFE0F],
    &[0x1F9D9, 0x1F3FE, 0x200D, 0x2642, 0xFE0F],
    &[0x1F9D9, 0x1F3FF],
    &[0x1F9D9, 0x1F3FF, 0x200D, 0x2640, 0xFE0F],
    &[0x1F9D9, 0x1F3FF, 0x200D, 0x2642, 0xFE0F],
    &[0x1F9DA],
    &[0x1F9DA, 0x200D, 0x2640, 0xFE0F],
    &[0x1F9DA, 0x200D, 0x2642, 0xFE0F],
    &[0x1F9DA, 0x1F3FB],
    &[0x1F9DA, 0x1F3FB, 0x200D, 0x2640, 0xFE0F],
    &[0x1F9DA, 0x1F3FB, 0x200D, 0x2642, 0xFE0F],
    &[0x1F9DA, 0x1F3FC],
    &[0x1F9DA, 0x1F3FC, 0x200D, 0x2640, 0xFE0F],
    &[0x1F9DA, 0x1F3FC, 0x200D, 0x2642, 0xFE0F],
    &[0x1F9DA, 0x1F3FD],
    &[0x1F9DA, 0x1F3FD, 0x200D, 0x2640, 0xFE0F],
    &[0x1F9DA, 0x1F3FD, 0x200D, 0x2642, 0xFE0F],
    &[0x1F9DA, 0x1F3FE],
    &[0x1F9DA, 0x1F3FE, 0x200D, 0x2640, 0xFE0F],
    &[0x1F9DA, 0x1F3FE, 0x200D, 0x2642, 0xFE0F],
    &[0x1F9DA, 0x1F3FF],
    &[0x1F9DA, 0x1F3FF, 0x200D, 0x2640, 0xFE0F],
    &[0x1F9DA, 0x1F3FF, 0x200D, 0x2642, 0xFE0F],
    &[0x1F9DB],
    &[0x1F9DB, 0x200D, 0x2640, 0xFE0F],
    &[0x1F9DB, 0x200D, 0x2642, 0xFE0F],
    &[0x1F9DB, 0x1F3FB],
    &[0x1F9DB, 0x1F3FB, 0x200D, 0x2640, 0xFE0F],
    &[0x1F9DB, 0x1F3FB, 0x200D, 0x2642, 0xFE0F],
    &[0x1F9DB, 0x1F3FC],
    &[0x1F9DB, 0x1F3FC, 0x200D, 0x2640, 0xFE0F],
    &[0x1F9DB, 0x1F3FC, 0x200D, 0x2642, 0xFE0F],
    &[0x1F9DB, 0x1F3FD],
    &[0x1F9DB, 0x1F3FD, 0x200D, 0x2640, 0xFE0F],
    &[0x1F9DB, 0x1F3FD, 0x200D, 0x2642, 0xFE0F],
    &[0x1F9DB, 0x1F3FE],
    &[0x1F9DB, 0x1F3FE, 0x200D, 0x2640, 0xFE0F],
    &[0x1F9DB, 0x1F3FE, 0x200D, 0x2642, 0xFE0F],
    &[0x1F9DB, 0x1F3FF],
    &[0x1F9DB, 0x1F3FF, 0x200D, 0x2640, 0xFE0F],
    &[0x1F9DB, 0x1F3FF, 0x200D, 0x2642, 0xFE0F],
    &[0x1F9DC],
    &[0x1F9DC, 0x200D, 0x2640, 0xFE0F],
    &[0x1F9DC, 0x200D, 0x2642, 0xFE0F],
    &[0x1F9DC, 0x1F3FB],
    &[0x1F9DC, 0x1F3FB, 0x200D, 0x2640, 0xFE0F],
    &[0x1F9DC, 0x1F3FB, 0x200D, 0x2642, 0xFE0F],
    &[0x1F9DC, 0x1F3FC],
    &[0x1F9DC, 0x1F3FC, 0x200D, 0x2640, 0xFE0F],
    &[0x1F9DC, 0x1F3FC, 0x200D, 0x2642, 0xFE0F],
    &[0x1F9DC, 0x1F3FD],
    &[0x1F9DC, 0x1F3FD, 0x200D, 0x2640, 0xFE0F],
    &[0x1F9DC, 0x1F3FD, 0x200D, 0x2642, 0xFE0F],
    &[0x1F9DC, 0x1F3FE],
    &[0x1F9DC, 0x1F3FE, 0x200D, 0x2640, 0xFE0F],
    &[0x1F9DC, 0x1F3FE, 0x200D, 0x2642, 0xFE0F],
    &[0x1F9DC, 0x1F3FF],
    &[0x1F9DC, 0x1F3FF, 0x200D, 0x2640, 0xFE0F],
    &[0x1F9DC, 0x1F3FF, 0x200D, 0x2642, 0xFE0F],
    &[0x1F9DD],
    &[0x1F9DD, 0x200D, 0x2640, 0xFE0F],
    &[0x1F9DD, 0x200D, 0x2642, 0xFE0F],
    &[0x1F9DD, 0x1F3FB],
    &[0x1F9DD, 0x1F3FB, 0x200D, 0x2640, 0xFE0F],
    &[0x1F9DD, 0x1F3FB, 0x200D, 0x2642, 0xFE0F],
    &[0x1F9DD, 0x1F3FC],
    &[0x1F9DD, 0x1F3FC, 0x200D, 0x2640, 0xFE0F],
    &[0x1F9DD, 0x1F3FC, 0x200D, 0x2642, 0xFE0F],
    &[0x1F9DD, 0x1F3FD],
    &[0x1F9DD, 0x1F3FD, 0x200D, 0x2640, 0xFE0F],
    &[0x1F9DD, 0x1F3FD, 0x200D, 0x2642, 0xFE0F],
    &[0x1F9DD, 0x1F3FE],
    &[0x1F9DD, 0x1F3FE, 0x200D, 0x2640, 0xFE0F],
    &[0x1F9DD, 0x1F3FE, 0x200D, 0x2642, 0xFE0F],
    &[0x1F9DD, 0x1F3FF],
    &[0x1F9DD, 0x1F3FF, 0x200D, 0x2640, 0xFE0F],
    &[0x1F9DD, 0x1F3FF, 0x200D, 0x2642, 0xFE0F],
    &[0x1F9DE],
    &[0x1F9DE, 0x200D, 0x2640, 0xFE0F],
    &[0x1F9DE, 0x200D, 0x2642, 0xFE0F],
    &[0x1F9DF],
    &[0x1F9DF, 0x200D, 0x2640, 0xFE0F],
    &[0x1F9DF, 0x200D, 0x2642, 0xFE0F],
    &[0x1F9E0],
    &[0x1F9E1],
    &[0x1F9E2],
    &[0x1F9E3],
    &[0x1F9E4],
    &[0x1F9E5],
    &[0x1F9E6],
    &[0x1F9E7],
    &[0x1F9E8],
    &[0x1F9E9],
    &[0x1F9EA],
    &[0x1F9EB],
    &[0x1F9EC],
    &[0x1F9ED],
    &[0x1F9EE],
    &[0x1F9EF],
    &[0x1F9F0],
    &[0x1F9F1],
    &[0x1F9F2],
    &[0x1F9F3],
    &[0x1F9F4],
    &[0x1F9F5],
    &[0x1F9F6],
    &[0x1F9F7],
    &[0x1F9F8],
    &[0x1F9F9],
    &[0x1F9FA],
    &[0x1F9FB],
    &[0x1F9FC],
    &[0x1F9FD],
    &[0x1F9FE],
    &[0x1F9FF],
    &[0x1FA70],
    &[0x1FA71],
    &[0x1FA72],
    &[0x1FA73],
    &[0x1FA74],
    &[0x1FA75],
    &[0x1FA76],
    &[0x1FA77],
    &[0x1FA78],
    &[0x1FA79],
    &[0x1FA7A],
    &[0x1FA7B],
    &[0x1FA7C],
    &[0x1FA80],
    &[0x1FA81],
    &[0x1FA82],
    &[0x1FA83],
    &[0x1FA84],
    &[0x1FA85],
    &[0x1FA86],
    &[0x1FA87],
    &[0x1FA88],
    &[0x1FA89],
    &[0x1FA8A],
    &[0x1FA8E],
    &[0x1FA8F],
    &[0x1FA90],
    &[0x1FA91],
    &[0x1FA92],
    &[0x1FA93],
    &[0x1FA94],
    &[0x1FA95],
    &[0x1FA96],
    &[0x1FA97],
    &[0x1FA98],
    &[0x1FA99],
    &[0x1FA9A],
    &[0x1FA9B],
    &[0x1FA9C],
    &[0x1FA9D],
    &[0x1FA9E],
    &[0x1FA9F],
    &[0x1FAA0],
    &[0x1FAA1],
    &[0x1FAA2],
    &[0x1FAA3],
    &[0x1FAA4],
    &[0x1FAA5],
    &[0x1FAA6],
    &[0x1FAA7],
    &[0x1FAA8],
    &[0x1FAA9],
    &[0x1FAAA],
    &[0x1FAAB],
    &[0x1FAAC],
    &[0x1FAAD],
    &[0x1FAAE],
    &[0x1FAAF],
    &[0x1FAB0],
    &[0x1FAB1],
    &[0x1FAB2],
    &[0x1FAB3],
    &[0x1FAB4],
    &[0x1FAB5],
    &[0x1FAB6],
    &[0x1FAB7],
    &[0x1FAB8],
    &[0x1FAB9],
    &[0x1FABA],
    &[0x1FABB],
    &[0x1FABC],
    &[0x1FABD],
    &[0x1FABE],
    &[0x1FABF],
    &[0x1FAC0],
    &[0x1FAC1],
    &[0x1FAC2],
    &[0x1FAC3],
    &[0x1FAC3, 0x1F3FB],
    &[0x1FAC3, 0x1F3FC],
    &[0x1FAC3, 0x1F3FD],
    &[0x1FAC3, 0x1F3FE],
    &[0x1FAC3, 0x1F3FF],
    &[0x1FAC4],
    &[0x1FAC4, 0x1F3FB],
    &[0x1FAC4, 0x1F3FC],
    &[0x1FAC4, 0x1F3FD],
    &[0x1FAC4, 0x1F3FE],
    &[0x1FAC4, 0x1F3FF],
    &[0x1FAC5],
    &[0x1FAC5, 0x1F3FB],
    &[0x1FAC5, 0x1F3FC],
    &[0x1FAC5, 0x1F3FD],
    &[0x1FAC5, 0x1F3FE],
    &[0x1FAC5, 0x1F3FF],
    &[0x1FAC6],
    &[0x1FAC8],
    &[0x1FACD],
    &[0x1FACE],
    &[0x1FACF],
    &[0x1FAD0],
    &[0x1FAD1],
    &[0x1FAD2],
    &[0x1FAD3],
    &[0x1FAD4],
    &[0x1FAD5],
    &[0x1FAD6],
    &[0x1FAD7],
    &[0x1FAD8],
    &[0x1FAD9],
    &[0x1FADA],
    &[0x1FADB],
    &[0x1FADC],
    &[0x1FADF],
    &[0x1FAE0],
    &[0x1FAE1],
    &[0x1FAE2],
    &[0x1FAE3],
    &[0x1FAE4],
    &[0x1FAE5],
    &[0x1FAE6],
    &[0x1FAE7],
    &[0x1FAE8],
    &[0x1FAE9],
    &[0x1FAEA],
    &[0x1FAEF],
    &[0x1FAF0],
    &[0x1FAF0, 0x1F3FB],
    &[0x1FAF0, 0x1F3FC],
    &[0x1FAF0, 0x1F3FD],
    &[0x1FAF0, 0x1F3FE],
    &[0x1FAF0, 0x1F3FF],
    &[0x1FAF1],
    &[0x1FAF1, 0x1F3FB],
    &[0x1FAF1, 0x1F3FB, 0x200D, 0x1FAF2, 0x1F3FC],
    &[0x1FAF1, 0x1F3FB, 0x200D, 0x1FAF2, 0x1F3FD],
    &[0x1FAF1, 0x1F3FB, 0x200D, 0x1FAF2, 0x1F3FE],
    &[0x1FAF1, 0x1F3FB, 0x200D, 0x1FAF2, 0x1F3FF],
    &[0x1FAF1, 0x1F3FC],
    &[0x1FAF1, 0x1F3FC, 0x200D, 0x1FAF2, 0x1F3FB],
    &[0x1FAF1, 0x1F3FC, 0x200D, 0x1FAF2, 0x1F3FD],
    &[0x1FAF1, 0x1F3FC, 0x200D, 0x1FAF2, 0x1F3FE],
    &[0x1FAF1, 0x1F3FC, 0x200D, 0x1FAF2, 0x1F3FF],
    &[0x1FAF1, 0x1F3FD],
    &[0x1FAF1, 0x1F3FD, 0x200D, 0x1FAF2, 0x1F3FB],
    &[0x1FAF1, 0x1F3FD, 0x200D, 0x1FAF2, 0x1F3FC],
    &[0x1FAF1, 0x1F3FD, 0x200D, 0x1FAF2, 0x1F3FE],
    &[0x1FAF1, 0x1F3FD, 0x200D, 0x1FAF2, 0x1F3FF],
    &[0x1FAF1, 0x1F3FE],
    &[0x1FAF1, 0x1F3FE, 0x200D, 0x1FAF2, 0x1F3FB],
    &[0x1FAF1, 0x1F3FE, 0x200D, 0x1FAF2, 0x1F3FC],
    &[0x1FAF1, 0x1F3FE, 0x200D, 0x1FAF2, 0x1F3FD],
    &[0x1FAF1, 0x1F3FE, 0x200D, 0x1FAF2, 0x1F3FF],
    &[0x1FAF1, 0x1F3FF],
    &[0x1FAF1, 0x1F3FF, 0x200D, 0x1FAF2, 0x1F3FB],
    &[0x1FAF1, 0x1F3FF, 0x200D, 0x1FAF2, 0x1F3FC],
    &[0x1FAF1, 0x1F3FF, 0x200D, 0x1FAF2, 0x1F3FD],
    &[0x1FAF1, 0x1F3FF, 0x200D, 0x1FAF2, 0x1F3FE],
    &[0x1FAF2],
    &[0x1FAF2, 0x1F3FB],
    &[0x1FAF2, 0x1F3FC],
    &[0x1FAF2, 0x1F3FD],
    &[0x1FAF2, 0x1F3FE],
    &[0x1FAF2, 0x1F3FF],
    &[0x1FAF3],
    &[0x1FAF3, 0x1F3FB],
    &[0x1FAF3, 0x1F3FC],
    &[0x1FAF3, 0x1F3FD],
    &[0x1FAF3, 0x1F3FE],
    &[0x1FAF3, 0x1F3FF],
    &[0x1FAF4],
    &[0x1FAF4, 0x1F3FB],
    &[0x1FAF4, 0x1F3FC],
    &[0x1FAF4, 0x1F3FD],
    &[0x1FAF4, 0x1F3FE],
    &[0x1FAF4, 0x1F3FF],
    &[0x1FAF5],
    &[0x1FAF5, 0x1F3FB],
    &[0x1FAF5, 0x1F3FC],
    &[0x1FAF5, 0x1F3FD],
    &[0x1FAF5, 0x1F3FE],
    &[0x1FAF5, 0x1F3FF],
    &[0x1FAF6],
    &[0x1FAF6, 0x1F3FB],
    &[0x1FAF6, 0x1F3FC],
    &[0x1FAF6, 0x1F3FD],
    &[0x1FAF6, 0x1F3FE],
    &[0x1FAF6, 0x1F3FF],
    &[0x1FAF7],
    &[0x1FAF7, 0x1F3FB],
    &[0x1FAF7, 0x1F3FC],
    &[0x1FAF7, 0x1F3FD],
    &[0x1FAF7, 0x1F3FE],
    &[0x1FAF7, 0x1F3FF],
    &[0x1FAF8],
    &[0x1FAF8, 0x1F3FB],
    &[0x1FAF8, 0x1F3FC],
    &[0x1FAF8, 0x1F3FD],
    &[0x1FAF8, 0x1F3FE],
    &[0x1FAF8, 0x1F3FF],
];

/// `\p{RGI_Emoji_Flag_Sequence}` string set (from the test262 fixtures).
pub const RGI_EMOJI_FLAG_SEQUENCE: &[&[u32]] = &[
    &[0x1F1E6, 0x1F1E8],
    &[0x1F1E6, 0x1F1E9],
    &[0x1F1E6, 0x1F1EA],
    &[0x1F1E6, 0x1F1EB],
    &[0x1F1E6, 0x1F1EC],
    &[0x1F1E6, 0x1F1EE],
    &[0x1F1E6, 0x1F1F1],
    &[0x1F1E6, 0x1F1F2],
    &[0x1F1E6, 0x1F1F4],
    &[0x1F1E6, 0x1F1F6],
    &[0x1F1E6, 0x1F1F7],
    &[0x1F1E6, 0x1F1F8],
    &[0x1F1E6, 0x1F1F9],
    &[0x1F1E6, 0x1F1FA],
    &[0x1F1E6, 0x1F1FC],
    &[0x1F1E6, 0x1F1FD],
    &[0x1F1E6, 0x1F1FF],
    &[0x1F1E7, 0x1F1E6],
    &[0x1F1E7, 0x1F1E7],
    &[0x1F1E7, 0x1F1E9],
    &[0x1F1E7, 0x1F1EA],
    &[0x1F1E7, 0x1F1EB],
    &[0x1F1E7, 0x1F1EC],
    &[0x1F1E7, 0x1F1ED],
    &[0x1F1E7, 0x1F1EE],
    &[0x1F1E7, 0x1F1EF],
    &[0x1F1E7, 0x1F1F1],
    &[0x1F1E7, 0x1F1F2],
    &[0x1F1E7, 0x1F1F3],
    &[0x1F1E7, 0x1F1F4],
    &[0x1F1E7, 0x1F1F6],
    &[0x1F1E7, 0x1F1F7],
    &[0x1F1E7, 0x1F1F8],
    &[0x1F1E7, 0x1F1F9],
    &[0x1F1E7, 0x1F1FB],
    &[0x1F1E7, 0x1F1FC],
    &[0x1F1E7, 0x1F1FE],
    &[0x1F1E7, 0x1F1FF],
    &[0x1F1E8, 0x1F1E6],
    &[0x1F1E8, 0x1F1E8],
    &[0x1F1E8, 0x1F1E9],
    &[0x1F1E8, 0x1F1EB],
    &[0x1F1E8, 0x1F1EC],
    &[0x1F1E8, 0x1F1ED],
    &[0x1F1E8, 0x1F1EE],
    &[0x1F1E8, 0x1F1F0],
    &[0x1F1E8, 0x1F1F1],
    &[0x1F1E8, 0x1F1F2],
    &[0x1F1E8, 0x1F1F3],
    &[0x1F1E8, 0x1F1F4],
    &[0x1F1E8, 0x1F1F5],
    &[0x1F1E8, 0x1F1F6],
    &[0x1F1E8, 0x1F1F7],
    &[0x1F1E8, 0x1F1FA],
    &[0x1F1E8, 0x1F1FB],
    &[0x1F1E8, 0x1F1FC],
    &[0x1F1E8, 0x1F1FD],
    &[0x1F1E8, 0x1F1FE],
    &[0x1F1E8, 0x1F1FF],
    &[0x1F1E9, 0x1F1EA],
    &[0x1F1E9, 0x1F1EC],
    &[0x1F1E9, 0x1F1EF],
    &[0x1F1E9, 0x1F1F0],
    &[0x1F1E9, 0x1F1F2],
    &[0x1F1E9, 0x1F1F4],
    &[0x1F1E9, 0x1F1FF],
    &[0x1F1EA, 0x1F1E6],
    &[0x1F1EA, 0x1F1E8],
    &[0x1F1EA, 0x1F1EA],
    &[0x1F1EA, 0x1F1EC],
    &[0x1F1EA, 0x1F1ED],
    &[0x1F1EA, 0x1F1F7],
    &[0x1F1EA, 0x1F1F8],
    &[0x1F1EA, 0x1F1F9],
    &[0x1F1EA, 0x1F1FA],
    &[0x1F1EB, 0x1F1EE],
    &[0x1F1EB, 0x1F1EF],
    &[0x1F1EB, 0x1F1F0],
    &[0x1F1EB, 0x1F1F2],
    &[0x1F1EB, 0x1F1F4],
    &[0x1F1EB, 0x1F1F7],
    &[0x1F1EC, 0x1F1E6],
    &[0x1F1EC, 0x1F1E7],
    &[0x1F1EC, 0x1F1E9],
    &[0x1F1EC, 0x1F1EA],
    &[0x1F1EC, 0x1F1EB],
    &[0x1F1EC, 0x1F1EC],
    &[0x1F1EC, 0x1F1ED],
    &[0x1F1EC, 0x1F1EE],
    &[0x1F1EC, 0x1F1F1],
    &[0x1F1EC, 0x1F1F2],
    &[0x1F1EC, 0x1F1F3],
    &[0x1F1EC, 0x1F1F5],
    &[0x1F1EC, 0x1F1F6],
    &[0x1F1EC, 0x1F1F7],
    &[0x1F1EC, 0x1F1F8],
    &[0x1F1EC, 0x1F1F9],
    &[0x1F1EC, 0x1F1FA],
    &[0x1F1EC, 0x1F1FC],
    &[0x1F1EC, 0x1F1FE],
    &[0x1F1ED, 0x1F1F0],
    &[0x1F1ED, 0x1F1F2],
    &[0x1F1ED, 0x1F1F3],
    &[0x1F1ED, 0x1F1F7],
    &[0x1F1ED, 0x1F1F9],
    &[0x1F1ED, 0x1F1FA],
    &[0x1F1EE, 0x1F1E8],
    &[0x1F1EE, 0x1F1E9],
    &[0x1F1EE, 0x1F1EA],
    &[0x1F1EE, 0x1F1F1],
    &[0x1F1EE, 0x1F1F2],
    &[0x1F1EE, 0x1F1F3],
    &[0x1F1EE, 0x1F1F4],
    &[0x1F1EE, 0x1F1F6],
    &[0x1F1EE, 0x1F1F7],
    &[0x1F1EE, 0x1F1F8],
    &[0x1F1EE, 0x1F1F9],
    &[0x1F1EF, 0x1F1EA],
    &[0x1F1EF, 0x1F1F2],
    &[0x1F1EF, 0x1F1F4],
    &[0x1F1EF, 0x1F1F5],
    &[0x1F1F0, 0x1F1EA],
    &[0x1F1F0, 0x1F1EC],
    &[0x1F1F0, 0x1F1ED],
    &[0x1F1F0, 0x1F1EE],
    &[0x1F1F0, 0x1F1F2],
    &[0x1F1F0, 0x1F1F3],
    &[0x1F1F0, 0x1F1F5],
    &[0x1F1F0, 0x1F1F7],
    &[0x1F1F0, 0x1F1FC],
    &[0x1F1F0, 0x1F1FE],
    &[0x1F1F0, 0x1F1FF],
    &[0x1F1F1, 0x1F1E6],
    &[0x1F1F1, 0x1F1E7],
    &[0x1F1F1, 0x1F1E8],
    &[0x1F1F1, 0x1F1EE],
    &[0x1F1F1, 0x1F1F0],
    &[0x1F1F1, 0x1F1F7],
    &[0x1F1F1, 0x1F1F8],
    &[0x1F1F1, 0x1F1F9],
    &[0x1F1F1, 0x1F1FA],
    &[0x1F1F1, 0x1F1FB],
    &[0x1F1F1, 0x1F1FE],
    &[0x1F1F2, 0x1F1E6],
    &[0x1F1F2, 0x1F1E8],
    &[0x1F1F2, 0x1F1E9],
    &[0x1F1F2, 0x1F1EA],
    &[0x1F1F2, 0x1F1EB],
    &[0x1F1F2, 0x1F1EC],
    &[0x1F1F2, 0x1F1ED],
    &[0x1F1F2, 0x1F1F0],
    &[0x1F1F2, 0x1F1F1],
    &[0x1F1F2, 0x1F1F2],
    &[0x1F1F2, 0x1F1F3],
    &[0x1F1F2, 0x1F1F4],
    &[0x1F1F2, 0x1F1F5],
    &[0x1F1F2, 0x1F1F6],
    &[0x1F1F2, 0x1F1F7],
    &[0x1F1F2, 0x1F1F8],
    &[0x1F1F2, 0x1F1F9],
    &[0x1F1F2, 0x1F1FA],
    &[0x1F1F2, 0x1F1FB],
    &[0x1F1F2, 0x1F1FC],
    &[0x1F1F2, 0x1F1FD],
    &[0x1F1F2, 0x1F1FE],
    &[0x1F1F2, 0x1F1FF],
    &[0x1F1F3, 0x1F1E6],
    &[0x1F1F3, 0x1F1E8],
    &[0x1F1F3, 0x1F1EA],
    &[0x1F1F3, 0x1F1EB],
    &[0x1F1F3, 0x1F1EC],
    &[0x1F1F3, 0x1F1EE],
    &[0x1F1F3, 0x1F1F1],
    &[0x1F1F3, 0x1F1F4],
    &[0x1F1F3, 0x1F1F5],
    &[0x1F1F3, 0x1F1F7],
    &[0x1F1F3, 0x1F1FA],
    &[0x1F1F3, 0x1F1FF],
    &[0x1F1F4, 0x1F1F2],
    &[0x1F1F5, 0x1F1E6],
    &[0x1F1F5, 0x1F1EA],
    &[0x1F1F5, 0x1F1EB],
    &[0x1F1F5, 0x1F1EC],
    &[0x1F1F5, 0x1F1ED],
    &[0x1F1F5, 0x1F1F0],
    &[0x1F1F5, 0x1F1F1],
    &[0x1F1F5, 0x1F1F2],
    &[0x1F1F5, 0x1F1F3],
    &[0x1F1F5, 0x1F1F7],
    &[0x1F1F5, 0x1F1F8],
    &[0x1F1F5, 0x1F1F9],
    &[0x1F1F5, 0x1F1FC],
    &[0x1F1F5, 0x1F1FE],
    &[0x1F1F6, 0x1F1E6],
    &[0x1F1F7, 0x1F1EA],
    &[0x1F1F7, 0x1F1F4],
    &[0x1F1F7, 0x1F1F8],
    &[0x1F1F7, 0x1F1FA],
    &[0x1F1F7, 0x1F1FC],
    &[0x1F1F8, 0x1F1E6],
    &[0x1F1F8, 0x1F1E7],
    &[0x1F1F8, 0x1F1E8],
    &[0x1F1F8, 0x1F1E9],
    &[0x1F1F8, 0x1F1EA],
    &[0x1F1F8, 0x1F1EC],
    &[0x1F1F8, 0x1F1ED],
    &[0x1F1F8, 0x1F1EE],
    &[0x1F1F8, 0x1F1EF],
    &[0x1F1F8, 0x1F1F0],
    &[0x1F1F8, 0x1F1F1],
    &[0x1F1F8, 0x1F1F2],
    &[0x1F1F8, 0x1F1F3],
    &[0x1F1F8, 0x1F1F4],
    &[0x1F1F8, 0x1F1F7],
    &[0x1F1F8, 0x1F1F8],
    &[0x1F1F8, 0x1F1F9],
    &[0x1F1F8, 0x1F1FB],
    &[0x1F1F8, 0x1F1FD],
    &[0x1F1F8, 0x1F1FE],
    &[0x1F1F8, 0x1F1FF],
    &[0x1F1F9, 0x1F1E6],
    &[0x1F1F9, 0x1F1E8],
    &[0x1F1F9, 0x1F1E9],
    &[0x1F1F9, 0x1F1EB],
    &[0x1F1F9, 0x1F1EC],
    &[0x1F1F9, 0x1F1ED],
    &[0x1F1F9, 0x1F1EF],
    &[0x1F1F9, 0x1F1F0],
    &[0x1F1F9, 0x1F1F1],
    &[0x1F1F9, 0x1F1F2],
    &[0x1F1F9, 0x1F1F3],
    &[0x1F1F9, 0x1F1F4],
    &[0x1F1F9, 0x1F1F7],
    &[0x1F1F9, 0x1F1F9],
    &[0x1F1F9, 0x1F1FB],
    &[0x1F1F9, 0x1F1FC],
    &[0x1F1F9, 0x1F1FF],
    &[0x1F1FA, 0x1F1E6],
    &[0x1F1FA, 0x1F1EC],
    &[0x1F1FA, 0x1F1F2],
    &[0x1F1FA, 0x1F1F3],
    &[0x1F1FA, 0x1F1F8],
    &[0x1F1FA, 0x1F1FE],
    &[0x1F1FA, 0x1F1FF],
    &[0x1F1FB, 0x1F1E6],
    &[0x1F1FB, 0x1F1E8],
    &[0x1F1FB, 0x1F1EA],
    &[0x1F1FB, 0x1F1EC],
    &[0x1F1FB, 0x1F1EE],
    &[0x1F1FB, 0x1F1F3],
    &[0x1F1FB, 0x1F1FA],
    &[0x1F1FC, 0x1F1EB],
    &[0x1F1FC, 0x1F1F8],
    &[0x1F1FD, 0x1F1F0],
    &[0x1F1FE, 0x1F1EA],
    &[0x1F1FE, 0x1F1F9],
    &[0x1F1FF, 0x1F1E6],
    &[0x1F1FF, 0x1F1F2],
    &[0x1F1FF, 0x1F1FC],
];

/// `\p{RGI_Emoji_Modifier_Sequence}` string set (from the test262 fixtures).
pub const RGI_EMOJI_MODIFIER_SEQUENCE: &[&[u32]] = &[
    &[0x261D, 0x1F3FB],
    &[0x261D, 0x1F3FC],
    &[0x261D, 0x1F3FD],
    &[0x261D, 0x1F3FE],
    &[0x261D, 0x1F3FF],
    &[0x26F9, 0x1F3FB],
    &[0x26F9, 0x1F3FC],
    &[0x26F9, 0x1F3FD],
    &[0x26F9, 0x1F3FE],
    &[0x26F9, 0x1F3FF],
    &[0x270A, 0x1F3FB],
    &[0x270A, 0x1F3FC],
    &[0x270A, 0x1F3FD],
    &[0x270A, 0x1F3FE],
    &[0x270A, 0x1F3FF],
    &[0x270B, 0x1F3FB],
    &[0x270B, 0x1F3FC],
    &[0x270B, 0x1F3FD],
    &[0x270B, 0x1F3FE],
    &[0x270B, 0x1F3FF],
    &[0x270C, 0x1F3FB],
    &[0x270C, 0x1F3FC],
    &[0x270C, 0x1F3FD],
    &[0x270C, 0x1F3FE],
    &[0x270C, 0x1F3FF],
    &[0x270D, 0x1F3FB],
    &[0x270D, 0x1F3FC],
    &[0x270D, 0x1F3FD],
    &[0x270D, 0x1F3FE],
    &[0x270D, 0x1F3FF],
    &[0x1F385, 0x1F3FB],
    &[0x1F385, 0x1F3FC],
    &[0x1F385, 0x1F3FD],
    &[0x1F385, 0x1F3FE],
    &[0x1F385, 0x1F3FF],
    &[0x1F3C2, 0x1F3FB],
    &[0x1F3C2, 0x1F3FC],
    &[0x1F3C2, 0x1F3FD],
    &[0x1F3C2, 0x1F3FE],
    &[0x1F3C2, 0x1F3FF],
    &[0x1F3C3, 0x1F3FB],
    &[0x1F3C3, 0x1F3FC],
    &[0x1F3C3, 0x1F3FD],
    &[0x1F3C3, 0x1F3FE],
    &[0x1F3C3, 0x1F3FF],
    &[0x1F3C4, 0x1F3FB],
    &[0x1F3C4, 0x1F3FC],
    &[0x1F3C4, 0x1F3FD],
    &[0x1F3C4, 0x1F3FE],
    &[0x1F3C4, 0x1F3FF],
    &[0x1F3C7, 0x1F3FB],
    &[0x1F3C7, 0x1F3FC],
    &[0x1F3C7, 0x1F3FD],
    &[0x1F3C7, 0x1F3FE],
    &[0x1F3C7, 0x1F3FF],
    &[0x1F3CA, 0x1F3FB],
    &[0x1F3CA, 0x1F3FC],
    &[0x1F3CA, 0x1F3FD],
    &[0x1F3CA, 0x1F3FE],
    &[0x1F3CA, 0x1F3FF],
    &[0x1F3CB, 0x1F3FB],
    &[0x1F3CB, 0x1F3FC],
    &[0x1F3CB, 0x1F3FD],
    &[0x1F3CB, 0x1F3FE],
    &[0x1F3CB, 0x1F3FF],
    &[0x1F3CC, 0x1F3FB],
    &[0x1F3CC, 0x1F3FC],
    &[0x1F3CC, 0x1F3FD],
    &[0x1F3CC, 0x1F3FE],
    &[0x1F3CC, 0x1F3FF],
    &[0x1F442, 0x1F3FB],
    &[0x1F442, 0x1F3FC],
    &[0x1F442, 0x1F3FD],
    &[0x1F442, 0x1F3FE],
    &[0x1F442, 0x1F3FF],
    &[0x1F443, 0x1F3FB],
    &[0x1F443, 0x1F3FC],
    &[0x1F443, 0x1F3FD],
    &[0x1F443, 0x1F3FE],
    &[0x1F443, 0x1F3FF],
    &[0x1F446, 0x1F3FB],
    &[0x1F446, 0x1F3FC],
    &[0x1F446, 0x1F3FD],
    &[0x1F446, 0x1F3FE],
    &[0x1F446, 0x1F3FF],
    &[0x1F447, 0x1F3FB],
    &[0x1F447, 0x1F3FC],
    &[0x1F447, 0x1F3FD],
    &[0x1F447, 0x1F3FE],
    &[0x1F447, 0x1F3FF],
    &[0x1F448, 0x1F3FB],
    &[0x1F448, 0x1F3FC],
    &[0x1F448, 0x1F3FD],
    &[0x1F448, 0x1F3FE],
    &[0x1F448, 0x1F3FF],
    &[0x1F449, 0x1F3FB],
    &[0x1F449, 0x1F3FC],
    &[0x1F449, 0x1F3FD],
    &[0x1F449, 0x1F3FE],
    &[0x1F449, 0x1F3FF],
    &[0x1F44A, 0x1F3FB],
    &[0x1F44A, 0x1F3FC],
    &[0x1F44A, 0x1F3FD],
    &[0x1F44A, 0x1F3FE],
    &[0x1F44A, 0x1F3FF],
    &[0x1F44B, 0x1F3FB],
    &[0x1F44B, 0x1F3FC],
    &[0x1F44B, 0x1F3FD],
    &[0x1F44B, 0x1F3FE],
    &[0x1F44B, 0x1F3FF],
    &[0x1F44C, 0x1F3FB],
    &[0x1F44C, 0x1F3FC],
    &[0x1F44C, 0x1F3FD],
    &[0x1F44C, 0x1F3FE],
    &[0x1F44C, 0x1F3FF],
    &[0x1F44D, 0x1F3FB],
    &[0x1F44D, 0x1F3FC],
    &[0x1F44D, 0x1F3FD],
    &[0x1F44D, 0x1F3FE],
    &[0x1F44D, 0x1F3FF],
    &[0x1F44E, 0x1F3FB],
    &[0x1F44E, 0x1F3FC],
    &[0x1F44E, 0x1F3FD],
    &[0x1F44E, 0x1F3FE],
    &[0x1F44E, 0x1F3FF],
    &[0x1F44F, 0x1F3FB],
    &[0x1F44F, 0x1F3FC],
    &[0x1F44F, 0x1F3FD],
    &[0x1F44F, 0x1F3FE],
    &[0x1F44F, 0x1F3FF],
    &[0x1F450, 0x1F3FB],
    &[0x1F450, 0x1F3FC],
    &[0x1F450, 0x1F3FD],
    &[0x1F450, 0x1F3FE],
    &[0x1F450, 0x1F3FF],
    &[0x1F466, 0x1F3FB],
    &[0x1F466, 0x1F3FC],
    &[0x1F466, 0x1F3FD],
    &[0x1F466, 0x1F3FE],
    &[0x1F466, 0x1F3FF],
    &[0x1F467, 0x1F3FB],
    &[0x1F467, 0x1F3FC],
    &[0x1F467, 0x1F3FD],
    &[0x1F467, 0x1F3FE],
    &[0x1F467, 0x1F3FF],
    &[0x1F468, 0x1F3FB],
    &[0x1F468, 0x1F3FC],
    &[0x1F468, 0x1F3FD],
    &[0x1F468, 0x1F3FE],
    &[0x1F468, 0x1F3FF],
    &[0x1F469, 0x1F3FB],
    &[0x1F469, 0x1F3FC],
    &[0x1F469, 0x1F3FD],
    &[0x1F469, 0x1F3FE],
    &[0x1F469, 0x1F3FF],
    &[0x1F46B, 0x1F3FB],
    &[0x1F46B, 0x1F3FC],
    &[0x1F46B, 0x1F3FD],
    &[0x1F46B, 0x1F3FE],
    &[0x1F46B, 0x1F3FF],
    &[0x1F46C, 0x1F3FB],
    &[0x1F46C, 0x1F3FC],
    &[0x1F46C, 0x1F3FD],
    &[0x1F46C, 0x1F3FE],
    &[0x1F46C, 0x1F3FF],
    &[0x1F46D, 0x1F3FB],
    &[0x1F46D, 0x1F3FC],
    &[0x1F46D, 0x1F3FD],
    &[0x1F46D, 0x1F3FE],
    &[0x1F46D, 0x1F3FF],
    &[0x1F46E, 0x1F3FB],
    &[0x1F46E, 0x1F3FC],
    &[0x1F46E, 0x1F3FD],
    &[0x1F46E, 0x1F3FE],
    &[0x1F46E, 0x1F3FF],
    &[0x1F46F, 0x1F3FB],
    &[0x1F46F, 0x1F3FC],
    &[0x1F46F, 0x1F3FD],
    &[0x1F46F, 0x1F3FE],
    &[0x1F46F, 0x1F3FF],
    &[0x1F470, 0x1F3FB],
    &[0x1F470, 0x1F3FC],
    &[0x1F470, 0x1F3FD],
    &[0x1F470, 0x1F3FE],
    &[0x1F470, 0x1F3FF],
    &[0x1F471, 0x1F3FB],
    &[0x1F471, 0x1F3FC],
    &[0x1F471, 0x1F3FD],
    &[0x1F471, 0x1F3FE],
    &[0x1F471, 0x1F3FF],
    &[0x1F472, 0x1F3FB],
    &[0x1F472, 0x1F3FC],
    &[0x1F472, 0x1F3FD],
    &[0x1F472, 0x1F3FE],
    &[0x1F472, 0x1F3FF],
    &[0x1F473, 0x1F3FB],
    &[0x1F473, 0x1F3FC],
    &[0x1F473, 0x1F3FD],
    &[0x1F473, 0x1F3FE],
    &[0x1F473, 0x1F3FF],
    &[0x1F474, 0x1F3FB],
    &[0x1F474, 0x1F3FC],
    &[0x1F474, 0x1F3FD],
    &[0x1F474, 0x1F3FE],
    &[0x1F474, 0x1F3FF],
    &[0x1F475, 0x1F3FB],
    &[0x1F475, 0x1F3FC],
    &[0x1F475, 0x1F3FD],
    &[0x1F475, 0x1F3FE],
    &[0x1F475, 0x1F3FF],
    &[0x1F476, 0x1F3FB],
    &[0x1F476, 0x1F3FC],
    &[0x1F476, 0x1F3FD],
    &[0x1F476, 0x1F3FE],
    &[0x1F476, 0x1F3FF],
    &[0x1F477, 0x1F3FB],
    &[0x1F477, 0x1F3FC],
    &[0x1F477, 0x1F3FD],
    &[0x1F477, 0x1F3FE],
    &[0x1F477, 0x1F3FF],
    &[0x1F478, 0x1F3FB],
    &[0x1F478, 0x1F3FC],
    &[0x1F478, 0x1F3FD],
    &[0x1F478, 0x1F3FE],
    &[0x1F478, 0x1F3FF],
    &[0x1F47C, 0x1F3FB],
    &[0x1F47C, 0x1F3FC],
    &[0x1F47C, 0x1F3FD],
    &[0x1F47C, 0x1F3FE],
    &[0x1F47C, 0x1F3FF],
    &[0x1F481, 0x1F3FB],
    &[0x1F481, 0x1F3FC],
    &[0x1F481, 0x1F3FD],
    &[0x1F481, 0x1F3FE],
    &[0x1F481, 0x1F3FF],
    &[0x1F482, 0x1F3FB],
    &[0x1F482, 0x1F3FC],
    &[0x1F482, 0x1F3FD],
    &[0x1F482, 0x1F3FE],
    &[0x1F482, 0x1F3FF],
    &[0x1F483, 0x1F3FB],
    &[0x1F483, 0x1F3FC],
    &[0x1F483, 0x1F3FD],
    &[0x1F483, 0x1F3FE],
    &[0x1F483, 0x1F3FF],
    &[0x1F485, 0x1F3FB],
    &[0x1F485, 0x1F3FC],
    &[0x1F485, 0x1F3FD],
    &[0x1F485, 0x1F3FE],
    &[0x1F485, 0x1F3FF],
    &[0x1F486, 0x1F3FB],
    &[0x1F486, 0x1F3FC],
    &[0x1F486, 0x1F3FD],
    &[0x1F486, 0x1F3FE],
    &[0x1F486, 0x1F3FF],
    &[0x1F487, 0x1F3FB],
    &[0x1F487, 0x1F3FC],
    &[0x1F487, 0x1F3FD],
    &[0x1F487, 0x1F3FE],
    &[0x1F487, 0x1F3FF],
    &[0x1F48F, 0x1F3FB],
    &[0x1F48F, 0x1F3FC],
    &[0x1F48F, 0x1F3FD],
    &[0x1F48F, 0x1F3FE],
    &[0x1F48F, 0x1F3FF],
    &[0x1F491, 0x1F3FB],
    &[0x1F491, 0x1F3FC],
    &[0x1F491, 0x1F3FD],
    &[0x1F491, 0x1F3FE],
    &[0x1F491, 0x1F3FF],
    &[0x1F4AA, 0x1F3FB],
    &[0x1F4AA, 0x1F3FC],
    &[0x1F4AA, 0x1F3FD],
    &[0x1F4AA, 0x1F3FE],
    &[0x1F4AA, 0x1F3FF],
    &[0x1F574, 0x1F3FB],
    &[0x1F574, 0x1F3FC],
    &[0x1F574, 0x1F3FD],
    &[0x1F574, 0x1F3FE],
    &[0x1F574, 0x1F3FF],
    &[0x1F575, 0x1F3FB],
    &[0x1F575, 0x1F3FC],
    &[0x1F575, 0x1F3FD],
    &[0x1F575, 0x1F3FE],
    &[0x1F575, 0x1F3FF],
    &[0x1F57A, 0x1F3FB],
    &[0x1F57A, 0x1F3FC],
    &[0x1F57A, 0x1F3FD],
    &[0x1F57A, 0x1F3FE],
    &[0x1F57A, 0x1F3FF],
    &[0x1F590, 0x1F3FB],
    &[0x1F590, 0x1F3FC],
    &[0x1F590, 0x1F3FD],
    &[0x1F590, 0x1F3FE],
    &[0x1F590, 0x1F3FF],
    &[0x1F595, 0x1F3FB],
    &[0x1F595, 0x1F3FC],
    &[0x1F595, 0x1F3FD],
    &[0x1F595, 0x1F3FE],
    &[0x1F595, 0x1F3FF],
    &[0x1F596, 0x1F3FB],
    &[0x1F596, 0x1F3FC],
    &[0x1F596, 0x1F3FD],
    &[0x1F596, 0x1F3FE],
    &[0x1F596, 0x1F3FF],
    &[0x1F645, 0x1F3FB],
    &[0x1F645, 0x1F3FC],
    &[0x1F645, 0x1F3FD],
    &[0x1F645, 0x1F3FE],
    &[0x1F645, 0x1F3FF],
    &[0x1F646, 0x1F3FB],
    &[0x1F646, 0x1F3FC],
    &[0x1F646, 0x1F3FD],
    &[0x1F646, 0x1F3FE],
    &[0x1F646, 0x1F3FF],
    &[0x1F647, 0x1F3FB],
    &[0x1F647, 0x1F3FC],
    &[0x1F647, 0x1F3FD],
    &[0x1F647, 0x1F3FE],
    &[0x1F647, 0x1F3FF],
    &[0x1F64B, 0x1F3FB],
    &[0x1F64B, 0x1F3FC],
    &[0x1F64B, 0x1F3FD],
    &[0x1F64B, 0x1F3FE],
    &[0x1F64B, 0x1F3FF],
    &[0x1F64C, 0x1F3FB],
    &[0x1F64C, 0x1F3FC],
    &[0x1F64C, 0x1F3FD],
    &[0x1F64C, 0x1F3FE],
    &[0x1F64C, 0x1F3FF],
    &[0x1F64D, 0x1F3FB],
    &[0x1F64D, 0x1F3FC],
    &[0x1F64D, 0x1F3FD],
    &[0x1F64D, 0x1F3FE],
    &[0x1F64D, 0x1F3FF],
    &[0x1F64E, 0x1F3FB],
    &[0x1F64E, 0x1F3FC],
    &[0x1F64E, 0x1F3FD],
    &[0x1F64E, 0x1F3FE],
    &[0x1F64E, 0x1F3FF],
    &[0x1F64F, 0x1F3FB],
    &[0x1F64F, 0x1F3FC],
    &[0x1F64F, 0x1F3FD],
    &[0x1F64F, 0x1F3FE],
    &[0x1F64F, 0x1F3FF],
    &[0x1F6A3, 0x1F3FB],
    &[0x1F6A3, 0x1F3FC],
    &[0x1F6A3, 0x1F3FD],
    &[0x1F6A3, 0x1F3FE],
    &[0x1F6A3, 0x1F3FF],
    &[0x1F6B4, 0x1F3FB],
    &[0x1F6B4, 0x1F3FC],
    &[0x1F6B4, 0x1F3FD],
    &[0x1F6B4, 0x1F3FE],
    &[0x1F6B4, 0x1F3FF],
    &[0x1F6B5, 0x1F3FB],
    &[0x1F6B5, 0x1F3FC],
    &[0x1F6B5, 0x1F3FD],
    &[0x1F6B5, 0x1F3FE],
    &[0x1F6B5, 0x1F3FF],
    &[0x1F6B6, 0x1F3FB],
    &[0x1F6B6, 0x1F3FC],
    &[0x1F6B6, 0x1F3FD],
    &[0x1F6B6, 0x1F3FE],
    &[0x1F6B6, 0x1F3FF],
    &[0x1F6C0, 0x1F3FB],
    &[0x1F6C0, 0x1F3FC],
    &[0x1F6C0, 0x1F3FD],
    &[0x1F6C0, 0x1F3FE],
    &[0x1F6C0, 0x1F3FF],
    &[0x1F6CC, 0x1F3FB],
    &[0x1F6CC, 0x1F3FC],
    &[0x1F6CC, 0x1F3FD],
    &[0x1F6CC, 0x1F3FE],
    &[0x1F6CC, 0x1F3FF],
    &[0x1F90C, 0x1F3FB],
    &[0x1F90C, 0x1F3FC],
    &[0x1F90C, 0x1F3FD],
    &[0x1F90C, 0x1F3FE],
    &[0x1F90C, 0x1F3FF],
    &[0x1F90F, 0x1F3FB],
    &[0x1F90F, 0x1F3FC],
    &[0x1F90F, 0x1F3FD],
    &[0x1F90F, 0x1F3FE],
    &[0x1F90F, 0x1F3FF],
    &[0x1F918, 0x1F3FB],
    &[0x1F918, 0x1F3FC],
    &[0x1F918, 0x1F3FD],
    &[0x1F918, 0x1F3FE],
    &[0x1F918, 0x1F3FF],
    &[0x1F919, 0x1F3FB],
    &[0x1F919, 0x1F3FC],
    &[0x1F919, 0x1F3FD],
    &[0x1F919, 0x1F3FE],
    &[0x1F919, 0x1F3FF],
    &[0x1F91A, 0x1F3FB],
    &[0x1F91A, 0x1F3FC],
    &[0x1F91A, 0x1F3FD],
    &[0x1F91A, 0x1F3FE],
    &[0x1F91A, 0x1F3FF],
    &[0x1F91B, 0x1F3FB],
    &[0x1F91B, 0x1F3FC],
    &[0x1F91B, 0x1F3FD],
    &[0x1F91B, 0x1F3FE],
    &[0x1F91B, 0x1F3FF],
    &[0x1F91C, 0x1F3FB],
    &[0x1F91C, 0x1F3FC],
    &[0x1F91C, 0x1F3FD],
    &[0x1F91C, 0x1F3FE],
    &[0x1F91C, 0x1F3FF],
    &[0x1F91D, 0x1F3FB],
    &[0x1F91D, 0x1F3FC],
    &[0x1F91D, 0x1F3FD],
    &[0x1F91D, 0x1F3FE],
    &[0x1F91D, 0x1F3FF],
    &[0x1F91E, 0x1F3FB],
    &[0x1F91E, 0x1F3FC],
    &[0x1F91E, 0x1F3FD],
    &[0x1F91E, 0x1F3FE],
    &[0x1F91E, 0x1F3FF],
    &[0x1F91F, 0x1F3FB],
    &[0x1F91F, 0x1F3FC],
    &[0x1F91F, 0x1F3FD],
    &[0x1F91F, 0x1F3FE],
    &[0x1F91F, 0x1F3FF],
    &[0x1F926, 0x1F3FB],
    &[0x1F926, 0x1F3FC],
    &[0x1F926, 0x1F3FD],
    &[0x1F926, 0x1F3FE],
    &[0x1F926, 0x1F3FF],
    &[0x1F930, 0x1F3FB],
    &[0x1F930, 0x1F3FC],
    &[0x1F930, 0x1F3FD],
    &[0x1F930, 0x1F3FE],
    &[0x1F930, 0x1F3FF],
    &[0x1F931, 0x1F3FB],
    &[0x1F931, 0x1F3FC],
    &[0x1F931, 0x1F3FD],
    &[0x1F931, 0x1F3FE],
    &[0x1F931, 0x1F3FF],
    &[0x1F932, 0x1F3FB],
    &[0x1F932, 0x1F3FC],
    &[0x1F932, 0x1F3FD],
    &[0x1F932, 0x1F3FE],
    &[0x1F932, 0x1F3FF],
    &[0x1F933, 0x1F3FB],
    &[0x1F933, 0x1F3FC],
    &[0x1F933, 0x1F3FD],
    &[0x1F933, 0x1F3FE],
    &[0x1F933, 0x1F3FF],
    &[0x1F934, 0x1F3FB],
    &[0x1F934, 0x1F3FC],
    &[0x1F934, 0x1F3FD],
    &[0x1F934, 0x1F3FE],
    &[0x1F934, 0x1F3FF],
    &[0x1F935, 0x1F3FB],
    &[0x1F935, 0x1F3FC],
    &[0x1F935, 0x1F3FD],
    &[0x1F935, 0x1F3FE],
    &[0x1F935, 0x1F3FF],
    &[0x1F936, 0x1F3FB],
    &[0x1F936, 0x1F3FC],
    &[0x1F936, 0x1F3FD],
    &[0x1F936, 0x1F3FE],
    &[0x1F936, 0x1F3FF],
    &[0x1F937, 0x1F3FB],
    &[0x1F937, 0x1F3FC],
    &[0x1F937, 0x1F3FD],
    &[0x1F937, 0x1F3FE],
    &[0x1F937, 0x1F3FF],
    &[0x1F938, 0x1F3FB],
    &[0x1F938, 0x1F3FC],
    &[0x1F938, 0x1F3FD],
    &[0x1F938, 0x1F3FE],
    &[0x1F938, 0x1F3FF],
    &[0x1F939, 0x1F3FB],
    &[0x1F939, 0x1F3FC],
    &[0x1F939, 0x1F3FD],
    &[0x1F939, 0x1F3FE],
    &[0x1F939, 0x1F3FF],
    &[0x1F93C, 0x1F3FB],
    &[0x1F93C, 0x1F3FC],
    &[0x1F93C, 0x1F3FD],
    &[0x1F93C, 0x1F3FE],
    &[0x1F93C, 0x1F3FF],
    &[0x1F93D, 0x1F3FB],
    &[0x1F93D, 0x1F3FC],
    &[0x1F93D, 0x1F3FD],
    &[0x1F93D, 0x1F3FE],
    &[0x1F93D, 0x1F3FF],
    &[0x1F93E, 0x1F3FB],
    &[0x1F93E, 0x1F3FC],
    &[0x1F93E, 0x1F3FD],
    &[0x1F93E, 0x1F3FE],
    &[0x1F93E, 0x1F3FF],
    &[0x1F977, 0x1F3FB],
    &[0x1F977, 0x1F3FC],
    &[0x1F977, 0x1F3FD],
    &[0x1F977, 0x1F3FE],
    &[0x1F977, 0x1F3FF],
    &[0x1F9B5, 0x1F3FB],
    &[0x1F9B5, 0x1F3FC],
    &[0x1F9B5, 0x1F3FD],
    &[0x1F9B5, 0x1F3FE],
    &[0x1F9B5, 0x1F3FF],
    &[0x1F9B6, 0x1F3FB],
    &[0x1F9B6, 0x1F3FC],
    &[0x1F9B6, 0x1F3FD],
    &[0x1F9B6, 0x1F3FE],
    &[0x1F9B6, 0x1F3FF],
    &[0x1F9B8, 0x1F3FB],
    &[0x1F9B8, 0x1F3FC],
    &[0x1F9B8, 0x1F3FD],
    &[0x1F9B8, 0x1F3FE],
    &[0x1F9B8, 0x1F3FF],
    &[0x1F9B9, 0x1F3FB],
    &[0x1F9B9, 0x1F3FC],
    &[0x1F9B9, 0x1F3FD],
    &[0x1F9B9, 0x1F3FE],
    &[0x1F9B9, 0x1F3FF],
    &[0x1F9BB, 0x1F3FB],
    &[0x1F9BB, 0x1F3FC],
    &[0x1F9BB, 0x1F3FD],
    &[0x1F9BB, 0x1F3FE],
    &[0x1F9BB, 0x1F3FF],
    &[0x1F9CD, 0x1F3FB],
    &[0x1F9CD, 0x1F3FC],
    &[0x1F9CD, 0x1F3FD],
    &[0x1F9CD, 0x1F3FE],
    &[0x1F9CD, 0x1F3FF],
    &[0x1F9CE, 0x1F3FB],
    &[0x1F9CE, 0x1F3FC],
    &[0x1F9CE, 0x1F3FD],
    &[0x1F9CE, 0x1F3FE],
    &[0x1F9CE, 0x1F3FF],
    &[0x1F9CF, 0x1F3FB],
    &[0x1F9CF, 0x1F3FC],
    &[0x1F9CF, 0x1F3FD],
    &[0x1F9CF, 0x1F3FE],
    &[0x1F9CF, 0x1F3FF],
    &[0x1F9D1, 0x1F3FB],
    &[0x1F9D1, 0x1F3FC],
    &[0x1F9D1, 0x1F3FD],
    &[0x1F9D1, 0x1F3FE],
    &[0x1F9D1, 0x1F3FF],
    &[0x1F9D2, 0x1F3FB],
    &[0x1F9D2, 0x1F3FC],
    &[0x1F9D2, 0x1F3FD],
    &[0x1F9D2, 0x1F3FE],
    &[0x1F9D2, 0x1F3FF],
    &[0x1F9D3, 0x1F3FB],
    &[0x1F9D3, 0x1F3FC],
    &[0x1F9D3, 0x1F3FD],
    &[0x1F9D3, 0x1F3FE],
    &[0x1F9D3, 0x1F3FF],
    &[0x1F9D4, 0x1F3FB],
    &[0x1F9D4, 0x1F3FC],
    &[0x1F9D4, 0x1F3FD],
    &[0x1F9D4, 0x1F3FE],
    &[0x1F9D4, 0x1F3FF],
    &[0x1F9D5, 0x1F3FB],
    &[0x1F9D5, 0x1F3FC],
    &[0x1F9D5, 0x1F3FD],
    &[0x1F9D5, 0x1F3FE],
    &[0x1F9D5, 0x1F3FF],
    &[0x1F9D6, 0x1F3FB],
    &[0x1F9D6, 0x1F3FC],
    &[0x1F9D6, 0x1F3FD],
    &[0x1F9D6, 0x1F3FE],
    &[0x1F9D6, 0x1F3FF],
    &[0x1F9D7, 0x1F3FB],
    &[0x1F9D7, 0x1F3FC],
    &[0x1F9D7, 0x1F3FD],
    &[0x1F9D7, 0x1F3FE],
    &[0x1F9D7, 0x1F3FF],
    &[0x1F9D8, 0x1F3FB],
    &[0x1F9D8, 0x1F3FC],
    &[0x1F9D8, 0x1F3FD],
    &[0x1F9D8, 0x1F3FE],
    &[0x1F9D8, 0x1F3FF],
    &[0x1F9D9, 0x1F3FB],
    &[0x1F9D9, 0x1F3FC],
    &[0x1F9D9, 0x1F3FD],
    &[0x1F9D9, 0x1F3FE],
    &[0x1F9D9, 0x1F3FF],
    &[0x1F9DA, 0x1F3FB],
    &[0x1F9DA, 0x1F3FC],
    &[0x1F9DA, 0x1F3FD],
    &[0x1F9DA, 0x1F3FE],
    &[0x1F9DA, 0x1F3FF],
    &[0x1F9DB, 0x1F3FB],
    &[0x1F9DB, 0x1F3FC],
    &[0x1F9DB, 0x1F3FD],
    &[0x1F9DB, 0x1F3FE],
    &[0x1F9DB, 0x1F3FF],
    &[0x1F9DC, 0x1F3FB],
    &[0x1F9DC, 0x1F3FC],
    &[0x1F9DC, 0x1F3FD],
    &[0x1F9DC, 0x1F3FE],
    &[0x1F9DC, 0x1F3FF],
    &[0x1F9DD, 0x1F3FB],
    &[0x1F9DD, 0x1F3FC],
    &[0x1F9DD, 0x1F3FD],
    &[0x1F9DD, 0x1F3FE],
    &[0x1F9DD, 0x1F3FF],
    &[0x1FAC3, 0x1F3FB],
    &[0x1FAC3, 0x1F3FC],
    &[0x1FAC3, 0x1F3FD],
    &[0x1FAC3, 0x1F3FE],
    &[0x1FAC3, 0x1F3FF],
    &[0x1FAC4, 0x1F3FB],
    &[0x1FAC4, 0x1F3FC],
    &[0x1FAC4, 0x1F3FD],
    &[0x1FAC4, 0x1F3FE],
    &[0x1FAC4, 0x1F3FF],
    &[0x1FAC5, 0x1F3FB],
    &[0x1FAC5, 0x1F3FC],
    &[0x1FAC5, 0x1F3FD],
    &[0x1FAC5, 0x1F3FE],
    &[0x1FAC5, 0x1F3FF],
    &[0x1FAF0, 0x1F3FB],
    &[0x1FAF0, 0x1F3FC],
    &[0x1FAF0, 0x1F3FD],
    &[0x1FAF0, 0x1F3FE],
    &[0x1FAF0, 0x1F3FF],
    &[0x1FAF1, 0x1F3FB],
    &[0x1FAF1, 0x1F3FC],
    &[0x1FAF1, 0x1F3FD],
    &[0x1FAF1, 0x1F3FE],
    &[0x1FAF1, 0x1F3FF],
    &[0x1FAF2, 0x1F3FB],
    &[0x1FAF2, 0x1F3FC],
    &[0x1FAF2, 0x1F3FD],
    &[0x1FAF2, 0x1F3FE],
    &[0x1FAF2, 0x1F3FF],
    &[0x1FAF3, 0x1F3FB],
    &[0x1FAF3, 0x1F3FC],
    &[0x1FAF3, 0x1F3FD],
    &[0x1FAF3, 0x1F3FE],
    &[0x1FAF3, 0x1F3FF],
    &[0x1FAF4, 0x1F3FB],
    &[0x1FAF4, 0x1F3FC],
    &[0x1FAF4, 0x1F3FD],
    &[0x1FAF4, 0x1F3FE],
    &[0x1FAF4, 0x1F3FF],
    &[0x1FAF5, 0x1F3FB],
    &[0x1FAF5, 0x1F3FC],
    &[0x1FAF5, 0x1F3FD],
    &[0x1FAF5, 0x1F3FE],
    &[0x1FAF5, 0x1F3FF],
    &[0x1FAF6, 0x1F3FB],
    &[0x1FAF6, 0x1F3FC],
    &[0x1FAF6, 0x1F3FD],
    &[0x1FAF6, 0x1F3FE],
    &[0x1FAF6, 0x1F3FF],
    &[0x1FAF7, 0x1F3FB],
    &[0x1FAF7, 0x1F3FC],
    &[0x1FAF7, 0x1F3FD],
    &[0x1FAF7, 0x1F3FE],
    &[0x1FAF7, 0x1F3FF],
    &[0x1FAF8, 0x1F3FB],
    &[0x1FAF8, 0x1F3FC],
    &[0x1FAF8, 0x1F3FD],
    &[0x1FAF8, 0x1F3FE],
    &[0x1FAF8, 0x1F3FF],
];

/// `\p{RGI_Emoji_Tag_Sequence}` string set (from the test262 fixtures).
pub const RGI_EMOJI_TAG_SEQUENCE: &[&[u32]] = &[
    &[0x1F3F4, 0xE0067, 0xE0062, 0xE0065, 0xE006E, 0xE0067, 0xE007F],
    &[0x1F3F4, 0xE0067, 0xE0062, 0xE0073, 0xE0063, 0xE0074, 0xE007F],
    &[0x1F3F4, 0xE0067, 0xE0062, 0xE0077, 0xE006C, 0xE0073, 0xE007F],
];

/// `\p{RGI_Emoji_ZWJ_Sequence}` string set (from the test262 fixtures).
pub const RGI_EMOJI_ZWJ_SEQUENCE: &[&[u32]] = &[
    &[0x1F468, 0x200D, 0x2764, 0xFE0F, 0x200D, 0x1F468],
    &[0x1F468, 0x200D, 0x2764, 0xFE0F, 0x200D, 0x1F48B, 0x200D, 0x1F468],
    &[0x1F468, 0x200D, 0x1F466],
    &[0x1F468, 0x200D, 0x1F466, 0x200D, 0x1F466],
    &[0x1F468, 0x200D, 0x1F467],
    &[0x1F468, 0x200D, 0x1F467, 0x200D, 0x1F466],
    &[0x1F468, 0x200D, 0x1F467, 0x200D, 0x1F467],
    &[0x1F468, 0x200D, 0x1F468, 0x200D, 0x1F466],
    &[0x1F468, 0x200D, 0x1F468, 0x200D, 0x1F466, 0x200D, 0x1F466],
    &[0x1F468, 0x200D, 0x1F468, 0x200D, 0x1F467],
    &[0x1F468, 0x200D, 0x1F468, 0x200D, 0x1F467, 0x200D, 0x1F466],
    &[0x1F468, 0x200D, 0x1F468, 0x200D, 0x1F467, 0x200D, 0x1F467],
    &[0x1F468, 0x200D, 0x1F469, 0x200D, 0x1F466],
    &[0x1F468, 0x200D, 0x1F469, 0x200D, 0x1F466, 0x200D, 0x1F466],
    &[0x1F468, 0x200D, 0x1F469, 0x200D, 0x1F467],
    &[0x1F468, 0x200D, 0x1F469, 0x200D, 0x1F467, 0x200D, 0x1F466],
    &[0x1F468, 0x200D, 0x1F469, 0x200D, 0x1F467, 0x200D, 0x1F467],
    &[0x1F468, 0x1F3FB, 0x200D, 0x2764, 0xFE0F, 0x200D, 0x1F468, 0x1F3FB],
    &[0x1F468, 0x1F3FB, 0x200D, 0x2764, 0xFE0F, 0x200D, 0x1F468, 0x1F3FC],
    &[0x1F468, 0x1F3FB, 0x200D, 0x2764, 0xFE0F, 0x200D, 0x1F468, 0x1F3FD],
    &[0x1F468, 0x1F3FB, 0x200D, 0x2764, 0xFE0F, 0x200D, 0x1F468, 0x1F3FE],
    &[0x1F468, 0x1F3FB, 0x200D, 0x2764, 0xFE0F, 0x200D, 0x1F468, 0x1F3FF],
    &[0x1F468, 0x1F3FB, 0x200D, 0x2764, 0xFE0F, 0x200D, 0x1F48B, 0x200D, 0x1F468, 0x1F3FB],
    &[0x1F468, 0x1F3FB, 0x200D, 0x2764, 0xFE0F, 0x200D, 0x1F48B, 0x200D, 0x1F468, 0x1F3FC],
    &[0x1F468, 0x1F3FB, 0x200D, 0x2764, 0xFE0F, 0x200D, 0x1F48B, 0x200D, 0x1F468, 0x1F3FD],
    &[0x1F468, 0x1F3FB, 0x200D, 0x2764, 0xFE0F, 0x200D, 0x1F48B, 0x200D, 0x1F468, 0x1F3FE],
    &[0x1F468, 0x1F3FB, 0x200D, 0x2764, 0xFE0F, 0x200D, 0x1F48B, 0x200D, 0x1F468, 0x1F3FF],
    &[0x1F468, 0x1F3FB, 0x200D, 0x1F430, 0x200D, 0x1F468, 0x1F3FC],
    &[0x1F468, 0x1F3FB, 0x200D, 0x1F430, 0x200D, 0x1F468, 0x1F3FD],
    &[0x1F468, 0x1F3FB, 0x200D, 0x1F430, 0x200D, 0x1F468, 0x1F3FE],
    &[0x1F468, 0x1F3FB, 0x200D, 0x1F430, 0x200D, 0x1F468, 0x1F3FF],
    &[0x1F468, 0x1F3FB, 0x200D, 0x1F91D, 0x200D, 0x1F468, 0x1F3FC],
    &[0x1F468, 0x1F3FB, 0x200D, 0x1F91D, 0x200D, 0x1F468, 0x1F3FD],
    &[0x1F468, 0x1F3FB, 0x200D, 0x1F91D, 0x200D, 0x1F468, 0x1F3FE],
    &[0x1F468, 0x1F3FB, 0x200D, 0x1F91D, 0x200D, 0x1F468, 0x1F3FF],
    &[0x1F468, 0x1F3FB, 0x200D, 0x1FAEF, 0x200D, 0x1F468, 0x1F3FC],
    &[0x1F468, 0x1F3FB, 0x200D, 0x1FAEF, 0x200D, 0x1F468, 0x1F3FD],
    &[0x1F468, 0x1F3FB, 0x200D, 0x1FAEF, 0x200D, 0x1F468, 0x1F3FE],
    &[0x1F468, 0x1F3FB, 0x200D, 0x1FAEF, 0x200D, 0x1F468, 0x1F3FF],
    &[0x1F468, 0x1F3FC, 0x200D, 0x2764, 0xFE0F, 0x200D, 0x1F468, 0x1F3FB],
    &[0x1F468, 0x1F3FC, 0x200D, 0x2764, 0xFE0F, 0x200D, 0x1F468, 0x1F3FC],
    &[0x1F468, 0x1F3FC, 0x200D, 0x2764, 0xFE0F, 0x200D, 0x1F468, 0x1F3FD],
    &[0x1F468, 0x1F3FC, 0x200D, 0x2764, 0xFE0F, 0x200D, 0x1F468, 0x1F3FE],
    &[0x1F468, 0x1F3FC, 0x200D, 0x2764, 0xFE0F, 0x200D, 0x1F468, 0x1F3FF],
    &[0x1F468, 0x1F3FC, 0x200D, 0x2764, 0xFE0F, 0x200D, 0x1F48B, 0x200D, 0x1F468, 0x1F3FB],
    &[0x1F468, 0x1F3FC, 0x200D, 0x2764, 0xFE0F, 0x200D, 0x1F48B, 0x200D, 0x1F468, 0x1F3FC],
    &[0x1F468, 0x1F3FC, 0x200D, 0x2764, 0xFE0F, 0x200D, 0x1F48B, 0x200D, 0x1F468, 0x1F3FD],
    &[0x1F468, 0x1F3FC, 0x200D, 0x2764, 0xFE0F, 0x200D, 0x1F48B, 0x200D, 0x1F468, 0x1F3FE],
    &[0x1F468, 0x1F3FC, 0x200D, 0x2764, 0xFE0F, 0x200D, 0x1F48B, 0x200D, 0x1F468, 0x1F3FF],
    &[0x1F468, 0x1F3FC, 0x200D, 0x1F430, 0x200D, 0x1F468, 0x1F3FB],
    &[0x1F468, 0x1F3FC, 0x200D, 0x1F430, 0x200D, 0x1F468, 0x1F3FD],
    &[0x1F468, 0x1F3FC, 0x200D, 0x1F430, 0x200D, 0x1F468, 0x1F3FE],
    &[0x1F468, 0x1F3FC, 0x200D, 0x1F430, 0x200D, 0x1F468, 0x1F3FF],
    &[0x1F468, 0x1F3FC, 0x200D, 0x1F91D, 0x200D, 0x1F468, 0x1F3FB],
    &[0x1F468, 0x1F3FC, 0x200D, 0x1F91D, 0x200D, 0x1F468, 0x1F3FD],
    &[0x1F468, 0x1F3FC, 0x200D, 0x1F91D, 0x200D, 0x1F468, 0x1F3FE],
    &[0x1F468, 0x1F3FC, 0x200D, 0x1F91D, 0x200D, 0x1F468, 0x1F3FF],
    &[0x1F468, 0x1F3FC, 0x200D, 0x1FAEF, 0x200D, 0x1F468, 0x1F3FB],
    &[0x1F468, 0x1F3FC, 0x200D, 0x1FAEF, 0x200D, 0x1F468, 0x1F3FD],
    &[0x1F468, 0x1F3FC, 0x200D, 0x1FAEF, 0x200D, 0x1F468, 0x1F3FE],
    &[0x1F468, 0x1F3FC, 0x200D, 0x1FAEF, 0x200D, 0x1F468, 0x1F3FF],
    &[0x1F468, 0x1F3FD, 0x200D, 0x2764, 0xFE0F, 0x200D, 0x1F468, 0x1F3FB],
    &[0x1F468, 0x1F3FD, 0x200D, 0x2764, 0xFE0F, 0x200D, 0x1F468, 0x1F3FC],
    &[0x1F468, 0x1F3FD, 0x200D, 0x2764, 0xFE0F, 0x200D, 0x1F468, 0x1F3FD],
    &[0x1F468, 0x1F3FD, 0x200D, 0x2764, 0xFE0F, 0x200D, 0x1F468, 0x1F3FE],
    &[0x1F468, 0x1F3FD, 0x200D, 0x2764, 0xFE0F, 0x200D, 0x1F468, 0x1F3FF],
    &[0x1F468, 0x1F3FD, 0x200D, 0x2764, 0xFE0F, 0x200D, 0x1F48B, 0x200D, 0x1F468, 0x1F3FB],
    &[0x1F468, 0x1F3FD, 0x200D, 0x2764, 0xFE0F, 0x200D, 0x1F48B, 0x200D, 0x1F468, 0x1F3FC],
    &[0x1F468, 0x1F3FD, 0x200D, 0x2764, 0xFE0F, 0x200D, 0x1F48B, 0x200D, 0x1F468, 0x1F3FD],
    &[0x1F468, 0x1F3FD, 0x200D, 0x2764, 0xFE0F, 0x200D, 0x1F48B, 0x200D, 0x1F468, 0x1F3FE],
    &[0x1F468, 0x1F3FD, 0x200D, 0x2764, 0xFE0F, 0x200D, 0x1F48B, 0x200D, 0x1F468, 0x1F3FF],
    &[0x1F468, 0x1F3FD, 0x200D, 0x1F430, 0x200D, 0x1F468, 0x1F3FB],
    &[0x1F468, 0x1F3FD, 0x200D, 0x1F430, 0x200D, 0x1F468, 0x1F3FC],
    &[0x1F468, 0x1F3FD, 0x200D, 0x1F430, 0x200D, 0x1F468, 0x1F3FE],
    &[0x1F468, 0x1F3FD, 0x200D, 0x1F430, 0x200D, 0x1F468, 0x1F3FF],
    &[0x1F468, 0x1F3FD, 0x200D, 0x1F91D, 0x200D, 0x1F468, 0x1F3FB],
    &[0x1F468, 0x1F3FD, 0x200D, 0x1F91D, 0x200D, 0x1F468, 0x1F3FC],
    &[0x1F468, 0x1F3FD, 0x200D, 0x1F91D, 0x200D, 0x1F468, 0x1F3FE],
    &[0x1F468, 0x1F3FD, 0x200D, 0x1F91D, 0x200D, 0x1F468, 0x1F3FF],
    &[0x1F468, 0x1F3FD, 0x200D, 0x1FAEF, 0x200D, 0x1F468, 0x1F3FB],
    &[0x1F468, 0x1F3FD, 0x200D, 0x1FAEF, 0x200D, 0x1F468, 0x1F3FC],
    &[0x1F468, 0x1F3FD, 0x200D, 0x1FAEF, 0x200D, 0x1F468, 0x1F3FE],
    &[0x1F468, 0x1F3FD, 0x200D, 0x1FAEF, 0x200D, 0x1F468, 0x1F3FF],
    &[0x1F468, 0x1F3FE, 0x200D, 0x2764, 0xFE0F, 0x200D, 0x1F468, 0x1F3FB],
    &[0x1F468, 0x1F3FE, 0x200D, 0x2764, 0xFE0F, 0x200D, 0x1F468, 0x1F3FC],
    &[0x1F468, 0x1F3FE, 0x200D, 0x2764, 0xFE0F, 0x200D, 0x1F468, 0x1F3FD],
    &[0x1F468, 0x1F3FE, 0x200D, 0x2764, 0xFE0F, 0x200D, 0x1F468, 0x1F3FE],
    &[0x1F468, 0x1F3FE, 0x200D, 0x2764, 0xFE0F, 0x200D, 0x1F468, 0x1F3FF],
    &[0x1F468, 0x1F3FE, 0x200D, 0x2764, 0xFE0F, 0x200D, 0x1F48B, 0x200D, 0x1F468, 0x1F3FB],
    &[0x1F468, 0x1F3FE, 0x200D, 0x2764, 0xFE0F, 0x200D, 0x1F48B, 0x200D, 0x1F468, 0x1F3FC],
    &[0x1F468, 0x1F3FE, 0x200D, 0x2764, 0xFE0F, 0x200D, 0x1F48B, 0x200D, 0x1F468, 0x1F3FD],
    &[0x1F468, 0x1F3FE, 0x200D, 0x2764, 0xFE0F, 0x200D, 0x1F48B, 0x200D, 0x1F468, 0x1F3FE],
    &[0x1F468, 0x1F3FE, 0x200D, 0x2764, 0xFE0F, 0x200D, 0x1F48B, 0x200D, 0x1F468, 0x1F3FF],
    &[0x1F468, 0x1F3FE, 0x200D, 0x1F430, 0x200D, 0x1F468, 0x1F3FB],
    &[0x1F468, 0x1F3FE, 0x200D, 0x1F430, 0x200D, 0x1F468, 0x1F3FC],
    &[0x1F468, 0x1F3FE, 0x200D, 0x1F430, 0x200D, 0x1F468, 0x1F3FD],
    &[0x1F468, 0x1F3FE, 0x200D, 0x1F430, 0x200D, 0x1F468, 0x1F3FF],
    &[0x1F468, 0x1F3FE, 0x200D, 0x1F91D, 0x200D, 0x1F468, 0x1F3FB],
    &[0x1F468, 0x1F3FE, 0x200D, 0x1F91D, 0x200D, 0x1F468, 0x1F3FC],
    &[0x1F468, 0x1F3FE, 0x200D, 0x1F91D, 0x200D, 0x1F468, 0x1F3FD],
    &[0x1F468, 0x1F3FE, 0x200D, 0x1F91D, 0x200D, 0x1F468, 0x1F3FF],
    &[0x1F468, 0x1F3FE, 0x200D, 0x1FAEF, 0x200D, 0x1F468, 0x1F3FB],
    &[0x1F468, 0x1F3FE, 0x200D, 0x1FAEF, 0x200D, 0x1F468, 0x1F3FC],
    &[0x1F468, 0x1F3FE, 0x200D, 0x1FAEF, 0x200D, 0x1F468, 0x1F3FD],
    &[0x1F468, 0x1F3FE, 0x200D, 0x1FAEF, 0x200D, 0x1F468, 0x1F3FF],
    &[0x1F468, 0x1F3FF, 0x200D, 0x2764, 0xFE0F, 0x200D, 0x1F468, 0x1F3FB],
    &[0x1F468, 0x1F3FF, 0x200D, 0x2764, 0xFE0F, 0x200D, 0x1F468, 0x1F3FC],
    &[0x1F468, 0x1F3FF, 0x200D, 0x2764, 0xFE0F, 0x200D, 0x1F468, 0x1F3FD],
    &[0x1F468, 0x1F3FF, 0x200D, 0x2764, 0xFE0F, 0x200D, 0x1F468, 0x1F3FE],
    &[0x1F468, 0x1F3FF, 0x200D, 0x2764, 0xFE0F, 0x200D, 0x1F468, 0x1F3FF],
    &[0x1F468, 0x1F3FF, 0x200D, 0x2764, 0xFE0F, 0x200D, 0x1F48B, 0x200D, 0x1F468, 0x1F3FB],
    &[0x1F468, 0x1F3FF, 0x200D, 0x2764, 0xFE0F, 0x200D, 0x1F48B, 0x200D, 0x1F468, 0x1F3FC],
    &[0x1F468, 0x1F3FF, 0x200D, 0x2764, 0xFE0F, 0x200D, 0x1F48B, 0x200D, 0x1F468, 0x1F3FD],
    &[0x1F468, 0x1F3FF, 0x200D, 0x2764, 0xFE0F, 0x200D, 0x1F48B, 0x200D, 0x1F468, 0x1F3FE],
    &[0x1F468, 0x1F3FF, 0x200D, 0x2764, 0xFE0F, 0x200D, 0x1F48B, 0x200D, 0x1F468, 0x1F3FF],
    &[0x1F468, 0x1F3FF, 0x200D, 0x1F430, 0x200D, 0x1F468, 0x1F3FB],
    &[0x1F468, 0x1F3FF, 0x200D, 0x1F430, 0x200D, 0x1F468, 0x1F3FC],
    &[0x1F468, 0x1F3FF, 0x200D, 0x1F430, 0x200D, 0x1F468, 0x1F3FD],
    &[0x1F468, 0x1F3FF, 0x200D, 0x1F430, 0x200D, 0x1F468, 0x1F3FE],
    &[0x1F468, 0x1F3FF, 0x200D, 0x1F91D, 0x200D, 0x1F468, 0x1F3FB],
    &[0x1F468, 0x1F3FF, 0x200D, 0x1F91D, 0x200D, 0x1F468, 0x1F3FC],
    &[0x1F468, 0x1F3FF, 0x200D, 0x1F91D, 0x200D, 0x1F468, 0x1F3FD],
    &[0x1F468, 0x1F3FF, 0x200D, 0x1F91D, 0x200D, 0x1F468, 0x1F3FE],
    &[0x1F468, 0x1F3FF, 0x200D, 0x1FAEF, 0x200D, 0x1F468, 0x1F3FB],
    &[0x1F468, 0x1F3FF, 0x200D, 0x1FAEF, 0x200D, 0x1F468, 0x1F3FC],
    &[0x1F468, 0x1F3FF, 0x200D, 0x1FAEF, 0x200D, 0x1F468, 0x1F3FD],
    &[0x1F468, 0x1F3FF, 0x200D, 0x1FAEF, 0x200D, 0x1F468, 0x1F3FE],
    &[0x1F469, 0x200D, 0x2764, 0xFE0F, 0x200D, 0x1F468],
    &[0x1F469, 0x200D, 0x2764, 0xFE0F, 0x200D, 0x1F469],
    &[0x1F469, 0x200D, 0x2764, 0xFE0F, 0x200D, 0x1F48B, 0x200D, 0x1F468],
    &[0x1F469, 0x200D, 0x2764, 0xFE0F, 0x200D, 0x1F48B, 0x200D, 0x1F469],
    &[0x1F469, 0x200D, 0x1F466],
    &[0x1F469, 0x200D, 0x1F466, 0x200D, 0x1F466],
    &[0x1F469, 0x200D, 0x1F467],
    &[0x1F469, 0x200D, 0x1F467, 0x200D, 0x1F466],
    &[0x1F469, 0x200D, 0x1F467, 0x200D, 0x1F467],
    &[0x1F469, 0x200D, 0x1F469, 0x200D, 0x1F466],
    &[0x1F469, 0x200D, 0x1F469, 0x200D, 0x1F466, 0x200D, 0x1F466],
    &[0x1F469, 0x200D, 0x1F469, 0x200D, 0x1F467],
    &[0x1F469, 0x200D, 0x1F469, 0x200D, 0x1F467, 0x200D, 0x1F466],
    &[0x1F469, 0x200D, 0x1F469, 0x200D, 0x1F467, 0x200D, 0x1F467],
    &[0x1F469, 0x1F3FB, 0x200D, 0x2764, 0xFE0F, 0x200D, 0x1F468, 0x1F3FB],
    &[0x1F469, 0x1F3FB, 0x200D, 0x2764, 0xFE0F, 0x200D, 0x1F468, 0x1F3FC],
    &[0x1F469, 0x1F3FB, 0x200D, 0x2764, 0xFE0F, 0x200D, 0x1F468, 0x1F3FD],
    &[0x1F469, 0x1F3FB, 0x200D, 0x2764, 0xFE0F, 0x200D, 0x1F468, 0x1F3FE],
    &[0x1F469, 0x1F3FB, 0x200D, 0x2764, 0xFE0F, 0x200D, 0x1F468, 0x1F3FF],
    &[0x1F469, 0x1F3FB, 0x200D, 0x2764, 0xFE0F, 0x200D, 0x1F469, 0x1F3FB],
    &[0x1F469, 0x1F3FB, 0x200D, 0x2764, 0xFE0F, 0x200D, 0x1F469, 0x1F3FC],
    &[0x1F469, 0x1F3FB, 0x200D, 0x2764, 0xFE0F, 0x200D, 0x1F469, 0x1F3FD],
    &[0x1F469, 0x1F3FB, 0x200D, 0x2764, 0xFE0F, 0x200D, 0x1F469, 0x1F3FE],
    &[0x1F469, 0x1F3FB, 0x200D, 0x2764, 0xFE0F, 0x200D, 0x1F469, 0x1F3FF],
    &[0x1F469, 0x1F3FB, 0x200D, 0x2764, 0xFE0F, 0x200D, 0x1F48B, 0x200D, 0x1F468, 0x1F3FB],
    &[0x1F469, 0x1F3FB, 0x200D, 0x2764, 0xFE0F, 0x200D, 0x1F48B, 0x200D, 0x1F468, 0x1F3FC],
    &[0x1F469, 0x1F3FB, 0x200D, 0x2764, 0xFE0F, 0x200D, 0x1F48B, 0x200D, 0x1F468, 0x1F3FD],
    &[0x1F469, 0x1F3FB, 0x200D, 0x2764, 0xFE0F, 0x200D, 0x1F48B, 0x200D, 0x1F468, 0x1F3FE],
    &[0x1F469, 0x1F3FB, 0x200D, 0x2764, 0xFE0F, 0x200D, 0x1F48B, 0x200D, 0x1F468, 0x1F3FF],
    &[0x1F469, 0x1F3FB, 0x200D, 0x2764, 0xFE0F, 0x200D, 0x1F48B, 0x200D, 0x1F469, 0x1F3FB],
    &[0x1F469, 0x1F3FB, 0x200D, 0x2764, 0xFE0F, 0x200D, 0x1F48B, 0x200D, 0x1F469, 0x1F3FC],
    &[0x1F469, 0x1F3FB, 0x200D, 0x2764, 0xFE0F, 0x200D, 0x1F48B, 0x200D, 0x1F469, 0x1F3FD],
    &[0x1F469, 0x1F3FB, 0x200D, 0x2764, 0xFE0F, 0x200D, 0x1F48B, 0x200D, 0x1F469, 0x1F3FE],
    &[0x1F469, 0x1F3FB, 0x200D, 0x2764, 0xFE0F, 0x200D, 0x1F48B, 0x200D, 0x1F469, 0x1F3FF],
    &[0x1F469, 0x1F3FB, 0x200D, 0x1F430, 0x200D, 0x1F469, 0x1F3FC],
    &[0x1F469, 0x1F3FB, 0x200D, 0x1F430, 0x200D, 0x1F469, 0x1F3FD],
    &[0x1F469, 0x1F3FB, 0x200D, 0x1F430, 0x200D, 0x1F469, 0x1F3FE],
    &[0x1F469, 0x1F3FB, 0x200D, 0x1F430, 0x200D, 0x1F469, 0x1F3FF],
    &[0x1F469, 0x1F3FB, 0x200D, 0x1F91D, 0x200D, 0x1F468, 0x1F3FC],
    &[0x1F469, 0x1F3FB, 0x200D, 0x1F91D, 0x200D, 0x1F468, 0x1F3FD],
    &[0x1F469, 0x1F3FB, 0x200D, 0x1F91D, 0x200D, 0x1F468, 0x1F3FE],
    &[0x1F469, 0x1F3FB, 0x200D, 0x1F91D, 0x200D, 0x1F468, 0x1F3FF],
    &[0x1F469, 0x1F3FB, 0x200D, 0x1F91D, 0x200D, 0x1F469, 0x1F3FC],
    &[0x1F469, 0x1F3FB, 0x200D, 0x1F91D, 0x200D, 0x1F469, 0x1F3FD],
    &[0x1F469, 0x1F3FB, 0x200D, 0x1F91D, 0x200D, 0x1F469, 0x1F3FE],
    &[0x1F469, 0x1F3FB, 0x200D, 0x1F91D, 0x200D, 0x1F469, 0x1F3FF],
    &[0x1F469, 0x1F3FB, 0x200D, 0x1FAEF, 0x200D, 0x1F469, 0x1F3FC],
    &[0x1F469, 0x1F3FB, 0x200D, 0x1FAEF, 0x200D, 0x1F469, 0x1F3FD],
    &[0x1F469, 0x1F3FB, 0x200D, 0x1FAEF, 0x200D, 0x1F469, 0x1F3FE],
    &[0x1F469, 0x1F3FB, 0x200D, 0x1FAEF, 0x200D, 0x1F469, 0x1F3FF],
    &[0x1F469, 0x1F3FC, 0x200D, 0x2764, 0xFE0F, 0x200D, 0x1F468, 0x1F3FB],
    &[0x1F469, 0x1F3FC, 0x200D, 0x2764, 0xFE0F, 0x200D, 0x1F468, 0x1F3FC],
    &[0x1F469, 0x1F3FC, 0x200D, 0x2764, 0xFE0F, 0x200D, 0x1F468, 0x1F3FD],
    &[0x1F469, 0x1F3FC, 0x200D, 0x2764, 0xFE0F, 0x200D, 0x1F468, 0x1F3FE],
    &[0x1F469, 0x1F3FC, 0x200D, 0x2764, 0xFE0F, 0x200D, 0x1F468, 0x1F3FF],
    &[0x1F469, 0x1F3FC, 0x200D, 0x2764, 0xFE0F, 0x200D, 0x1F469, 0x1F3FB],
    &[0x1F469, 0x1F3FC, 0x200D, 0x2764, 0xFE0F, 0x200D, 0x1F469, 0x1F3FC],
    &[0x1F469, 0x1F3FC, 0x200D, 0x2764, 0xFE0F, 0x200D, 0x1F469, 0x1F3FD],
    &[0x1F469, 0x1F3FC, 0x200D, 0x2764, 0xFE0F, 0x200D, 0x1F469, 0x1F3FE],
    &[0x1F469, 0x1F3FC, 0x200D, 0x2764, 0xFE0F, 0x200D, 0x1F469, 0x1F3FF],
    &[0x1F469, 0x1F3FC, 0x200D, 0x2764, 0xFE0F, 0x200D, 0x1F48B, 0x200D, 0x1F468, 0x1F3FB],
    &[0x1F469, 0x1F3FC, 0x200D, 0x2764, 0xFE0F, 0x200D, 0x1F48B, 0x200D, 0x1F468, 0x1F3FC],
    &[0x1F469, 0x1F3FC, 0x200D, 0x2764, 0xFE0F, 0x200D, 0x1F48B, 0x200D, 0x1F468, 0x1F3FD],
    &[0x1F469, 0x1F3FC, 0x200D, 0x2764, 0xFE0F, 0x200D, 0x1F48B, 0x200D, 0x1F468, 0x1F3FE],
    &[0x1F469, 0x1F3FC, 0x200D, 0x2764, 0xFE0F, 0x200D, 0x1F48B, 0x200D, 0x1F468, 0x1F3FF],
    &[0x1F469, 0x1F3FC, 0x200D, 0x2764, 0xFE0F, 0x200D, 0x1F48B, 0x200D, 0x1F469, 0x1F3FB],
    &[0x1F469, 0x1F3FC, 0x200D, 0x2764, 0xFE0F, 0x200D, 0x1F48B, 0x200D, 0x1F469, 0x1F3FC],
    &[0x1F469, 0x1F3FC, 0x200D, 0x2764, 0xFE0F, 0x200D, 0x1F48B, 0x200D, 0x1F469, 0x1F3FD],
    &[0x1F469, 0x1F3FC, 0x200D, 0x2764, 0xFE0F, 0x200D, 0x1F48B, 0x200D, 0x1F469, 0x1F3FE],
    &[0x1F469, 0x1F3FC, 0x200D, 0x2764, 0xFE0F, 0x200D, 0x1F48B, 0x200D, 0x1F469, 0x1F3FF],
    &[0x1F469, 0x1F3FC, 0x200D, 0x1F430, 0x200D, 0x1F469, 0x1F3FB],
    &[0x1F469, 0x1F3FC, 0x200D, 0x1F430, 0x200D, 0x1F469, 0x1F3FD],
    &[0x1F469, 0x1F3FC, 0x200D, 0x1F430, 0x200D, 0x1F469, 0x1F3FE],
    &[0x1F469, 0x1F3FC, 0x200D, 0x1F430, 0x200D, 0x1F469, 0x1F3FF],
    &[0x1F469, 0x1F3FC, 0x200D, 0x1F91D, 0x200D, 0x1F468, 0x1F3FB],
    &[0x1F469, 0x1F3FC, 0x200D, 0x1F91D, 0x200D, 0x1F468, 0x1F3FD],
    &[0x1F469, 0x1F3FC, 0x200D, 0x1F91D, 0x200D, 0x1F468, 0x1F3FE],
    &[0x1F469, 0x1F3FC, 0x200D, 0x1F91D, 0x200D, 0x1F468, 0x1F3FF],
    &[0x1F469, 0x1F3FC, 0x200D, 0x1F91D, 0x200D, 0x1F469, 0x1F3FB],
    &[0x1F469, 0x1F3FC, 0x200D, 0x1F91D, 0x200D, 0x1F469, 0x1F3FD],
    &[0x1F469, 0x1F3FC, 0x200D, 0x1F91D, 0x200D, 0x1F469, 0x1F3FE],
    &[0x1F469, 0x1F3FC, 0x200D, 0x1F91D, 0x200D, 0x1F469, 0x1F3FF],
    &[0x1F469, 0x1F3FC, 0x200D, 0x1FAEF, 0x200D, 0x1F469, 0x1F3FB],
    &[0x1F469, 0x1F3FC, 0x200D, 0x1FAEF, 0x200D, 0x1F469, 0x1F3FD],
    &[0x1F469, 0x1F3FC, 0x200D, 0x1FAEF, 0x200D, 0x1F469, 0x1F3FE],
    &[0x1F469, 0x1F3FC, 0x200D, 0x1FAEF, 0x200D, 0x1F469, 0x1F3FF],
    &[0x1F469, 0x1F3FD, 0x200D, 0x2764, 0xFE0F, 0x200D, 0x1F468, 0x1F3FB],
    &[0x1F469, 0x1F3FD, 0x200D, 0x2764, 0xFE0F, 0x200D, 0x1F468, 0x1F3FC],
    &[0x1F469, 0x1F3FD, 0x200D, 0x2764, 0xFE0F, 0x200D, 0x1F468, 0x1F3FD],
    &[0x1F469, 0x1F3FD, 0x200D, 0x2764, 0xFE0F, 0x200D, 0x1F468, 0x1F3FE],
    &[0x1F469, 0x1F3FD, 0x200D, 0x2764, 0xFE0F, 0x200D, 0x1F468, 0x1F3FF],
    &[0x1F469, 0x1F3FD, 0x200D, 0x2764, 0xFE0F, 0x200D, 0x1F469, 0x1F3FB],
    &[0x1F469, 0x1F3FD, 0x200D, 0x2764, 0xFE0F, 0x200D, 0x1F469, 0x1F3FC],
    &[0x1F469, 0x1F3FD, 0x200D, 0x2764, 0xFE0F, 0x200D, 0x1F469, 0x1F3FD],
    &[0x1F469, 0x1F3FD, 0x200D, 0x2764, 0xFE0F, 0x200D, 0x1F469, 0x1F3FE],
    &[0x1F469, 0x1F3FD, 0x200D, 0x2764, 0xFE0F, 0x200D, 0x1F469, 0x1F3FF],
    &[0x1F469, 0x1F3FD, 0x200D, 0x2764, 0xFE0F, 0x200D, 0x1F48B, 0x200D, 0x1F468, 0x1F3FB],
    &[0x1F469, 0x1F3FD, 0x200D, 0x2764, 0xFE0F, 0x200D, 0x1F48B, 0x200D, 0x1F468, 0x1F3FC],
    &[0x1F469, 0x1F3FD, 0x200D, 0x2764, 0xFE0F, 0x200D, 0x1F48B, 0x200D, 0x1F468, 0x1F3FD],
    &[0x1F469, 0x1F3FD, 0x200D, 0x2764, 0xFE0F, 0x200D, 0x1F48B, 0x200D, 0x1F468, 0x1F3FE],
    &[0x1F469, 0x1F3FD, 0x200D, 0x2764, 0xFE0F, 0x200D, 0x1F48B, 0x200D, 0x1F468, 0x1F3FF],
    &[0x1F469, 0x1F3FD, 0x200D, 0x2764, 0xFE0F, 0x200D, 0x1F48B, 0x200D, 0x1F469, 0x1F3FB],
    &[0x1F469, 0x1F3FD, 0x200D, 0x2764, 0xFE0F, 0x200D, 0x1F48B, 0x200D, 0x1F469, 0x1F3FC],
    &[0x1F469, 0x1F3FD, 0x200D, 0x2764, 0xFE0F, 0x200D, 0x1F48B, 0x200D, 0x1F469, 0x1F3FD],
    &[0x1F469, 0x1F3FD, 0x200D, 0x2764, 0xFE0F, 0x200D, 0x1F48B, 0x200D, 0x1F469, 0x1F3FE],
    &[0x1F469, 0x1F3FD, 0x200D, 0x2764, 0xFE0F, 0x200D, 0x1F48B, 0x200D, 0x1F469, 0x1F3FF],
    &[0x1F469, 0x1F3FD, 0x200D, 0x1F430, 0x200D, 0x1F469, 0x1F3FB],
    &[0x1F469, 0x1F3FD, 0x200D, 0x1F430, 0x200D, 0x1F469, 0x1F3FC],
    &[0x1F469, 0x1F3FD, 0x200D, 0x1F430, 0x200D, 0x1F469, 0x1F3FE],
    &[0x1F469, 0x1F3FD, 0x200D, 0x1F430, 0x200D, 0x1F469, 0x1F3FF],
    &[0x1F469, 0x1F3FD, 0x200D, 0x1F91D, 0x200D, 0x1F468, 0x1F3FB],
    &[0x1F469, 0x1F3FD, 0x200D, 0x1F91D, 0x200D, 0x1F468, 0x1F3FC],
    &[0x1F469, 0x1F3FD, 0x200D, 0x1F91D, 0x200D, 0x1F468, 0x1F3FE],
    &[0x1F469, 0x1F3FD, 0x200D, 0x1F91D, 0x200D, 0x1F468, 0x1F3FF],
    &[0x1F469, 0x1F3FD, 0x200D, 0x1F91D, 0x200D, 0x1F469, 0x1F3FB],
    &[0x1F469, 0x1F3FD, 0x200D, 0x1F91D, 0x200D, 0x1F469, 0x1F3FC],
    &[0x1F469, 0x1F3FD, 0x200D, 0x1F91D, 0x200D, 0x1F469, 0x1F3FE],
    &[0x1F469, 0x1F3FD, 0x200D, 0x1F91D, 0x200D, 0x1F469, 0x1F3FF],
    &[0x1F469, 0x1F3FD, 0x200D, 0x1FAEF, 0x200D, 0x1F469, 0x1F3FB],
    &[0x1F469, 0x1F3FD, 0x200D, 0x1FAEF, 0x200D, 0x1F469, 0x1F3FC],
    &[0x1F469, 0x1F3FD, 0x200D, 0x1FAEF, 0x200D, 0x1F469, 0x1F3FE],
    &[0x1F469, 0x1F3FD, 0x200D, 0x1FAEF, 0x200D, 0x1F469, 0x1F3FF],
    &[0x1F469, 0x1F3FE, 0x200D, 0x2764, 0xFE0F, 0x200D, 0x1F468, 0x1F3FB],
    &[0x1F469, 0x1F3FE, 0x200D, 0x2764, 0xFE0F, 0x200D, 0x1F468, 0x1F3FC],
    &[0x1F469, 0x1F3FE, 0x200D, 0x2764, 0xFE0F, 0x200D, 0x1F468, 0x1F3FD],
    &[0x1F469, 0x1F3FE, 0x200D, 0x2764, 0xFE0F, 0x200D, 0x1F468, 0x1F3FE],
    &[0x1F469, 0x1F3FE, 0x200D, 0x2764, 0xFE0F, 0x200D, 0x1F468, 0x1F3FF],
    &[0x1F469, 0x1F3FE, 0x200D, 0x2764, 0xFE0F, 0x200D, 0x1F469, 0x1F3FB],
    &[0x1F469, 0x1F3FE, 0x200D, 0x2764, 0xFE0F, 0x200D, 0x1F469, 0x1F3FC],
    &[0x1F469, 0x1F3FE, 0x200D, 0x2764, 0xFE0F, 0x200D, 0x1F469, 0x1F3FD],
    &[0x1F469, 0x1F3FE, 0x200D, 0x2764, 0xFE0F, 0x200D, 0x1F469, 0x1F3FE],
    &[0x1F469, 0x1F3FE, 0x200D, 0x2764, 0xFE0F, 0x200D, 0x1F469, 0x1F3FF],
    &[0x1F469, 0x1F3FE, 0x200D, 0x2764, 0xFE0F, 0x200D, 0x1F48B, 0x200D, 0x1F468, 0x1F3FB],
    &[0x1F469, 0x1F3FE, 0x200D, 0x2764, 0xFE0F, 0x200D, 0x1F48B, 0x200D, 0x1F468, 0x1F3FC],
    &[0x1F469, 0x1F3FE, 0x200D, 0x2764, 0xFE0F, 0x200D, 0x1F48B, 0x200D, 0x1F468, 0x1F3FD],
    &[0x1F469, 0x1F3FE, 0x200D, 0x2764, 0xFE0F, 0x200D, 0x1F48B, 0x200D, 0x1F468, 0x1F3FE],
    &[0x1F469, 0x1F3FE, 0x200D, 0x2764, 0xFE0F, 0x200D, 0x1F48B, 0x200D, 0x1F468, 0x1F3FF],
    &[0x1F469, 0x1F3FE, 0x200D, 0x2764, 0xFE0F, 0x200D, 0x1F48B, 0x200D, 0x1F469, 0x1F3FB],
    &[0x1F469, 0x1F3FE, 0x200D, 0x2764, 0xFE0F, 0x200D, 0x1F48B, 0x200D, 0x1F469, 0x1F3FC],
    &[0x1F469, 0x1F3FE, 0x200D, 0x2764, 0xFE0F, 0x200D, 0x1F48B, 0x200D, 0x1F469, 0x1F3FD],
    &[0x1F469, 0x1F3FE, 0x200D, 0x2764, 0xFE0F, 0x200D, 0x1F48B, 0x200D, 0x1F469, 0x1F3FE],
    &[0x1F469, 0x1F3FE, 0x200D, 0x2764, 0xFE0F, 0x200D, 0x1F48B, 0x200D, 0x1F469, 0x1F3FF],
    &[0x1F469, 0x1F3FE, 0x200D, 0x1F430, 0x200D, 0x1F469, 0x1F3FB],
    &[0x1F469, 0x1F3FE, 0x200D, 0x1F430, 0x200D, 0x1F469, 0x1F3FC],
    &[0x1F469, 0x1F3FE, 0x200D, 0x1F430, 0x200D, 0x1F469, 0x1F3FD],
    &[0x1F469, 0x1F3FE, 0x200D, 0x1F430, 0x200D, 0x1F469, 0x1F3FF],
    &[0x1F469, 0x1F3FE, 0x200D, 0x1F91D, 0x200D, 0x1F468, 0x1F3FB],
    &[0x1F469, 0x1F3FE, 0x200D, 0x1F91D, 0x200D, 0x1F468, 0x1F3FC],
    &[0x1F469, 0x1F3FE, 0x200D, 0x1F91D, 0x200D, 0x1F468, 0x1F3FD],
    &[0x1F469, 0x1F3FE, 0x200D, 0x1F91D, 0x200D, 0x1F468, 0x1F3FF],
    &[0x1F469, 0x1F3FE, 0x200D, 0x1F91D, 0x200D, 0x1F469, 0x1F3FB],
    &[0x1F469, 0x1F3FE, 0x200D, 0x1F91D, 0x200D, 0x1F469, 0x1F3FC],
    &[0x1F469, 0x1F3FE, 0x200D, 0x1F91D, 0x200D, 0x1F469, 0x1F3FD],
    &[0x1F469, 0x1F3FE, 0x200D, 0x1F91D, 0x200D, 0x1F469, 0x1F3FF],
    &[0x1F469, 0x1F3FE, 0x200D, 0x1FAEF, 0x200D, 0x1F469, 0x1F3FB],
    &[0x1F469, 0x1F3FE, 0x200D, 0x1FAEF, 0x200D, 0x1F469, 0x1F3FC],
    &[0x1F469, 0x1F3FE, 0x200D, 0x1FAEF, 0x200D, 0x1F469, 0x1F3FD],
    &[0x1F469, 0x1F3FE, 0x200D, 0x1FAEF, 0x200D, 0x1F469, 0x1F3FF],
    &[0x1F469, 0x1F3FF, 0x200D, 0x2764, 0xFE0F, 0x200D, 0x1F468, 0x1F3FB],
    &[0x1F469, 0x1F3FF, 0x200D, 0x2764, 0xFE0F, 0x200D, 0x1F468, 0x1F3FC],
    &[0x1F469, 0x1F3FF, 0x200D, 0x2764, 0xFE0F, 0x200D, 0x1F468, 0x1F3FD],
    &[0x1F469, 0x1F3FF, 0x200D, 0x2764, 0xFE0F, 0x200D, 0x1F468, 0x1F3FE],
    &[0x1F469, 0x1F3FF, 0x200D, 0x2764, 0xFE0F, 0x200D, 0x1F468, 0x1F3FF],
    &[0x1F469, 0x1F3FF, 0x200D, 0x2764, 0xFE0F, 0x200D, 0x1F469, 0x1F3FB],
    &[0x1F469, 0x1F3FF, 0x200D, 0x2764, 0xFE0F, 0x200D, 0x1F469, 0x1F3FC],
    &[0x1F469, 0x1F3FF, 0x200D, 0x2764, 0xFE0F, 0x200D, 0x1F469, 0x1F3FD],
    &[0x1F469, 0x1F3FF, 0x200D, 0x2764, 0xFE0F, 0x200D, 0x1F469, 0x1F3FE],
    &[0x1F469, 0x1F3FF, 0x200D, 0x2764, 0xFE0F, 0x200D, 0x1F469, 0x1F3FF],
    &[0x1F469, 0x1F3FF, 0x200D, 0x2764, 0xFE0F, 0x200D, 0x1F48B, 0x200D, 0x1F468, 0x1F3FB],
    &[0x1F469, 0x1F3FF, 0x200D, 0x2764, 0xFE0F, 0x200D, 0x1F48B, 0x200D, 0x1F468, 0x1F3FC],
    &[0x1F469, 0x1F3FF, 0x200D, 0x2764, 0xFE0F, 0x200D, 0x1F48B, 0x200D, 0x1F468, 0x1F3FD],
    &[0x1F469, 0x1F3FF, 0x200D, 0x2764, 0xFE0F, 0x200D, 0x1F48B, 0x200D, 0x1F468, 0x1F3FE],
    &[0x1F469, 0x1F3FF, 0x200D, 0x2764, 0xFE0F, 0x200D, 0x1F48B, 0x200D, 0x1F468, 0x1F3FF],
    &[0x1F469, 0x1F3FF, 0x200D, 0x2764, 0xFE0F, 0x200D, 0x1F48B, 0x200D, 0x1F469, 0x1F3FB],
    &[0x1F469, 0x1F3FF, 0x200D, 0x2764, 0xFE0F, 0x200D, 0x1F48B, 0x200D, 0x1F469, 0x1F3FC],
    &[0x1F469, 0x1F3FF, 0x200D, 0x2764, 0xFE0F, 0x200D, 0x1F48B, 0x200D, 0x1F469, 0x1F3FD],
    &[0x1F469, 0x1F3FF, 0x200D, 0x2764, 0xFE0F, 0x200D, 0x1F48B, 0x200D, 0x1F469, 0x1F3FE],
    &[0x1F469, 0x1F3FF, 0x200D, 0x2764, 0xFE0F, 0x200D, 0x1F48B, 0x200D, 0x1F469, 0x1F3FF],
    &[0x1F469, 0x1F3FF, 0x200D, 0x1F430, 0x200D, 0x1F469, 0x1F3FB],
    &[0x1F469, 0x1F3FF, 0x200D, 0x1F430, 0x200D, 0x1F469, 0x1F3FC],
    &[0x1F469, 0x1F3FF, 0x200D, 0x1F430, 0x200D, 0x1F469, 0x1F3FD],
    &[0x1F469, 0x1F3FF, 0x200D, 0x1F430, 0x200D, 0x1F469, 0x1F3FE],
    &[0x1F469, 0x1F3FF, 0x200D, 0x1F91D, 0x200D, 0x1F468, 0x1F3FB],
    &[0x1F469, 0x1F3FF, 0x200D, 0x1F91D, 0x200D, 0x1F468, 0x1F3FC],
    &[0x1F469, 0x1F3FF, 0x200D, 0x1F91D, 0x200D, 0x1F468, 0x1F3FD],
    &[0x1F469, 0x1F3FF, 0x200D, 0x1F91D, 0x200D, 0x1F468, 0x1F3FE],
    &[0x1F469, 0x1F3FF, 0x200D, 0x1F91D, 0x200D, 0x1F469, 0x1F3FB],
    &[0x1F469, 0x1F3FF, 0x200D, 0x1F91D, 0x200D, 0x1F469, 0x1F3FC],
    &[0x1F469, 0x1F3FF, 0x200D, 0x1F91D, 0x200D, 0x1F469, 0x1F3FD],
    &[0x1F469, 0x1F3FF, 0x200D, 0x1F91D, 0x200D, 0x1F469, 0x1F3FE],
    &[0x1F469, 0x1F3FF, 0x200D, 0x1FAEF, 0x200D, 0x1F469, 0x1F3FB],
    &[0x1F469, 0x1F3FF, 0x200D, 0x1FAEF, 0x200D, 0x1F469, 0x1F3FC],
    &[0x1F469, 0x1F3FF, 0x200D, 0x1FAEF, 0x200D, 0x1F469, 0x1F3FD],
    &[0x1F469, 0x1F3FF, 0x200D, 0x1FAEF, 0x200D, 0x1F469, 0x1F3FE],
    &[0x1F9D1, 0x200D, 0x1F91D, 0x200D, 0x1F9D1],
    &[0x1F9D1, 0x200D, 0x1F9D1, 0x200D, 0x1F9D2],
    &[0x1F9D1, 0x200D, 0x1F9D1, 0x200D, 0x1F9D2, 0x200D, 0x1F9D2],
    &[0x1F9D1, 0x200D, 0x1F9D2],
    &[0x1F9D1, 0x200D, 0x1F9D2, 0x200D, 0x1F9D2],
    &[0x1F9D1, 0x1F3FB, 0x200D, 0x2764, 0xFE0F, 0x200D, 0x1F48B, 0x200D, 0x1F9D1, 0x1F3FC],
    &[0x1F9D1, 0x1F3FB, 0x200D, 0x2764, 0xFE0F, 0x200D, 0x1F48B, 0x200D, 0x1F9D1, 0x1F3FD],
    &[0x1F9D1, 0x1F3FB, 0x200D, 0x2764, 0xFE0F, 0x200D, 0x1F48B, 0x200D, 0x1F9D1, 0x1F3FE],
    &[0x1F9D1, 0x1F3FB, 0x200D, 0x2764, 0xFE0F, 0x200D, 0x1F48B, 0x200D, 0x1F9D1, 0x1F3FF],
    &[0x1F9D1, 0x1F3FB, 0x200D, 0x2764, 0xFE0F, 0x200D, 0x1F9D1, 0x1F3FC],
    &[0x1F9D1, 0x1F3FB, 0x200D, 0x2764, 0xFE0F, 0x200D, 0x1F9D1, 0x1F3FD],
    &[0x1F9D1, 0x1F3FB, 0x200D, 0x2764, 0xFE0F, 0x200D, 0x1F9D1, 0x1F3FE],
    &[0x1F9D1, 0x1F3FB, 0x200D, 0x2764, 0xFE0F, 0x200D, 0x1F9D1, 0x1F3FF],
    &[0x1F9D1, 0x1F3FB, 0x200D, 0x1F91D, 0x200D, 0x1F9D1, 0x1F3FB],
    &[0x1F9D1, 0x1F3FB, 0x200D, 0x1F91D, 0x200D, 0x1F9D1, 0x1F3FC],
    &[0x1F9D1, 0x1F3FB, 0x200D, 0x1F91D, 0x200D, 0x1F9D1, 0x1F3FD],
    &[0x1F9D1, 0x1F3FB, 0x200D, 0x1F91D, 0x200D, 0x1F9D1, 0x1F3FE],
    &[0x1F9D1, 0x1F3FB, 0x200D, 0x1F91D, 0x200D, 0x1F9D1, 0x1F3FF],
    &[0x1F9D1, 0x1F3FC, 0x200D, 0x2764, 0xFE0F, 0x200D, 0x1F48B, 0x200D, 0x1F9D1, 0x1F3FB],
    &[0x1F9D1, 0x1F3FC, 0x200D, 0x2764, 0xFE0F, 0x200D, 0x1F48B, 0x200D, 0x1F9D1, 0x1F3FD],
    &[0x1F9D1, 0x1F3FC, 0x200D, 0x2764, 0xFE0F, 0x200D, 0x1F48B, 0x200D, 0x1F9D1, 0x1F3FE],
    &[0x1F9D1, 0x1F3FC, 0x200D, 0x2764, 0xFE0F, 0x200D, 0x1F48B, 0x200D, 0x1F9D1, 0x1F3FF],
    &[0x1F9D1, 0x1F3FC, 0x200D, 0x2764, 0xFE0F, 0x200D, 0x1F9D1, 0x1F3FB],
    &[0x1F9D1, 0x1F3FC, 0x200D, 0x2764, 0xFE0F, 0x200D, 0x1F9D1, 0x1F3FD],
    &[0x1F9D1, 0x1F3FC, 0x200D, 0x2764, 0xFE0F, 0x200D, 0x1F9D1, 0x1F3FE],
    &[0x1F9D1, 0x1F3FC, 0x200D, 0x2764, 0xFE0F, 0x200D, 0x1F9D1, 0x1F3FF],
    &[0x1F9D1, 0x1F3FC, 0x200D, 0x1F91D, 0x200D, 0x1F9D1, 0x1F3FB],
    &[0x1F9D1, 0x1F3FC, 0x200D, 0x1F91D, 0x200D, 0x1F9D1, 0x1F3FC],
    &[0x1F9D1, 0x1F3FC, 0x200D, 0x1F91D, 0x200D, 0x1F9D1, 0x1F3FD],
    &[0x1F9D1, 0x1F3FC, 0x200D, 0x1F91D, 0x200D, 0x1F9D1, 0x1F3FE],
    &[0x1F9D1, 0x1F3FC, 0x200D, 0x1F91D, 0x200D, 0x1F9D1, 0x1F3FF],
    &[0x1F9D1, 0x1F3FD, 0x200D, 0x2764, 0xFE0F, 0x200D, 0x1F48B, 0x200D, 0x1F9D1, 0x1F3FB],
    &[0x1F9D1, 0x1F3FD, 0x200D, 0x2764, 0xFE0F, 0x200D, 0x1F48B, 0x200D, 0x1F9D1, 0x1F3FC],
    &[0x1F9D1, 0x1F3FD, 0x200D, 0x2764, 0xFE0F, 0x200D, 0x1F48B, 0x200D, 0x1F9D1, 0x1F3FE],
    &[0x1F9D1, 0x1F3FD, 0x200D, 0x2764, 0xFE0F, 0x200D, 0x1F48B, 0x200D, 0x1F9D1, 0x1F3FF],
    &[0x1F9D1, 0x1F3FD, 0x200D, 0x2764, 0xFE0F, 0x200D, 0x1F9D1, 0x1F3FB],
    &[0x1F9D1, 0x1F3FD, 0x200D, 0x2764, 0xFE0F, 0x200D, 0x1F9D1, 0x1F3FC],
    &[0x1F9D1, 0x1F3FD, 0x200D, 0x2764, 0xFE0F, 0x200D, 0x1F9D1, 0x1F3FE],
    &[0x1F9D1, 0x1F3FD, 0x200D, 0x2764, 0xFE0F, 0x200D, 0x1F9D1, 0x1F3FF],
    &[0x1F9D1, 0x1F3FD, 0x200D, 0x1F91D, 0x200D, 0x1F9D1, 0x1F3FB],
    &[0x1F9D1, 0x1F3FD, 0x200D, 0x1F91D, 0x200D, 0x1F9D1, 0x1F3FC],
    &[0x1F9D1, 0x1F3FD, 0x200D, 0x1F91D, 0x200D, 0x1F9D1, 0x1F3FD],
    &[0x1F9D1, 0x1F3FD, 0x200D, 0x1F91D, 0x200D, 0x1F9D1, 0x1F3FE],
    &[0x1F9D1, 0x1F3FD, 0x200D, 0x1F91D, 0x200D, 0x1F9D1, 0x1F3FF],
    &[0x1F9D1, 0x1F3FE, 0x200D, 0x2764, 0xFE0F, 0x200D, 0x1F48B, 0x200D, 0x1F9D1, 0x1F3FB],
    &[0x1F9D1, 0x1F3FE, 0x200D, 0x2764, 0xFE0F, 0x200D, 0x1F48B, 0x200D, 0x1F9D1, 0x1F3FC],
    &[0x1F9D1, 0x1F3FE, 0x200D, 0x2764, 0xFE0F, 0x200D, 0x1F48B, 0x200D, 0x1F9D1, 0x1F3FD],
    &[0x1F9D1, 0x1F3FE, 0x200D, 0x2764, 0xFE0F, 0x200D, 0x1F48B, 0x200D, 0x1F9D1, 0x1F3FF],
    &[0x1F9D1, 0x1F3FE, 0x200D, 0x2764, 0xFE0F, 0x200D, 0x1F9D1, 0x1F3FB],
    &[0x1F9D1, 0x1F3FE, 0x200D, 0x2764, 0xFE0F, 0x200D, 0x1F9D1, 0x1F3FC],
    &[0x1F9D1, 0x1F3FE, 0x200D, 0x2764, 0xFE0F, 0x200D, 0x1F9D1, 0x1F3FD],
    &[0x1F9D1, 0x1F3FE, 0x200D, 0x2764, 0xFE0F, 0x200D, 0x1F9D1, 0x1F3FF],
    &[0x1F9D1, 0x1F3FE, 0x200D, 0x1F91D, 0x200D, 0x1F9D1, 0x1F3FB],
    &[0x1F9D1, 0x1F3FE, 0x200D, 0x1F91D, 0x200D, 0x1F9D1, 0x1F3FC],
    &[0x1F9D1, 0x1F3FE, 0x200D, 0x1F91D, 0x200D, 0x1F9D1, 0x1F3FD],
    &[0x1F9D1, 0x1F3FE, 0x200D, 0x1F91D, 0x200D, 0x1F9D1, 0x1F3FE],
    &[0x1F9D1, 0x1F3FE, 0x200D, 0x1F91D, 0x200D, 0x1F9D1, 0x1F3FF],
    &[0x1F9D1, 0x1F3FF, 0x200D, 0x2764, 0xFE0F, 0x200D, 0x1F48B, 0x200D, 0x1F9D1, 0x1F3FB],
    &[0x1F9D1, 0x1F3FF, 0x200D, 0x2764, 0xFE0F, 0x200D, 0x1F48B, 0x200D, 0x1F9D1, 0x1F3FC],
    &[0x1F9D1, 0x1F3FF, 0x200D, 0x2764, 0xFE0F, 0x200D, 0x1F48B, 0x200D, 0x1F9D1, 0x1F3FD],
    &[0x1F9D1, 0x1F3FF, 0x200D, 0x2764, 0xFE0F, 0x200D, 0x1F48B, 0x200D, 0x1F9D1, 0x1F3FE],
    &[0x1F9D1, 0x1F3FF, 0x200D, 0x2764, 0xFE0F, 0x200D, 0x1F9D1, 0x1F3FB],
    &[0x1F9D1, 0x1F3FF, 0x200D, 0x2764, 0xFE0F, 0x200D, 0x1F9D1, 0x1F3FC],
    &[0x1F9D1, 0x1F3FF, 0x200D, 0x2764, 0xFE0F, 0x200D, 0x1F9D1, 0x1F3FD],
    &[0x1F9D1, 0x1F3FF, 0x200D, 0x2764, 0xFE0F, 0x200D, 0x1F9D1, 0x1F3FE],
    &[0x1F9D1, 0x1F3FF, 0x200D, 0x1F91D, 0x200D, 0x1F9D1, 0x1F3FB],
    &[0x1F9D1, 0x1F3FF, 0x200D, 0x1F91D, 0x200D, 0x1F9D1, 0x1F3FC],
    &[0x1F9D1, 0x1F3FF, 0x200D, 0x1F91D, 0x200D, 0x1F9D1, 0x1F3FD],
    &[0x1F9D1, 0x1F3FF, 0x200D, 0x1F91D, 0x200D, 0x1F9D1, 0x1F3FE],
    &[0x1F9D1, 0x1F3FF, 0x200D, 0x1F91D, 0x200D, 0x1F9D1, 0x1F3FF],
    &[0x1FAF1, 0x1F3FB, 0x200D, 0x1FAF2, 0x1F3FC],
    &[0x1FAF1, 0x1F3FB, 0x200D, 0x1FAF2, 0x1F3FD],
    &[0x1FAF1, 0x1F3FB, 0x200D, 0x1FAF2, 0x1F3FE],
    &[0x1FAF1, 0x1F3FB, 0x200D, 0x1FAF2, 0x1F3FF],
    &[0x1FAF1, 0x1F3FC, 0x200D, 0x1FAF2, 0x1F3FB],
    &[0x1FAF1, 0x1F3FC, 0x200D, 0x1FAF2, 0x1F3FD],
    &[0x1FAF1, 0x1F3FC, 0x200D, 0x1FAF2, 0x1F3FE],
    &[0x1FAF1, 0x1F3FC, 0x200D, 0x1FAF2, 0x1F3FF],
    &[0x1FAF1, 0x1F3FD, 0x200D, 0x1FAF2, 0x1F3FB],
    &[0x1FAF1, 0x1F3FD, 0x200D, 0x1FAF2, 0x1F3FC],
    &[0x1FAF1, 0x1F3FD, 0x200D, 0x1FAF2, 0x1F3FE],
    &[0x1FAF1, 0x1F3FD, 0x200D, 0x1FAF2, 0x1F3FF],
    &[0x1FAF1, 0x1F3FE, 0x200D, 0x1FAF2, 0x1F3FB],
    &[0x1FAF1, 0x1F3FE, 0x200D, 0x1FAF2, 0x1F3FC],
    &[0x1FAF1, 0x1F3FE, 0x200D, 0x1FAF2, 0x1F3FD],
    &[0x1FAF1, 0x1F3FE, 0x200D, 0x1FAF2, 0x1F3FF],
    &[0x1FAF1, 0x1F3FF, 0x200D, 0x1FAF2, 0x1F3FB],
    &[0x1FAF1, 0x1F3FF, 0x200D, 0x1FAF2, 0x1F3FC],
    &[0x1FAF1, 0x1F3FF, 0x200D, 0x1FAF2, 0x1F3FD],
    &[0x1FAF1, 0x1F3FF, 0x200D, 0x1FAF2, 0x1F3FE],
    &[0x1F3C3, 0x200D, 0x27A1, 0xFE0F],
    &[0x1F3C3, 0x1F3FB, 0x200D, 0x27A1, 0xFE0F],
    &[0x1F3C3, 0x1F3FC, 0x200D, 0x27A1, 0xFE0F],
    &[0x1F3C3, 0x1F3FD, 0x200D, 0x27A1, 0xFE0F],
    &[0x1F3C3, 0x1F3FE, 0x200D, 0x27A1, 0xFE0F],
    &[0x1F3C3, 0x1F3FF, 0x200D, 0x27A1, 0xFE0F],
    &[0x1F468, 0x200D, 0x2695, 0xFE0F],
    &[0x1F468, 0x200D, 0x2696, 0xFE0F],
    &[0x1F468, 0x200D, 0x2708, 0xFE0F],
    &[0x1F468, 0x200D, 0x1F33E],
    &[0x1F468, 0x200D, 0x1F373],
    &[0x1F468, 0x200D, 0x1F37C],
    &[0x1F468, 0x200D, 0x1F393],
    &[0x1F468, 0x200D, 0x1F3A4],
    &[0x1F468, 0x200D, 0x1F3A8],
    &[0x1F468, 0x200D, 0x1F3EB],
    &[0x1F468, 0x200D, 0x1F3ED],
    &[0x1F468, 0x200D, 0x1F4BB],
    &[0x1F468, 0x200D, 0x1F4BC],
    &[0x1F468, 0x200D, 0x1F527],
    &[0x1F468, 0x200D, 0x1F52C],
    &[0x1F468, 0x200D, 0x1F680],
    &[0x1F468, 0x200D, 0x1F692],
    &[0x1F468, 0x200D, 0x1F9AF],
    &[0x1F468, 0x200D, 0x1F9AF, 0x200D, 0x27A1, 0xFE0F],
    &[0x1F468, 0x200D, 0x1F9BC],
    &[0x1F468, 0x200D, 0x1F9BC, 0x200D, 0x27A1, 0xFE0F],
    &[0x1F468, 0x200D, 0x1F9BD],
    &[0x1F468, 0x200D, 0x1F9BD, 0x200D, 0x27A1, 0xFE0F],
    &[0x1F468, 0x1F3FB, 0x200D, 0x2695, 0xFE0F],
    &[0x1F468, 0x1F3FB, 0x200D, 0x2696, 0xFE0F],
    &[0x1F468, 0x1F3FB, 0x200D, 0x2708, 0xFE0F],
    &[0x1F468, 0x1F3FB, 0x200D, 0x1F33E],
    &[0x1F468, 0x1F3FB, 0x200D, 0x1F373],
    &[0x1F468, 0x1F3FB, 0x200D, 0x1F37C],
    &[0x1F468, 0x1F3FB, 0x200D, 0x1F393],
    &[0x1F468, 0x1F3FB, 0x200D, 0x1F3A4],
    &[0x1F468, 0x1F3FB, 0x200D, 0x1F3A8],
    &[0x1F468, 0x1F3FB, 0x200D, 0x1F3EB],
    &[0x1F468, 0x1F3FB, 0x200D, 0x1F3ED],
    &[0x1F468, 0x1F3FB, 0x200D, 0x1F4BB],
    &[0x1F468, 0x1F3FB, 0x200D, 0x1F4BC],
    &[0x1F468, 0x1F3FB, 0x200D, 0x1F527],
    &[0x1F468, 0x1F3FB, 0x200D, 0x1F52C],
    &[0x1F468, 0x1F3FB, 0x200D, 0x1F680],
    &[0x1F468, 0x1F3FB, 0x200D, 0x1F692],
    &[0x1F468, 0x1F3FB, 0x200D, 0x1F9AF],
    &[0x1F468, 0x1F3FB, 0x200D, 0x1F9AF, 0x200D, 0x27A1, 0xFE0F],
    &[0x1F468, 0x1F3FB, 0x200D, 0x1F9BC],
    &[0x1F468, 0x1F3FB, 0x200D, 0x1F9BC, 0x200D, 0x27A1, 0xFE0F],
    &[0x1F468, 0x1F3FB, 0x200D, 0x1F9BD],
    &[0x1F468, 0x1F3FB, 0x200D, 0x1F9BD, 0x200D, 0x27A1, 0xFE0F],
    &[0x1F468, 0x1F3FC, 0x200D, 0x2695, 0xFE0F],
    &[0x1F468, 0x1F3FC, 0x200D, 0x2696, 0xFE0F],
    &[0x1F468, 0x1F3FC, 0x200D, 0x2708, 0xFE0F],
    &[0x1F468, 0x1F3FC, 0x200D, 0x1F33E],
    &[0x1F468, 0x1F3FC, 0x200D, 0x1F373],
    &[0x1F468, 0x1F3FC, 0x200D, 0x1F37C],
    &[0x1F468, 0x1F3FC, 0x200D, 0x1F393],
    &[0x1F468, 0x1F3FC, 0x200D, 0x1F3A4],
    &[0x1F468, 0x1F3FC, 0x200D, 0x1F3A8],
    &[0x1F468, 0x1F3FC, 0x200D, 0x1F3EB],
    &[0x1F468, 0x1F3FC, 0x200D, 0x1F3ED],
    &[0x1F468, 0x1F3FC, 0x200D, 0x1F4BB],
    &[0x1F468, 0x1F3FC, 0x200D, 0x1F4BC],
    &[0x1F468, 0x1F3FC, 0x200D, 0x1F527],
    &[0x1F468, 0x1F3FC, 0x200D, 0x1F52C],
    &[0x1F468, 0x1F3FC, 0x200D, 0x1F680],
    &[0x1F468, 0x1F3FC, 0x200D, 0x1F692],
    &[0x1F468, 0x1F3FC, 0x200D, 0x1F9AF],
    &[0x1F468, 0x1F3FC, 0x200D, 0x1F9AF, 0x200D, 0x27A1, 0xFE0F],
    &[0x1F468, 0x1F3FC, 0x200D, 0x1F9BC],
    &[0x1F468, 0x1F3FC, 0x200D, 0x1F9BC, 0x200D, 0x27A1, 0xFE0F],
    &[0x1F468, 0x1F3FC, 0x200D, 0x1F9BD],
    &[0x1F468, 0x1F3FC, 0x200D, 0x1F9BD, 0x200D, 0x27A1, 0xFE0F],
    &[0x1F468, 0x1F3FD, 0x200D, 0x2695, 0xFE0F],
    &[0x1F468, 0x1F3FD, 0x200D, 0x2696, 0xFE0F],
    &[0x1F468, 0x1F3FD, 0x200D, 0x2708, 0xFE0F],
    &[0x1F468, 0x1F3FD, 0x200D, 0x1F33E],
    &[0x1F468, 0x1F3FD, 0x200D, 0x1F373],
    &[0x1F468, 0x1F3FD, 0x200D, 0x1F37C],
    &[0x1F468, 0x1F3FD, 0x200D, 0x1F393],
    &[0x1F468, 0x1F3FD, 0x200D, 0x1F3A4],
    &[0x1F468, 0x1F3FD, 0x200D, 0x1F3A8],
    &[0x1F468, 0x1F3FD, 0x200D, 0x1F3EB],
    &[0x1F468, 0x1F3FD, 0x200D, 0x1F3ED],
    &[0x1F468, 0x1F3FD, 0x200D, 0x1F4BB],
    &[0x1F468, 0x1F3FD, 0x200D, 0x1F4BC],
    &[0x1F468, 0x1F3FD, 0x200D, 0x1F527],
    &[0x1F468, 0x1F3FD, 0x200D, 0x1F52C],
    &[0x1F468, 0x1F3FD, 0x200D, 0x1F680],
    &[0x1F468, 0x1F3FD, 0x200D, 0x1F692],
    &[0x1F468, 0x1F3FD, 0x200D, 0x1F9AF],
    &[0x1F468, 0x1F3FD, 0x200D, 0x1F9AF, 0x200D, 0x27A1, 0xFE0F],
    &[0x1F468, 0x1F3FD, 0x200D, 0x1F9BC],
    &[0x1F468, 0x1F3FD, 0x200D, 0x1F9BC, 0x200D, 0x27A1, 0xFE0F],
    &[0x1F468, 0x1F3FD, 0x200D, 0x1F9BD],
    &[0x1F468, 0x1F3FD, 0x200D, 0x1F9BD, 0x200D, 0x27A1, 0xFE0F],
    &[0x1F468, 0x1F3FE, 0x200D, 0x2695, 0xFE0F],
    &[0x1F468, 0x1F3FE, 0x200D, 0x2696, 0xFE0F],
    &[0x1F468, 0x1F3FE, 0x200D, 0x2708, 0xFE0F],
    &[0x1F468, 0x1F3FE, 0x200D, 0x1F33E],
    &[0x1F468, 0x1F3FE, 0x200D, 0x1F373],
    &[0x1F468, 0x1F3FE, 0x200D, 0x1F37C],
    &[0x1F468, 0x1F3FE, 0x200D, 0x1F393],
    &[0x1F468, 0x1F3FE, 0x200D, 0x1F3A4],
    &[0x1F468, 0x1F3FE, 0x200D, 0x1F3A8],
    &[0x1F468, 0x1F3FE, 0x200D, 0x1F3EB],
    &[0x1F468, 0x1F3FE, 0x200D, 0x1F3ED],
    &[0x1F468, 0x1F3FE, 0x200D, 0x1F4BB],
    &[0x1F468, 0x1F3FE, 0x200D, 0x1F4BC],
    &[0x1F468, 0x1F3FE, 0x200D, 0x1F527],
    &[0x1F468, 0x1F3FE, 0x200D, 0x1F52C],
    &[0x1F468, 0x1F3FE, 0x200D, 0x1F680],
    &[0x1F468, 0x1F3FE, 0x200D, 0x1F692],
    &[0x1F468, 0x1F3FE, 0x200D, 0x1F9AF],
    &[0x1F468, 0x1F3FE, 0x200D, 0x1F9AF, 0x200D, 0x27A1, 0xFE0F],
    &[0x1F468, 0x1F3FE, 0x200D, 0x1F9BC],
    &[0x1F468, 0x1F3FE, 0x200D, 0x1F9BC, 0x200D, 0x27A1, 0xFE0F],
    &[0x1F468, 0x1F3FE, 0x200D, 0x1F9BD],
    &[0x1F468, 0x1F3FE, 0x200D, 0x1F9BD, 0x200D, 0x27A1, 0xFE0F],
    &[0x1F468, 0x1F3FF, 0x200D, 0x2695, 0xFE0F],
    &[0x1F468, 0x1F3FF, 0x200D, 0x2696, 0xFE0F],
    &[0x1F468, 0x1F3FF, 0x200D, 0x2708, 0xFE0F],
    &[0x1F468, 0x1F3FF, 0x200D, 0x1F33E],
    &[0x1F468, 0x1F3FF, 0x200D, 0x1F373],
    &[0x1F468, 0x1F3FF, 0x200D, 0x1F37C],
    &[0x1F468, 0x1F3FF, 0x200D, 0x1F393],
    &[0x1F468, 0x1F3FF, 0x200D, 0x1F3A4],
    &[0x1F468, 0x1F3FF, 0x200D, 0x1F3A8],
    &[0x1F468, 0x1F3FF, 0x200D, 0x1F3EB],
    &[0x1F468, 0x1F3FF, 0x200D, 0x1F3ED],
    &[0x1F468, 0x1F3FF, 0x200D, 0x1F4BB],
    &[0x1F468, 0x1F3FF, 0x200D, 0x1F4BC],
    &[0x1F468, 0x1F3FF, 0x200D, 0x1F527],
    &[0x1F468, 0x1F3FF, 0x200D, 0x1F52C],
    &[0x1F468, 0x1F3FF, 0x200D, 0x1F680],
    &[0x1F468, 0x1F3FF, 0x200D, 0x1F692],
    &[0x1F468, 0x1F3FF, 0x200D, 0x1F9AF],
    &[0x1F468, 0x1F3FF, 0x200D, 0x1F9AF, 0x200D, 0x27A1, 0xFE0F],
    &[0x1F468, 0x1F3FF, 0x200D, 0x1F9BC],
    &[0x1F468, 0x1F3FF, 0x200D, 0x1F9BC, 0x200D, 0x27A1, 0xFE0F],
    &[0x1F468, 0x1F3FF, 0x200D, 0x1F9BD],
    &[0x1F468, 0x1F3FF, 0x200D, 0x1F9BD, 0x200D, 0x27A1, 0xFE0F],
    &[0x1F469, 0x200D, 0x2695, 0xFE0F],
    &[0x1F469, 0x200D, 0x2696, 0xFE0F],
    &[0x1F469, 0x200D, 0x2708, 0xFE0F],
    &[0x1F469, 0x200D, 0x1F33E],
    &[0x1F469, 0x200D, 0x1F373],
    &[0x1F469, 0x200D, 0x1F37C],
    &[0x1F469, 0x200D, 0x1F393],
    &[0x1F469, 0x200D, 0x1F3A4],
    &[0x1F469, 0x200D, 0x1F3A8],
    &[0x1F469, 0x200D, 0x1F3EB],
    &[0x1F469, 0x200D, 0x1F3ED],
    &[0x1F469, 0x200D, 0x1F4BB],
    &[0x1F469, 0x200D, 0x1F4BC],
    &[0x1F469, 0x200D, 0x1F527],
    &[0x1F469, 0x200D, 0x1F52C],
    &[0x1F469, 0x200D, 0x1F680],
    &[0x1F469, 0x200D, 0x1F692],
    &[0x1F469, 0x200D, 0x1F9AF],
    &[0x1F469, 0x200D, 0x1F9AF, 0x200D, 0x27A1, 0xFE0F],
    &[0x1F469, 0x200D, 0x1F9BC],
    &[0x1F469, 0x200D, 0x1F9BC, 0x200D, 0x27A1, 0xFE0F],
    &[0x1F469, 0x200D, 0x1F9BD],
    &[0x1F469, 0x200D, 0x1F9BD, 0x200D, 0x27A1, 0xFE0F],
    &[0x1F469, 0x1F3FB, 0x200D, 0x2695, 0xFE0F],
    &[0x1F469, 0x1F3FB, 0x200D, 0x2696, 0xFE0F],
    &[0x1F469, 0x1F3FB, 0x200D, 0x2708, 0xFE0F],
    &[0x1F469, 0x1F3FB, 0x200D, 0x1F33E],
    &[0x1F469, 0x1F3FB, 0x200D, 0x1F373],
    &[0x1F469, 0x1F3FB, 0x200D, 0x1F37C],
    &[0x1F469, 0x1F3FB, 0x200D, 0x1F393],
    &[0x1F469, 0x1F3FB, 0x200D, 0x1F3A4],
    &[0x1F469, 0x1F3FB, 0x200D, 0x1F3A8],
    &[0x1F469, 0x1F3FB, 0x200D, 0x1F3EB],
    &[0x1F469, 0x1F3FB, 0x200D, 0x1F3ED],
    &[0x1F469, 0x1F3FB, 0x200D, 0x1F4BB],
    &[0x1F469, 0x1F3FB, 0x200D, 0x1F4BC],
    &[0x1F469, 0x1F3FB, 0x200D, 0x1F527],
    &[0x1F469, 0x1F3FB, 0x200D, 0x1F52C],
    &[0x1F469, 0x1F3FB, 0x200D, 0x1F680],
    &[0x1F469, 0x1F3FB, 0x200D, 0x1F692],
    &[0x1F469, 0x1F3FB, 0x200D, 0x1F9AF],
    &[0x1F469, 0x1F3FB, 0x200D, 0x1F9AF, 0x200D, 0x27A1, 0xFE0F],
    &[0x1F469, 0x1F3FB, 0x200D, 0x1F9BC],
    &[0x1F469, 0x1F3FB, 0x200D, 0x1F9BC, 0x200D, 0x27A1, 0xFE0F],
    &[0x1F469, 0x1F3FB, 0x200D, 0x1F9BD],
    &[0x1F469, 0x1F3FB, 0x200D, 0x1F9BD, 0x200D, 0x27A1, 0xFE0F],
    &[0x1F469, 0x1F3FC, 0x200D, 0x2695, 0xFE0F],
    &[0x1F469, 0x1F3FC, 0x200D, 0x2696, 0xFE0F],
    &[0x1F469, 0x1F3FC, 0x200D, 0x2708, 0xFE0F],
    &[0x1F469, 0x1F3FC, 0x200D, 0x1F33E],
    &[0x1F469, 0x1F3FC, 0x200D, 0x1F373],
    &[0x1F469, 0x1F3FC, 0x200D, 0x1F37C],
    &[0x1F469, 0x1F3FC, 0x200D, 0x1F393],
    &[0x1F469, 0x1F3FC, 0x200D, 0x1F3A4],
    &[0x1F469, 0x1F3FC, 0x200D, 0x1F3A8],
    &[0x1F469, 0x1F3FC, 0x200D, 0x1F3EB],
    &[0x1F469, 0x1F3FC, 0x200D, 0x1F3ED],
    &[0x1F469, 0x1F3FC, 0x200D, 0x1F4BB],
    &[0x1F469, 0x1F3FC, 0x200D, 0x1F4BC],
    &[0x1F469, 0x1F3FC, 0x200D, 0x1F527],
    &[0x1F469, 0x1F3FC, 0x200D, 0x1F52C],
    &[0x1F469, 0x1F3FC, 0x200D, 0x1F680],
    &[0x1F469, 0x1F3FC, 0x200D, 0x1F692],
    &[0x1F469, 0x1F3FC, 0x200D, 0x1F9AF],
    &[0x1F469, 0x1F3FC, 0x200D, 0x1F9AF, 0x200D, 0x27A1, 0xFE0F],
    &[0x1F469, 0x1F3FC, 0x200D, 0x1F9BC],
    &[0x1F469, 0x1F3FC, 0x200D, 0x1F9BC, 0x200D, 0x27A1, 0xFE0F],
    &[0x1F469, 0x1F3FC, 0x200D, 0x1F9BD],
    &[0x1F469, 0x1F3FC, 0x200D, 0x1F9BD, 0x200D, 0x27A1, 0xFE0F],
    &[0x1F469, 0x1F3FD, 0x200D, 0x2695, 0xFE0F],
    &[0x1F469, 0x1F3FD, 0x200D, 0x2696, 0xFE0F],
    &[0x1F469, 0x1F3FD, 0x200D, 0x2708, 0xFE0F],
    &[0x1F469, 0x1F3FD, 0x200D, 0x1F33E],
    &[0x1F469, 0x1F3FD, 0x200D, 0x1F373],
    &[0x1F469, 0x1F3FD, 0x200D, 0x1F37C],
    &[0x1F469, 0x1F3FD, 0x200D, 0x1F393],
    &[0x1F469, 0x1F3FD, 0x200D, 0x1F3A4],
    &[0x1F469, 0x1F3FD, 0x200D, 0x1F3A8],
    &[0x1F469, 0x1F3FD, 0x200D, 0x1F3EB],
    &[0x1F469, 0x1F3FD, 0x200D, 0x1F3ED],
    &[0x1F469, 0x1F3FD, 0x200D, 0x1F4BB],
    &[0x1F469, 0x1F3FD, 0x200D, 0x1F4BC],
    &[0x1F469, 0x1F3FD, 0x200D, 0x1F527],
    &[0x1F469, 0x1F3FD, 0x200D, 0x1F52C],
    &[0x1F469, 0x1F3FD, 0x200D, 0x1F680],
    &[0x1F469, 0x1F3FD, 0x200D, 0x1F692],
    &[0x1F469, 0x1F3FD, 0x200D, 0x1F9AF],
    &[0x1F469, 0x1F3FD, 0x200D, 0x1F9AF, 0x200D, 0x27A1, 0xFE0F],
    &[0x1F469, 0x1F3FD, 0x200D, 0x1F9BC],
    &[0x1F469, 0x1F3FD, 0x200D, 0x1F9BC, 0x200D, 0x27A1, 0xFE0F],
    &[0x1F469, 0x1F3FD, 0x200D, 0x1F9BD],
    &[0x1F469, 0x1F3FD, 0x200D, 0x1F9BD, 0x200D, 0x27A1, 0xFE0F],
    &[0x1F469, 0x1F3FE, 0x200D, 0x2695, 0xFE0F],
    &[0x1F469, 0x1F3FE, 0x200D, 0x2696, 0xFE0F],
    &[0x1F469, 0x1F3FE, 0x200D, 0x2708, 0xFE0F],
    &[0x1F469, 0x1F3FE, 0x200D, 0x1F33E],
    &[0x1F469, 0x1F3FE, 0x200D, 0x1F373],
    &[0x1F469, 0x1F3FE, 0x200D, 0x1F37C],
    &[0x1F469, 0x1F3FE, 0x200D, 0x1F393],
    &[0x1F469, 0x1F3FE, 0x200D, 0x1F3A4],
    &[0x1F469, 0x1F3FE, 0x200D, 0x1F3A8],
    &[0x1F469, 0x1F3FE, 0x200D, 0x1F3EB],
    &[0x1F469, 0x1F3FE, 0x200D, 0x1F3ED],
    &[0x1F469, 0x1F3FE, 0x200D, 0x1F4BB],
    &[0x1F469, 0x1F3FE, 0x200D, 0x1F4BC],
    &[0x1F469, 0x1F3FE, 0x200D, 0x1F527],
    &[0x1F469, 0x1F3FE, 0x200D, 0x1F52C],
    &[0x1F469, 0x1F3FE, 0x200D, 0x1F680],
    &[0x1F469, 0x1F3FE, 0x200D, 0x1F692],
    &[0x1F469, 0x1F3FE, 0x200D, 0x1F9AF],
    &[0x1F469, 0x1F3FE, 0x200D, 0x1F9AF, 0x200D, 0x27A1, 0xFE0F],
    &[0x1F469, 0x1F3FE, 0x200D, 0x1F9BC],
    &[0x1F469, 0x1F3FE, 0x200D, 0x1F9BC, 0x200D, 0x27A1, 0xFE0F],
    &[0x1F469, 0x1F3FE, 0x200D, 0x1F9BD],
    &[0x1F469, 0x1F3FE, 0x200D, 0x1F9BD, 0x200D, 0x27A1, 0xFE0F],
    &[0x1F469, 0x1F3FF, 0x200D, 0x2695, 0xFE0F],
    &[0x1F469, 0x1F3FF, 0x200D, 0x2696, 0xFE0F],
    &[0x1F469, 0x1F3FF, 0x200D, 0x2708, 0xFE0F],
    &[0x1F469, 0x1F3FF, 0x200D, 0x1F33E],
    &[0x1F469, 0x1F3FF, 0x200D, 0x1F373],
    &[0x1F469, 0x1F3FF, 0x200D, 0x1F37C],
    &[0x1F469, 0x1F3FF, 0x200D, 0x1F393],
    &[0x1F469, 0x1F3FF, 0x200D, 0x1F3A4],
    &[0x1F469, 0x1F3FF, 0x200D, 0x1F3A8],
    &[0x1F469, 0x1F3FF, 0x200D, 0x1F3EB],
    &[0x1F469, 0x1F3FF, 0x200D, 0x1F3ED],
    &[0x1F469, 0x1F3FF, 0x200D, 0x1F4BB],
    &[0x1F469, 0x1F3FF, 0x200D, 0x1F4BC],
    &[0x1F469, 0x1F3FF, 0x200D, 0x1F527],
    &[0x1F469, 0x1F3FF, 0x200D, 0x1F52C],
    &[0x1F469, 0x1F3FF, 0x200D, 0x1F680],
    &[0x1F469, 0x1F3FF, 0x200D, 0x1F692],
    &[0x1F469, 0x1F3FF, 0x200D, 0x1F9AF],
    &[0x1F469, 0x1F3FF, 0x200D, 0x1F9AF, 0x200D, 0x27A1, 0xFE0F],
    &[0x1F469, 0x1F3FF, 0x200D, 0x1F9BC],
    &[0x1F469, 0x1F3FF, 0x200D, 0x1F9BC, 0x200D, 0x27A1, 0xFE0F],
    &[0x1F469, 0x1F3FF, 0x200D, 0x1F9BD],
    &[0x1F469, 0x1F3FF, 0x200D, 0x1F9BD, 0x200D, 0x27A1, 0xFE0F],
    &[0x1F6B6, 0x200D, 0x27A1, 0xFE0F],
    &[0x1F6B6, 0x1F3FB, 0x200D, 0x27A1, 0xFE0F],
    &[0x1F6B6, 0x1F3FC, 0x200D, 0x27A1, 0xFE0F],
    &[0x1F6B6, 0x1F3FD, 0x200D, 0x27A1, 0xFE0F],
    &[0x1F6B6, 0x1F3FE, 0x200D, 0x27A1, 0xFE0F],
    &[0x1F6B6, 0x1F3FF, 0x200D, 0x27A1, 0xFE0F],
    &[0x1F9CE, 0x200D, 0x27A1, 0xFE0F],
    &[0x1F9CE, 0x1F3FB, 0x200D, 0x27A1, 0xFE0F],
    &[0x1F9CE, 0x1F3FC, 0x200D, 0x27A1, 0xFE0F],
    &[0x1F9CE, 0x1F3FD, 0x200D, 0x27A1, 0xFE0F],
    &[0x1F9CE, 0x1F3FE, 0x200D, 0x27A1, 0xFE0F],
    &[0x1F9CE, 0x1F3FF, 0x200D, 0x27A1, 0xFE0F],
    &[0x1F9D1, 0x200D, 0x2695, 0xFE0F],
    &[0x1F9D1, 0x200D, 0x2696, 0xFE0F],
    &[0x1F9D1, 0x200D, 0x2708, 0xFE0F],
    &[0x1F9D1, 0x200D, 0x1F33E],
    &[0x1F9D1, 0x200D, 0x1F373],
    &[0x1F9D1, 0x200D, 0x1F37C],
    &[0x1F9D1, 0x200D, 0x1F384],
    &[0x1F9D1, 0x200D, 0x1F393],
    &[0x1F9D1, 0x200D, 0x1F3A4],
    &[0x1F9D1, 0x200D, 0x1F3A8],
    &[0x1F9D1, 0x200D, 0x1F3EB],
    &[0x1F9D1, 0x200D, 0x1F3ED],
    &[0x1F9D1, 0x200D, 0x1F4BB],
    &[0x1F9D1, 0x200D, 0x1F4BC],
    &[0x1F9D1, 0x200D, 0x1F527],
    &[0x1F9D1, 0x200D, 0x1F52C],
    &[0x1F9D1, 0x200D, 0x1F680],
    &[0x1F9D1, 0x200D, 0x1F692],
    &[0x1F9D1, 0x200D, 0x1F9AF],
    &[0x1F9D1, 0x200D, 0x1F9AF, 0x200D, 0x27A1, 0xFE0F],
    &[0x1F9D1, 0x200D, 0x1F9BC],
    &[0x1F9D1, 0x200D, 0x1F9BC, 0x200D, 0x27A1, 0xFE0F],
    &[0x1F9D1, 0x200D, 0x1F9BD],
    &[0x1F9D1, 0x200D, 0x1F9BD, 0x200D, 0x27A1, 0xFE0F],
    &[0x1F9D1, 0x1F3FB, 0x200D, 0x2695, 0xFE0F],
    &[0x1F9D1, 0x1F3FB, 0x200D, 0x2696, 0xFE0F],
    &[0x1F9D1, 0x1F3FB, 0x200D, 0x2708, 0xFE0F],
    &[0x1F9D1, 0x1F3FB, 0x200D, 0x1F33E],
    &[0x1F9D1, 0x1F3FB, 0x200D, 0x1F373],
    &[0x1F9D1, 0x1F3FB, 0x200D, 0x1F37C],
    &[0x1F9D1, 0x1F3FB, 0x200D, 0x1F384],
    &[0x1F9D1, 0x1F3FB, 0x200D, 0x1F393],
    &[0x1F9D1, 0x1F3FB, 0x200D, 0x1F3A4],
    &[0x1F9D1, 0x1F3FB, 0x200D, 0x1F3A8],
    &[0x1F9D1, 0x1F3FB, 0x200D, 0x1F3EB],
    &[0x1F9D1, 0x1F3FB, 0x200D, 0x1F3ED],
    &[0x1F9D1, 0x1F3FB, 0x200D, 0x1F4BB],
    &[0x1F9D1, 0x1F3FB, 0x200D, 0x1F4BC],
    &[0x1F9D1, 0x1F3FB, 0x200D, 0x1F527],
    &[0x1F9D1, 0x1F3FB, 0x200D, 0x1F52C],
    &[0x1F9D1, 0x1F3FB, 0x200D, 0x1F680],
    &[0x1F9D1, 0x1F3FB, 0x200D, 0x1F692],
    &[0x1F9D1, 0x1F3FB, 0x200D, 0x1F9AF],
    &[0x1F9D1, 0x1F3FB, 0x200D, 0x1F9AF, 0x200D, 0x27A1, 0xFE0F],
    &[0x1F9D1, 0x1F3FB, 0x200D, 0x1F9BC],
    &[0x1F9D1, 0x1F3FB, 0x200D, 0x1F9BC, 0x200D, 0x27A1, 0xFE0F],
    &[0x1F9D1, 0x1F3FB, 0x200D, 0x1F9BD],
    &[0x1F9D1, 0x1F3FB, 0x200D, 0x1F9BD, 0x200D, 0x27A1, 0xFE0F],
    &[0x1F9D1, 0x1F3FC, 0x200D, 0x2695, 0xFE0F],
    &[0x1F9D1, 0x1F3FC, 0x200D, 0x2696, 0xFE0F],
    &[0x1F9D1, 0x1F3FC, 0x200D, 0x2708, 0xFE0F],
    &[0x1F9D1, 0x1F3FC, 0x200D, 0x1F33E],
    &[0x1F9D1, 0x1F3FC, 0x200D, 0x1F373],
    &[0x1F9D1, 0x1F3FC, 0x200D, 0x1F37C],
    &[0x1F9D1, 0x1F3FC, 0x200D, 0x1F384],
    &[0x1F9D1, 0x1F3FC, 0x200D, 0x1F393],
    &[0x1F9D1, 0x1F3FC, 0x200D, 0x1F3A4],
    &[0x1F9D1, 0x1F3FC, 0x200D, 0x1F3A8],
    &[0x1F9D1, 0x1F3FC, 0x200D, 0x1F3EB],
    &[0x1F9D1, 0x1F3FC, 0x200D, 0x1F3ED],
    &[0x1F9D1, 0x1F3FC, 0x200D, 0x1F4BB],
    &[0x1F9D1, 0x1F3FC, 0x200D, 0x1F4BC],
    &[0x1F9D1, 0x1F3FC, 0x200D, 0x1F527],
    &[0x1F9D1, 0x1F3FC, 0x200D, 0x1F52C],
    &[0x1F9D1, 0x1F3FC, 0x200D, 0x1F680],
    &[0x1F9D1, 0x1F3FC, 0x200D, 0x1F692],
    &[0x1F9D1, 0x1F3FC, 0x200D, 0x1F9AF],
    &[0x1F9D1, 0x1F3FC, 0x200D, 0x1F9AF, 0x200D, 0x27A1, 0xFE0F],
    &[0x1F9D1, 0x1F3FC, 0x200D, 0x1F9BC],
    &[0x1F9D1, 0x1F3FC, 0x200D, 0x1F9BC, 0x200D, 0x27A1, 0xFE0F],
    &[0x1F9D1, 0x1F3FC, 0x200D, 0x1F9BD],
    &[0x1F9D1, 0x1F3FC, 0x200D, 0x1F9BD, 0x200D, 0x27A1, 0xFE0F],
    &[0x1F9D1, 0x1F3FD, 0x200D, 0x2695, 0xFE0F],
    &[0x1F9D1, 0x1F3FD, 0x200D, 0x2696, 0xFE0F],
    &[0x1F9D1, 0x1F3FD, 0x200D, 0x2708, 0xFE0F],
    &[0x1F9D1, 0x1F3FD, 0x200D, 0x1F33E],
    &[0x1F9D1, 0x1F3FD, 0x200D, 0x1F373],
    &[0x1F9D1, 0x1F3FD, 0x200D, 0x1F37C],
    &[0x1F9D1, 0x1F3FD, 0x200D, 0x1F384],
    &[0x1F9D1, 0x1F3FD, 0x200D, 0x1F393],
    &[0x1F9D1, 0x1F3FD, 0x200D, 0x1F3A4],
    &[0x1F9D1, 0x1F3FD, 0x200D, 0x1F3A8],
    &[0x1F9D1, 0x1F3FD, 0x200D, 0x1F3EB],
    &[0x1F9D1, 0x1F3FD, 0x200D, 0x1F3ED],
    &[0x1F9D1, 0x1F3FD, 0x200D, 0x1F4BB],
    &[0x1F9D1, 0x1F3FD, 0x200D, 0x1F4BC],
    &[0x1F9D1, 0x1F3FD, 0x200D, 0x1F527],
    &[0x1F9D1, 0x1F3FD, 0x200D, 0x1F52C],
    &[0x1F9D1, 0x1F3FD, 0x200D, 0x1F680],
    &[0x1F9D1, 0x1F3FD, 0x200D, 0x1F692],
    &[0x1F9D1, 0x1F3FD, 0x200D, 0x1F9AF],
    &[0x1F9D1, 0x1F3FD, 0x200D, 0x1F9AF, 0x200D, 0x27A1, 0xFE0F],
    &[0x1F9D1, 0x1F3FD, 0x200D, 0x1F9BC],
    &[0x1F9D1, 0x1F3FD, 0x200D, 0x1F9BC, 0x200D, 0x27A1, 0xFE0F],
    &[0x1F9D1, 0x1F3FD, 0x200D, 0x1F9BD],
    &[0x1F9D1, 0x1F3FD, 0x200D, 0x1F9BD, 0x200D, 0x27A1, 0xFE0F],
    &[0x1F9D1, 0x1F3FE, 0x200D, 0x2695, 0xFE0F],
    &[0x1F9D1, 0x1F3FE, 0x200D, 0x2696, 0xFE0F],
    &[0x1F9D1, 0x1F3FE, 0x200D, 0x2708, 0xFE0F],
    &[0x1F9D1, 0x1F3FE, 0x200D, 0x1F33E],
    &[0x1F9D1, 0x1F3FE, 0x200D, 0x1F373],
    &[0x1F9D1, 0x1F3FE, 0x200D, 0x1F37C],
    &[0x1F9D1, 0x1F3FE, 0x200D, 0x1F384],
    &[0x1F9D1, 0x1F3FE, 0x200D, 0x1F393],
    &[0x1F9D1, 0x1F3FE, 0x200D, 0x1F3A4],
    &[0x1F9D1, 0x1F3FE, 0x200D, 0x1F3A8],
    &[0x1F9D1, 0x1F3FE, 0x200D, 0x1F3EB],
    &[0x1F9D1, 0x1F3FE, 0x200D, 0x1F3ED],
    &[0x1F9D1, 0x1F3FE, 0x200D, 0x1F4BB],
    &[0x1F9D1, 0x1F3FE, 0x200D, 0x1F4BC],
    &[0x1F9D1, 0x1F3FE, 0x200D, 0x1F527],
    &[0x1F9D1, 0x1F3FE, 0x200D, 0x1F52C],
    &[0x1F9D1, 0x1F3FE, 0x200D, 0x1F680],
    &[0x1F9D1, 0x1F3FE, 0x200D, 0x1F692],
    &[0x1F9D1, 0x1F3FE, 0x200D, 0x1F9AF],
    &[0x1F9D1, 0x1F3FE, 0x200D, 0x1F9AF, 0x200D, 0x27A1, 0xFE0F],
    &[0x1F9D1, 0x1F3FE, 0x200D, 0x1F9BC],
    &[0x1F9D1, 0x1F3FE, 0x200D, 0x1F9BC, 0x200D, 0x27A1, 0xFE0F],
    &[0x1F9D1, 0x1F3FE, 0x200D, 0x1F9BD],
    &[0x1F9D1, 0x1F3FE, 0x200D, 0x1F9BD, 0x200D, 0x27A1, 0xFE0F],
    &[0x1F9D1, 0x1F3FF, 0x200D, 0x2695, 0xFE0F],
    &[0x1F9D1, 0x1F3FF, 0x200D, 0x2696, 0xFE0F],
    &[0x1F9D1, 0x1F3FF, 0x200D, 0x2708, 0xFE0F],
    &[0x1F9D1, 0x1F3FF, 0x200D, 0x1F33E],
    &[0x1F9D1, 0x1F3FF, 0x200D, 0x1F373],
    &[0x1F9D1, 0x1F3FF, 0x200D, 0x1F37C],
    &[0x1F9D1, 0x1F3FF, 0x200D, 0x1F384],
    &[0x1F9D1, 0x1F3FF, 0x200D, 0x1F393],
    &[0x1F9D1, 0x1F3FF, 0x200D, 0x1F3A4],
    &[0x1F9D1, 0x1F3FF, 0x200D, 0x1F3A8],
    &[0x1F9D1, 0x1F3FF, 0x200D, 0x1F3EB],
    &[0x1F9D1, 0x1F3FF, 0x200D, 0x1F3ED],
    &[0x1F9D1, 0x1F3FF, 0x200D, 0x1F4BB],
    &[0x1F9D1, 0x1F3FF, 0x200D, 0x1F4BC],
    &[0x1F9D1, 0x1F3FF, 0x200D, 0x1F527],
    &[0x1F9D1, 0x1F3FF, 0x200D, 0x1F52C],
    &[0x1F9D1, 0x1F3FF, 0x200D, 0x1F680],
    &[0x1F9D1, 0x1F3FF, 0x200D, 0x1F692],
    &[0x1F9D1, 0x1F3FF, 0x200D, 0x1F9AF],
    &[0x1F9D1, 0x1F3FF, 0x200D, 0x1F9AF, 0x200D, 0x27A1, 0xFE0F],
    &[0x1F9D1, 0x1F3FF, 0x200D, 0x1F9BC],
    &[0x1F9D1, 0x1F3FF, 0x200D, 0x1F9BC, 0x200D, 0x27A1, 0xFE0F],
    &[0x1F9D1, 0x1F3FF, 0x200D, 0x1F9BD],
    &[0x1F9D1, 0x1F3FF, 0x200D, 0x1F9BD, 0x200D, 0x27A1, 0xFE0F],
    &[0x26F9, 0x1F3FB, 0x200D, 0x2640, 0xFE0F],
    &[0x26F9, 0x1F3FB, 0x200D, 0x2642, 0xFE0F],
    &[0x26F9, 0x1F3FC, 0x200D, 0x2640, 0xFE0F],
    &[0x26F9, 0x1F3FC, 0x200D, 0x2642, 0xFE0F],
    &[0x26F9, 0x1F3FD, 0x200D, 0x2640, 0xFE0F],
    &[0x26F9, 0x1F3FD, 0x200D, 0x2642, 0xFE0F],
    &[0x26F9, 0x1F3FE, 0x200D, 0x2640, 0xFE0F],
    &[0x26F9, 0x1F3FE, 0x200D, 0x2642, 0xFE0F],
    &[0x26F9, 0x1F3FF, 0x200D, 0x2640, 0xFE0F],
    &[0x26F9, 0x1F3FF, 0x200D, 0x2642, 0xFE0F],
    &[0x26F9, 0xFE0F, 0x200D, 0x2640, 0xFE0F],
    &[0x26F9, 0xFE0F, 0x200D, 0x2642, 0xFE0F],
    &[0x1F3C3, 0x200D, 0x2640, 0xFE0F],
    &[0x1F3C3, 0x200D, 0x2640, 0xFE0F, 0x200D, 0x27A1, 0xFE0F],
    &[0x1F3C3, 0x200D, 0x2642, 0xFE0F],
    &[0x1F3C3, 0x200D, 0x2642, 0xFE0F, 0x200D, 0x27A1, 0xFE0F],
    &[0x1F3C3, 0x1F3FB, 0x200D, 0x2640, 0xFE0F],
    &[0x1F3C3, 0x1F3FB, 0x200D, 0x2640, 0xFE0F, 0x200D, 0x27A1, 0xFE0F],
    &[0x1F3C3, 0x1F3FB, 0x200D, 0x2642, 0xFE0F],
    &[0x1F3C3, 0x1F3FB, 0x200D, 0x2642, 0xFE0F, 0x200D, 0x27A1, 0xFE0F],
    &[0x1F3C3, 0x1F3FC, 0x200D, 0x2640, 0xFE0F],
    &[0x1F3C3, 0x1F3FC, 0x200D, 0x2640, 0xFE0F, 0x200D, 0x27A1, 0xFE0F],
    &[0x1F3C3, 0x1F3FC, 0x200D, 0x2642, 0xFE0F],
    &[0x1F3C3, 0x1F3FC, 0x200D, 0x2642, 0xFE0F, 0x200D, 0x27A1, 0xFE0F],
    &[0x1F3C3, 0x1F3FD, 0x200D, 0x2640, 0xFE0F],
    &[0x1F3C3, 0x1F3FD, 0x200D, 0x2640, 0xFE0F, 0x200D, 0x27A1, 0xFE0F],
    &[0x1F3C3, 0x1F3FD, 0x200D, 0x2642, 0xFE0F],
    &[0x1F3C3, 0x1F3FD, 0x200D, 0x2642, 0xFE0F, 0x200D, 0x27A1, 0xFE0F],
    &[0x1F3C3, 0x1F3FE, 0x200D, 0x2640, 0xFE0F],
    &[0x1F3C3, 0x1F3FE, 0x200D, 0x2640, 0xFE0F, 0x200D, 0x27A1, 0xFE0F],
    &[0x1F3C3, 0x1F3FE, 0x200D, 0x2642, 0xFE0F],
    &[0x1F3C3, 0x1F3FE, 0x200D, 0x2642, 0xFE0F, 0x200D, 0x27A1, 0xFE0F],
    &[0x1F3C3, 0x1F3FF, 0x200D, 0x2640, 0xFE0F],
    &[0x1F3C3, 0x1F3FF, 0x200D, 0x2640, 0xFE0F, 0x200D, 0x27A1, 0xFE0F],
    &[0x1F3C3, 0x1F3FF, 0x200D, 0x2642, 0xFE0F],
    &[0x1F3C3, 0x1F3FF, 0x200D, 0x2642, 0xFE0F, 0x200D, 0x27A1, 0xFE0F],
    &[0x1F3C4, 0x200D, 0x2640, 0xFE0F],
    &[0x1F3C4, 0x200D, 0x2642, 0xFE0F],
    &[0x1F3C4, 0x1F3FB, 0x200D, 0x2640, 0xFE0F],
    &[0x1F3C4, 0x1F3FB, 0x200D, 0x2642, 0xFE0F],
    &[0x1F3C4, 0x1F3FC, 0x200D, 0x2640, 0xFE0F],
    &[0x1F3C4, 0x1F3FC, 0x200D, 0x2642, 0xFE0F],
    &[0x1F3C4, 0x1F3FD, 0x200D, 0x2640, 0xFE0F],
    &[0x1F3C4, 0x1F3FD, 0x200D, 0x2642, 0xFE0F],
    &[0x1F3C4, 0x1F3FE, 0x200D, 0x2640, 0xFE0F],
    &[0x1F3C4, 0x1F3FE, 0x200D, 0x2642, 0xFE0F],
    &[0x1F3C4, 0x1F3FF, 0x200D, 0x2640, 0xFE0F],
    &[0x1F3C4, 0x1F3FF, 0x200D, 0x2642, 0xFE0F],
    &[0x1F3CA, 0x200D, 0x2640, 0xFE0F],
    &[0x1F3CA, 0x200D, 0x2642, 0xFE0F],
    &[0x1F3CA, 0x1F3FB, 0x200D, 0x2640, 0xFE0F],
    &[0x1F3CA, 0x1F3FB, 0x200D, 0x2642, 0xFE0F],
    &[0x1F3CA, 0x1F3FC, 0x200D, 0x2640, 0xFE0F],
    &[0x1F3CA, 0x1F3FC, 0x200D, 0x2642, 0xFE0F],
    &[0x1F3CA, 0x1F3FD, 0x200D, 0x2640, 0xFE0F],
    &[0x1F3CA, 0x1F3FD, 0x200D, 0x2642, 0xFE0F],
    &[0x1F3CA, 0x1F3FE, 0x200D, 0x2640, 0xFE0F],
    &[0x1F3CA, 0x1F3FE, 0x200D, 0x2642, 0xFE0F],
    &[0x1F3CA, 0x1F3FF, 0x200D, 0x2640, 0xFE0F],
    &[0x1F3CA, 0x1F3FF, 0x200D, 0x2642, 0xFE0F],
    &[0x1F3CB, 0x1F3FB, 0x200D, 0x2640, 0xFE0F],
    &[0x1F3CB, 0x1F3FB, 0x200D, 0x2642, 0xFE0F],
    &[0x1F3CB, 0x1F3FC, 0x200D, 0x2640, 0xFE0F],
    &[0x1F3CB, 0x1F3FC, 0x200D, 0x2642, 0xFE0F],
    &[0x1F3CB, 0x1F3FD, 0x200D, 0x2640, 0xFE0F],
    &[0x1F3CB, 0x1F3FD, 0x200D, 0x2642, 0xFE0F],
    &[0x1F3CB, 0x1F3FE, 0x200D, 0x2640, 0xFE0F],
    &[0x1F3CB, 0x1F3FE, 0x200D, 0x2642, 0xFE0F],
    &[0x1F3CB, 0x1F3FF, 0x200D, 0x2640, 0xFE0F],
    &[0x1F3CB, 0x1F3FF, 0x200D, 0x2642, 0xFE0F],
    &[0x1F3CB, 0xFE0F, 0x200D, 0x2640, 0xFE0F],
    &[0x1F3CB, 0xFE0F, 0x200D, 0x2642, 0xFE0F],
    &[0x1F3CC, 0x1F3FB, 0x200D, 0x2640, 0xFE0F],
    &[0x1F3CC, 0x1F3FB, 0x200D, 0x2642, 0xFE0F],
    &[0x1F3CC, 0x1F3FC, 0x200D, 0x2640, 0xFE0F],
    &[0x1F3CC, 0x1F3FC, 0x200D, 0x2642, 0xFE0F],
    &[0x1F3CC, 0x1F3FD, 0x200D, 0x2640, 0xFE0F],
    &[0x1F3CC, 0x1F3FD, 0x200D, 0x2642, 0xFE0F],
    &[0x1F3CC, 0x1F3FE, 0x200D, 0x2640, 0xFE0F],
    &[0x1F3CC, 0x1F3FE, 0x200D, 0x2642, 0xFE0F],
    &[0x1F3CC, 0x1F3FF, 0x200D, 0x2640, 0xFE0F],
    &[0x1F3CC, 0x1F3FF, 0x200D, 0x2642, 0xFE0F],
    &[0x1F3CC, 0xFE0F, 0x200D, 0x2640, 0xFE0F],
    &[0x1F3CC, 0xFE0F, 0x200D, 0x2642, 0xFE0F],
    &[0x1F46E, 0x200D, 0x2640, 0xFE0F],
    &[0x1F46E, 0x200D, 0x2642, 0xFE0F],
    &[0x1F46E, 0x1F3FB, 0x200D, 0x2640, 0xFE0F],
    &[0x1F46E, 0x1F3FB, 0x200D, 0x2642, 0xFE0F],
    &[0x1F46E, 0x1F3FC, 0x200D, 0x2640, 0xFE0F],
    &[0x1F46E, 0x1F3FC, 0x200D, 0x2642, 0xFE0F],
    &[0x1F46E, 0x1F3FD, 0x200D, 0x2640, 0xFE0F],
    &[0x1F46E, 0x1F3FD, 0x200D, 0x2642, 0xFE0F],
    &[0x1F46E, 0x1F3FE, 0x200D, 0x2640, 0xFE0F],
    &[0x1F46E, 0x1F3FE, 0x200D, 0x2642, 0xFE0F],
    &[0x1F46E, 0x1F3FF, 0x200D, 0x2640, 0xFE0F],
    &[0x1F46E, 0x1F3FF, 0x200D, 0x2642, 0xFE0F],
    &[0x1F46F, 0x200D, 0x2640, 0xFE0F],
    &[0x1F46F, 0x200D, 0x2642, 0xFE0F],
    &[0x1F46F, 0x1F3FB, 0x200D, 0x2640, 0xFE0F],
    &[0x1F46F, 0x1F3FB, 0x200D, 0x2642, 0xFE0F],
    &[0x1F46F, 0x1F3FC, 0x200D, 0x2640, 0xFE0F],
    &[0x1F46F, 0x1F3FC, 0x200D, 0x2642, 0xFE0F],
    &[0x1F46F, 0x1F3FD, 0x200D, 0x2640, 0xFE0F],
    &[0x1F46F, 0x1F3FD, 0x200D, 0x2642, 0xFE0F],
    &[0x1F46F, 0x1F3FE, 0x200D, 0x2640, 0xFE0F],
    &[0x1F46F, 0x1F3FE, 0x200D, 0x2642, 0xFE0F],
    &[0x1F46F, 0x1F3FF, 0x200D, 0x2640, 0xFE0F],
    &[0x1F46F, 0x1F3FF, 0x200D, 0x2642, 0xFE0F],
    &[0x1F470, 0x200D, 0x2640, 0xFE0F],
    &[0x1F470, 0x200D, 0x2642, 0xFE0F],
    &[0x1F470, 0x1F3FB, 0x200D, 0x2640, 0xFE0F],
    &[0x1F470, 0x1F3FB, 0x200D, 0x2642, 0xFE0F],
    &[0x1F470, 0x1F3FC, 0x200D, 0x2640, 0xFE0F],
    &[0x1F470, 0x1F3FC, 0x200D, 0x2642, 0xFE0F],
    &[0x1F470, 0x1F3FD, 0x200D, 0x2640, 0xFE0F],
    &[0x1F470, 0x1F3FD, 0x200D, 0x2642, 0xFE0F],
    &[0x1F470, 0x1F3FE, 0x200D, 0x2640, 0xFE0F],
    &[0x1F470, 0x1F3FE, 0x200D, 0x2642, 0xFE0F],
    &[0x1F470, 0x1F3FF, 0x200D, 0x2640, 0xFE0F],
    &[0x1F470, 0x1F3FF, 0x200D, 0x2642, 0xFE0F],
    &[0x1F471, 0x200D, 0x2640, 0xFE0F],
    &[0x1F471, 0x200D, 0x2642, 0xFE0F],
    &[0x1F471, 0x1F3FB, 0x200D, 0x2640, 0xFE0F],
    &[0x1F471, 0x1F3FB, 0x200D, 0x2642, 0xFE0F],
    &[0x1F471, 0x1F3FC, 0x200D, 0x2640, 0xFE0F],
    &[0x1F471, 0x1F3FC, 0x200D, 0x2642, 0xFE0F],
    &[0x1F471, 0x1F3FD, 0x200D, 0x2640, 0xFE0F],
    &[0x1F471, 0x1F3FD, 0x200D, 0x2642, 0xFE0F],
    &[0x1F471, 0x1F3FE, 0x200D, 0x2640, 0xFE0F],
    &[0x1F471, 0x1F3FE, 0x200D, 0x2642, 0xFE0F],
    &[0x1F471, 0x1F3FF, 0x200D, 0x2640, 0xFE0F],
    &[0x1F471, 0x1F3FF, 0x200D, 0x2642, 0xFE0F],
    &[0x1F473, 0x200D, 0x2640, 0xFE0F],
    &[0x1F473, 0x200D, 0x2642, 0xFE0F],
    &[0x1F473, 0x1F3FB, 0x200D, 0x2640, 0xFE0F],
    &[0x1F473, 0x1F3FB, 0x200D, 0x2642, 0xFE0F],
    &[0x1F473, 0x1F3FC, 0x200D, 0x2640, 0xFE0F],
    &[0x1F473, 0x1F3FC, 0x200D, 0x2642, 0xFE0F],
    &[0x1F473, 0x1F3FD, 0x200D, 0x2640, 0xFE0F],
    &[0x1F473, 0x1F3FD, 0x200D, 0x2642, 0xFE0F],
    &[0x1F473, 0x1F3FE, 0x200D, 0x2640, 0xFE0F],
    &[0x1F473, 0x1F3FE, 0x200D, 0x2642, 0xFE0F],
    &[0x1F473, 0x1F3FF, 0x200D, 0x2640, 0xFE0F],
    &[0x1F473, 0x1F3FF, 0x200D, 0x2642, 0xFE0F],
    &[0x1F477, 0x200D, 0x2640, 0xFE0F],
    &[0x1F477, 0x200D, 0x2642, 0xFE0F],
    &[0x1F477, 0x1F3FB, 0x200D, 0x2640, 0xFE0F],
    &[0x1F477, 0x1F3FB, 0x200D, 0x2642, 0xFE0F],
    &[0x1F477, 0x1F3FC, 0x200D, 0x2640, 0xFE0F],
    &[0x1F477, 0x1F3FC, 0x200D, 0x2642, 0xFE0F],
    &[0x1F477, 0x1F3FD, 0x200D, 0x2640, 0xFE0F],
    &[0x1F477, 0x1F3FD, 0x200D, 0x2642, 0xFE0F],
    &[0x1F477, 0x1F3FE, 0x200D, 0x2640, 0xFE0F],
    &[0x1F477, 0x1F3FE, 0x200D, 0x2642, 0xFE0F],
    &[0x1F477, 0x1F3FF, 0x200D, 0x2640, 0xFE0F],
    &[0x1F477, 0x1F3FF, 0x200D, 0x2642, 0xFE0F],
    &[0x1F481, 0x200D, 0x2640, 0xFE0F],
    &[0x1F481, 0x200D, 0x2642, 0xFE0F],
    &[0x1F481, 0x1F3FB, 0x200D, 0x2640, 0xFE0F],
    &[0x1F481, 0x1F3FB, 0x200D, 0x2642, 0xFE0F],
    &[0x1F481, 0x1F3FC, 0x200D, 0x2640, 0xFE0F],
    &[0x1F481, 0x1F3FC, 0x200D, 0x2642, 0xFE0F],
    &[0x1F481, 0x1F3FD, 0x200D, 0x2640, 0xFE0F],
    &[0x1F481, 0x1F3FD, 0x200D, 0x2642, 0xFE0F],
    &[0x1F481, 0x1F3FE, 0x200D, 0x2640, 0xFE0F],
    &[0x1F481, 0x1F3FE, 0x200D, 0x2642, 0xFE0F],
    &[0x1F481, 0x1F3FF, 0x200D, 0x2640, 0xFE0F],
    &[0x1F481, 0x1F3FF, 0x200D, 0x2642, 0xFE0F],
    &[0x1F482, 0x200D, 0x2640, 0xFE0F],
    &[0x1F482, 0x200D, 0x2642, 0xFE0F],
    &[0x1F482, 0x1F3FB, 0x200D, 0x2640, 0xFE0F],
    &[0x1F482, 0x1F3FB, 0x200D, 0x2642, 0xFE0F],
    &[0x1F482, 0x1F3FC, 0x200D, 0x2640, 0xFE0F],
    &[0x1F482, 0x1F3FC, 0x200D, 0x2642, 0xFE0F],
    &[0x1F482, 0x1F3FD, 0x200D, 0x2640, 0xFE0F],
    &[0x1F482, 0x1F3FD, 0x200D, 0x2642, 0xFE0F],
    &[0x1F482, 0x1F3FE, 0x200D, 0x2640, 0xFE0F],
    &[0x1F482, 0x1F3FE, 0x200D, 0x2642, 0xFE0F],
    &[0x1F482, 0x1F3FF, 0x200D, 0x2640, 0xFE0F],
    &[0x1F482, 0x1F3FF, 0x200D, 0x2642, 0xFE0F],
    &[0x1F486, 0x200D, 0x2640, 0xFE0F],
    &[0x1F486, 0x200D, 0x2642, 0xFE0F],
    &[0x1F486, 0x1F3FB, 0x200D, 0x2640, 0xFE0F],
    &[0x1F486, 0x1F3FB, 0x200D, 0x2642, 0xFE0F],
    &[0x1F486, 0x1F3FC, 0x200D, 0x2640, 0xFE0F],
    &[0x1F486, 0x1F3FC, 0x200D, 0x2642, 0xFE0F],
    &[0x1F486, 0x1F3FD, 0x200D, 0x2640, 0xFE0F],
    &[0x1F486, 0x1F3FD, 0x200D, 0x2642, 0xFE0F],
    &[0x1F486, 0x1F3FE, 0x200D, 0x2640, 0xFE0F],
    &[0x1F486, 0x1F3FE, 0x200D, 0x2642, 0xFE0F],
    &[0x1F486, 0x1F3FF, 0x200D, 0x2640, 0xFE0F],
    &[0x1F486, 0x1F3FF, 0x200D, 0x2642, 0xFE0F],
    &[0x1F487, 0x200D, 0x2640, 0xFE0F],
    &[0x1F487, 0x200D, 0x2642, 0xFE0F],
    &[0x1F487, 0x1F3FB, 0x200D, 0x2640, 0xFE0F],
    &[0x1F487, 0x1F3FB, 0x200D, 0x2642, 0xFE0F],
    &[0x1F487, 0x1F3FC, 0x200D, 0x2640, 0xFE0F],
    &[0x1F487, 0x1F3FC, 0x200D, 0x2642, 0xFE0F],
    &[0x1F487, 0x1F3FD, 0x200D, 0x2640, 0xFE0F],
    &[0x1F487, 0x1F3FD, 0x200D, 0x2642, 0xFE0F],
    &[0x1F487, 0x1F3FE, 0x200D, 0x2640, 0xFE0F],
    &[0x1F487, 0x1F3FE, 0x200D, 0x2642, 0xFE0F],
    &[0x1F487, 0x1F3FF, 0x200D, 0x2640, 0xFE0F],
    &[0x1F487, 0x1F3FF, 0x200D, 0x2642, 0xFE0F],
    &[0x1F575, 0x1F3FB, 0x200D, 0x2640, 0xFE0F],
    &[0x1F575, 0x1F3FB, 0x200D, 0x2642, 0xFE0F],
    &[0x1F575, 0x1F3FC, 0x200D, 0x2640, 0xFE0F],
    &[0x1F575, 0x1F3FC, 0x200D, 0x2642, 0xFE0F],
    &[0x1F575, 0x1F3FD, 0x200D, 0x2640, 0xFE0F],
    &[0x1F575, 0x1F3FD, 0x200D, 0x2642, 0xFE0F],
    &[0x1F575, 0x1F3FE, 0x200D, 0x2640, 0xFE0F],
    &[0x1F575, 0x1F3FE, 0x200D, 0x2642, 0xFE0F],
    &[0x1F575, 0x1F3FF, 0x200D, 0x2640, 0xFE0F],
    &[0x1F575, 0x1F3FF, 0x200D, 0x2642, 0xFE0F],
    &[0x1F575, 0xFE0F, 0x200D, 0x2640, 0xFE0F],
    &[0x1F575, 0xFE0F, 0x200D, 0x2642, 0xFE0F],
    &[0x1F645, 0x200D, 0x2640, 0xFE0F],
    &[0x1F645, 0x200D, 0x2642, 0xFE0F],
    &[0x1F645, 0x1F3FB, 0x200D, 0x2640, 0xFE0F],
    &[0x1F645, 0x1F3FB, 0x200D, 0x2642, 0xFE0F],
    &[0x1F645, 0x1F3FC, 0x200D, 0x2640, 0xFE0F],
    &[0x1F645, 0x1F3FC, 0x200D, 0x2642, 0xFE0F],
    &[0x1F645, 0x1F3FD, 0x200D, 0x2640, 0xFE0F],
    &[0x1F645, 0x1F3FD, 0x200D, 0x2642, 0xFE0F],
    &[0x1F645, 0x1F3FE, 0x200D, 0x2640, 0xFE0F],
    &[0x1F645, 0x1F3FE, 0x200D, 0x2642, 0xFE0F],
    &[0x1F645, 0x1F3FF, 0x200D, 0x2640, 0xFE0F],
    &[0x1F645, 0x1F3FF, 0x200D, 0x2642, 0xFE0F],
    &[0x1F646, 0x200D, 0x2640, 0xFE0F],
    &[0x1F646, 0x200D, 0x2642, 0xFE0F],
    &[0x1F646, 0x1F3FB, 0x200D, 0x2640, 0xFE0F],
    &[0x1F646, 0x1F3FB, 0x200D, 0x2642, 0xFE0F],
    &[0x1F646, 0x1F3FC, 0x200D, 0x2640, 0xFE0F],
    &[0x1F646, 0x1F3FC, 0x200D, 0x2642, 0xFE0F],
    &[0x1F646, 0x1F3FD, 0x200D, 0x2640, 0xFE0F],
    &[0x1F646, 0x1F3FD, 0x200D, 0x2642, 0xFE0F],
    &[0x1F646, 0x1F3FE, 0x200D, 0x2640, 0xFE0F],
    &[0x1F646, 0x1F3FE, 0x200D, 0x2642, 0xFE0F],
    &[0x1F646, 0x1F3FF, 0x200D, 0x2640, 0xFE0F],
    &[0x1F646, 0x1F3FF, 0x200D, 0x2642, 0xFE0F],
    &[0x1F647, 0x200D, 0x2640, 0xFE0F],
    &[0x1F647, 0x200D, 0x2642, 0xFE0F],
    &[0x1F647, 0x1F3FB, 0x200D, 0x2640, 0xFE0F],
    &[0x1F647, 0x1F3FB, 0x200D, 0x2642, 0xFE0F],
    &[0x1F647, 0x1F3FC, 0x200D, 0x2640, 0xFE0F],
    &[0x1F647, 0x1F3FC, 0x200D, 0x2642, 0xFE0F],
    &[0x1F647, 0x1F3FD, 0x200D, 0x2640, 0xFE0F],
    &[0x1F647, 0x1F3FD, 0x200D, 0x2642, 0xFE0F],
    &[0x1F647, 0x1F3FE, 0x200D, 0x2640, 0xFE0F],
    &[0x1F647, 0x1F3FE, 0x200D, 0x2642, 0xFE0F],
    &[0x1F647, 0x1F3FF, 0x200D, 0x2640, 0xFE0F],
    &[0x1F647, 0x1F3FF, 0x200D, 0x2642, 0xFE0F],
    &[0x1F64B, 0x200D, 0x2640, 0xFE0F],
    &[0x1F64B, 0x200D, 0x2642, 0xFE0F],
    &[0x1F64B, 0x1F3FB, 0x200D, 0x2640, 0xFE0F],
    &[0x1F64B, 0x1F3FB, 0x200D, 0x2642, 0xFE0F],
    &[0x1F64B, 0x1F3FC, 0x200D, 0x2640, 0xFE0F],
    &[0x1F64B, 0x1F3FC, 0x200D, 0x2642, 0xFE0F],
    &[0x1F64B, 0x1F3FD, 0x200D, 0x2640, 0xFE0F],
    &[0x1F64B, 0x1F3FD, 0x200D, 0x2642, 0xFE0F],
    &[0x1F64B, 0x1F3FE, 0x200D, 0x2640, 0xFE0F],
    &[0x1F64B, 0x1F3FE, 0x200D, 0x2642, 0xFE0F],
    &[0x1F64B, 0x1F3FF, 0x200D, 0x2640, 0xFE0F],
    &[0x1F64B, 0x1F3FF, 0x200D, 0x2642, 0xFE0F],
    &[0x1F64D, 0x200D, 0x2640, 0xFE0F],
    &[0x1F64D, 0x200D, 0x2642, 0xFE0F],
    &[0x1F64D, 0x1F3FB, 0x200D, 0x2640, 0xFE0F],
    &[0x1F64D, 0x1F3FB, 0x200D, 0x2642, 0xFE0F],
    &[0x1F64D, 0x1F3FC, 0x200D, 0x2640, 0xFE0F],
    &[0x1F64D, 0x1F3FC, 0x200D, 0x2642, 0xFE0F],
    &[0x1F64D, 0x1F3FD, 0x200D, 0x2640, 0xFE0F],
    &[0x1F64D, 0x1F3FD, 0x200D, 0x2642, 0xFE0F],
    &[0x1F64D, 0x1F3FE, 0x200D, 0x2640, 0xFE0F],
    &[0x1F64D, 0x1F3FE, 0x200D, 0x2642, 0xFE0F],
    &[0x1F64D, 0x1F3FF, 0x200D, 0x2640, 0xFE0F],
    &[0x1F64D, 0x1F3FF, 0x200D, 0x2642, 0xFE0F],
    &[0x1F64E, 0x200D, 0x2640, 0xFE0F],
    &[0x1F64E, 0x200D, 0x2642, 0xFE0F],
    &[0x1F64E, 0x1F3FB, 0x200D, 0x2640, 0xFE0F],
    &[0x1F64E, 0x1F3FB, 0x200D, 0x2642, 0xFE0F],
    &[0x1F64E, 0x1F3FC, 0x200D, 0x2640, 0xFE0F],
    &[0x1F64E, 0x1F3FC, 0x200D, 0x2642, 0xFE0F],
    &[0x1F64E, 0x1F3FD, 0x200D, 0x2640, 0xFE0F],
    &[0x1F64E, 0x1F3FD, 0x200D, 0x2642, 0xFE0F],
    &[0x1F64E, 0x1F3FE, 0x200D, 0x2640, 0xFE0F],
    &[0x1F64E, 0x1F3FE, 0x200D, 0x2642, 0xFE0F],
    &[0x1F64E, 0x1F3FF, 0x200D, 0x2640, 0xFE0F],
    &[0x1F64E, 0x1F3FF, 0x200D, 0x2642, 0xFE0F],
    &[0x1F6A3, 0x200D, 0x2640, 0xFE0F],
    &[0x1F6A3, 0x200D, 0x2642, 0xFE0F],
    &[0x1F6A3, 0x1F3FB, 0x200D, 0x2640, 0xFE0F],
    &[0x1F6A3, 0x1F3FB, 0x200D, 0x2642, 0xFE0F],
    &[0x1F6A3, 0x1F3FC, 0x200D, 0x2640, 0xFE0F],
    &[0x1F6A3, 0x1F3FC, 0x200D, 0x2642, 0xFE0F],
    &[0x1F6A3, 0x1F3FD, 0x200D, 0x2640, 0xFE0F],
    &[0x1F6A3, 0x1F3FD, 0x200D, 0x2642, 0xFE0F],
    &[0x1F6A3, 0x1F3FE, 0x200D, 0x2640, 0xFE0F],
    &[0x1F6A3, 0x1F3FE, 0x200D, 0x2642, 0xFE0F],
    &[0x1F6A3, 0x1F3FF, 0x200D, 0x2640, 0xFE0F],
    &[0x1F6A3, 0x1F3FF, 0x200D, 0x2642, 0xFE0F],
    &[0x1F6B4, 0x200D, 0x2640, 0xFE0F],
    &[0x1F6B4, 0x200D, 0x2642, 0xFE0F],
    &[0x1F6B4, 0x1F3FB, 0x200D, 0x2640, 0xFE0F],
    &[0x1F6B4, 0x1F3FB, 0x200D, 0x2642, 0xFE0F],
    &[0x1F6B4, 0x1F3FC, 0x200D, 0x2640, 0xFE0F],
    &[0x1F6B4, 0x1F3FC, 0x200D, 0x2642, 0xFE0F],
    &[0x1F6B4, 0x1F3FD, 0x200D, 0x2640, 0xFE0F],
    &[0x1F6B4, 0x1F3FD, 0x200D, 0x2642, 0xFE0F],
    &[0x1F6B4, 0x1F3FE, 0x200D, 0x2640, 0xFE0F],
    &[0x1F6B4, 0x1F3FE, 0x200D, 0x2642, 0xFE0F],
    &[0x1F6B4, 0x1F3FF, 0x200D, 0x2640, 0xFE0F],
    &[0x1F6B4, 0x1F3FF, 0x200D, 0x2642, 0xFE0F],
    &[0x1F6B5, 0x200D, 0x2640, 0xFE0F],
    &[0x1F6B5, 0x200D, 0x2642, 0xFE0F],
    &[0x1F6B5, 0x1F3FB, 0x200D, 0x2640, 0xFE0F],
    &[0x1F6B5, 0x1F3FB, 0x200D, 0x2642, 0xFE0F],
    &[0x1F6B5, 0x1F3FC, 0x200D, 0x2640, 0xFE0F],
    &[0x1F6B5, 0x1F3FC, 0x200D, 0x2642, 0xFE0F],
    &[0x1F6B5, 0x1F3FD, 0x200D, 0x2640, 0xFE0F],
    &[0x1F6B5, 0x1F3FD, 0x200D, 0x2642, 0xFE0F],
    &[0x1F6B5, 0x1F3FE, 0x200D, 0x2640, 0xFE0F],
    &[0x1F6B5, 0x1F3FE, 0x200D, 0x2642, 0xFE0F],
    &[0x1F6B5, 0x1F3FF, 0x200D, 0x2640, 0xFE0F],
    &[0x1F6B5, 0x1F3FF, 0x200D, 0x2642, 0xFE0F],
    &[0x1F6B6, 0x200D, 0x2640, 0xFE0F],
    &[0x1F6B6, 0x200D, 0x2640, 0xFE0F, 0x200D, 0x27A1, 0xFE0F],
    &[0x1F6B6, 0x200D, 0x2642, 0xFE0F],
    &[0x1F6B6, 0x200D, 0x2642, 0xFE0F, 0x200D, 0x27A1, 0xFE0F],
    &[0x1F6B6, 0x1F3FB, 0x200D, 0x2640, 0xFE0F],
    &[0x1F6B6, 0x1F3FB, 0x200D, 0x2640, 0xFE0F, 0x200D, 0x27A1, 0xFE0F],
    &[0x1F6B6, 0x1F3FB, 0x200D, 0x2642, 0xFE0F],
    &[0x1F6B6, 0x1F3FB, 0x200D, 0x2642, 0xFE0F, 0x200D, 0x27A1, 0xFE0F],
    &[0x1F6B6, 0x1F3FC, 0x200D, 0x2640, 0xFE0F],
    &[0x1F6B6, 0x1F3FC, 0x200D, 0x2640, 0xFE0F, 0x200D, 0x27A1, 0xFE0F],
    &[0x1F6B6, 0x1F3FC, 0x200D, 0x2642, 0xFE0F],
    &[0x1F6B6, 0x1F3FC, 0x200D, 0x2642, 0xFE0F, 0x200D, 0x27A1, 0xFE0F],
    &[0x1F6B6, 0x1F3FD, 0x200D, 0x2640, 0xFE0F],
    &[0x1F6B6, 0x1F3FD, 0x200D, 0x2640, 0xFE0F, 0x200D, 0x27A1, 0xFE0F],
    &[0x1F6B6, 0x1F3FD, 0x200D, 0x2642, 0xFE0F],
    &[0x1F6B6, 0x1F3FD, 0x200D, 0x2642, 0xFE0F, 0x200D, 0x27A1, 0xFE0F],
    &[0x1F6B6, 0x1F3FE, 0x200D, 0x2640, 0xFE0F],
    &[0x1F6B6, 0x1F3FE, 0x200D, 0x2640, 0xFE0F, 0x200D, 0x27A1, 0xFE0F],
    &[0x1F6B6, 0x1F3FE, 0x200D, 0x2642, 0xFE0F],
    &[0x1F6B6, 0x1F3FE, 0x200D, 0x2642, 0xFE0F, 0x200D, 0x27A1, 0xFE0F],
    &[0x1F6B6, 0x1F3FF, 0x200D, 0x2640, 0xFE0F],
    &[0x1F6B6, 0x1F3FF, 0x200D, 0x2640, 0xFE0F, 0x200D, 0x27A1, 0xFE0F],
    &[0x1F6B6, 0x1F3FF, 0x200D, 0x2642, 0xFE0F],
    &[0x1F6B6, 0x1F3FF, 0x200D, 0x2642, 0xFE0F, 0x200D, 0x27A1, 0xFE0F],
    &[0x1F926, 0x200D, 0x2640, 0xFE0F],
    &[0x1F926, 0x200D, 0x2642, 0xFE0F],
    &[0x1F926, 0x1F3FB, 0x200D, 0x2640, 0xFE0F],
    &[0x1F926, 0x1F3FB, 0x200D, 0x2642, 0xFE0F],
    &[0x1F926, 0x1F3FC, 0x200D, 0x2640, 0xFE0F],
    &[0x1F926, 0x1F3FC, 0x200D, 0x2642, 0xFE0F],
    &[0x1F926, 0x1F3FD, 0x200D, 0x2640, 0xFE0F],
    &[0x1F926, 0x1F3FD, 0x200D, 0x2642, 0xFE0F],
    &[0x1F926, 0x1F3FE, 0x200D, 0x2640, 0xFE0F],
    &[0x1F926, 0x1F3FE, 0x200D, 0x2642, 0xFE0F],
    &[0x1F926, 0x1F3FF, 0x200D, 0x2640, 0xFE0F],
    &[0x1F926, 0x1F3FF, 0x200D, 0x2642, 0xFE0F],
    &[0x1F935, 0x200D, 0x2640, 0xFE0F],
    &[0x1F935, 0x200D, 0x2642, 0xFE0F],
    &[0x1F935, 0x1F3FB, 0x200D, 0x2640, 0xFE0F],
    &[0x1F935, 0x1F3FB, 0x200D, 0x2642, 0xFE0F],
    &[0x1F935, 0x1F3FC, 0x200D, 0x2640, 0xFE0F],
    &[0x1F935, 0x1F3FC, 0x200D, 0x2642, 0xFE0F],
    &[0x1F935, 0x1F3FD, 0x200D, 0x2640, 0xFE0F],
    &[0x1F935, 0x1F3FD, 0x200D, 0x2642, 0xFE0F],
    &[0x1F935, 0x1F3FE, 0x200D, 0x2640, 0xFE0F],
    &[0x1F935, 0x1F3FE, 0x200D, 0x2642, 0xFE0F],
    &[0x1F935, 0x1F3FF, 0x200D, 0x2640, 0xFE0F],
    &[0x1F935, 0x1F3FF, 0x200D, 0x2642, 0xFE0F],
    &[0x1F937, 0x200D, 0x2640, 0xFE0F],
    &[0x1F937, 0x200D, 0x2642, 0xFE0F],
    &[0x1F937, 0x1F3FB, 0x200D, 0x2640, 0xFE0F],
    &[0x1F937, 0x1F3FB, 0x200D, 0x2642, 0xFE0F],
    &[0x1F937, 0x1F3FC, 0x200D, 0x2640, 0xFE0F],
    &[0x1F937, 0x1F3FC, 0x200D, 0x2642, 0xFE0F],
    &[0x1F937, 0x1F3FD, 0x200D, 0x2640, 0xFE0F],
    &[0x1F937, 0x1F3FD, 0x200D, 0x2642, 0xFE0F],
    &[0x1F937, 0x1F3FE, 0x200D, 0x2640, 0xFE0F],
    &[0x1F937, 0x1F3FE, 0x200D, 0x2642, 0xFE0F],
    &[0x1F937, 0x1F3FF, 0x200D, 0x2640, 0xFE0F],
    &[0x1F937, 0x1F3FF, 0x200D, 0x2642, 0xFE0F],
    &[0x1F938, 0x200D, 0x2640, 0xFE0F],
    &[0x1F938, 0x200D, 0x2642, 0xFE0F],
    &[0x1F938, 0x1F3FB, 0x200D, 0x2640, 0xFE0F],
    &[0x1F938, 0x1F3FB, 0x200D, 0x2642, 0xFE0F],
    &[0x1F938, 0x1F3FC, 0x200D, 0x2640, 0xFE0F],
    &[0x1F938, 0x1F3FC, 0x200D, 0x2642, 0xFE0F],
    &[0x1F938, 0x1F3FD, 0x200D, 0x2640, 0xFE0F],
    &[0x1F938, 0x1F3FD, 0x200D, 0x2642, 0xFE0F],
    &[0x1F938, 0x1F3FE, 0x200D, 0x2640, 0xFE0F],
    &[0x1F938, 0x1F3FE, 0x200D, 0x2642, 0xFE0F],
    &[0x1F938, 0x1F3FF, 0x200D, 0x2640, 0xFE0F],
    &[0x1F938, 0x1F3FF, 0x200D, 0x2642, 0xFE0F],
    &[0x1F939, 0x200D, 0x2640, 0xFE0F],
    &[0x1F939, 0x200D, 0x2642, 0xFE0F],
    &[0x1F939, 0x1F3FB, 0x200D, 0x2640, 0xFE0F],
    &[0x1F939, 0x1F3FB, 0x200D, 0x2642, 0xFE0F],
    &[0x1F939, 0x1F3FC, 0x200D, 0x2640, 0xFE0F],
    &[0x1F939, 0x1F3FC, 0x200D, 0x2642, 0xFE0F],
    &[0x1F939, 0x1F3FD, 0x200D, 0x2640, 0xFE0F],
    &[0x1F939, 0x1F3FD, 0x200D, 0x2642, 0xFE0F],
    &[0x1F939, 0x1F3FE, 0x200D, 0x2640, 0xFE0F],
    &[0x1F939, 0x1F3FE, 0x200D, 0x2642, 0xFE0F],
    &[0x1F939, 0x1F3FF, 0x200D, 0x2640, 0xFE0F],
    &[0x1F939, 0x1F3FF, 0x200D, 0x2642, 0xFE0F],
    &[0x1F93C, 0x200D, 0x2640, 0xFE0F],
    &[0x1F93C, 0x200D, 0x2642, 0xFE0F],
    &[0x1F93C, 0x1F3FB, 0x200D, 0x2640, 0xFE0F],
    &[0x1F93C, 0x1F3FB, 0x200D, 0x2642, 0xFE0F],
    &[0x1F93C, 0x1F3FC, 0x200D, 0x2640, 0xFE0F],
    &[0x1F93C, 0x1F3FC, 0x200D, 0x2642, 0xFE0F],
    &[0x1F93C, 0x1F3FD, 0x200D, 0x2640, 0xFE0F],
    &[0x1F93C, 0x1F3FD, 0x200D, 0x2642, 0xFE0F],
    &[0x1F93C, 0x1F3FE, 0x200D, 0x2640, 0xFE0F],
    &[0x1F93C, 0x1F3FE, 0x200D, 0x2642, 0xFE0F],
    &[0x1F93C, 0x1F3FF, 0x200D, 0x2640, 0xFE0F],
    &[0x1F93C, 0x1F3FF, 0x200D, 0x2642, 0xFE0F],
    &[0x1F93D, 0x200D, 0x2640, 0xFE0F],
    &[0x1F93D, 0x200D, 0x2642, 0xFE0F],
    &[0x1F93D, 0x1F3FB, 0x200D, 0x2640, 0xFE0F],
    &[0x1F93D, 0x1F3FB, 0x200D, 0x2642, 0xFE0F],
    &[0x1F93D, 0x1F3FC, 0x200D, 0x2640, 0xFE0F],
    &[0x1F93D, 0x1F3FC, 0x200D, 0x2642, 0xFE0F],
    &[0x1F93D, 0x1F3FD, 0x200D, 0x2640, 0xFE0F],
    &[0x1F93D, 0x1F3FD, 0x200D, 0x2642, 0xFE0F],
    &[0x1F93D, 0x1F3FE, 0x200D, 0x2640, 0xFE0F],
    &[0x1F93D, 0x1F3FE, 0x200D, 0x2642, 0xFE0F],
    &[0x1F93D, 0x1F3FF, 0x200D, 0x2640, 0xFE0F],
    &[0x1F93D, 0x1F3FF, 0x200D, 0x2642, 0xFE0F],
    &[0x1F93E, 0x200D, 0x2640, 0xFE0F],
    &[0x1F93E, 0x200D, 0x2642, 0xFE0F],
    &[0x1F93E, 0x1F3FB, 0x200D, 0x2640, 0xFE0F],
    &[0x1F93E, 0x1F3FB, 0x200D, 0x2642, 0xFE0F],
    &[0x1F93E, 0x1F3FC, 0x200D, 0x2640, 0xFE0F],
    &[0x1F93E, 0x1F3FC, 0x200D, 0x2642, 0xFE0F],
    &[0x1F93E, 0x1F3FD, 0x200D, 0x2640, 0xFE0F],
    &[0x1F93E, 0x1F3FD, 0x200D, 0x2642, 0xFE0F],
    &[0x1F93E, 0x1F3FE, 0x200D, 0x2640, 0xFE0F],
    &[0x1F93E, 0x1F3FE, 0x200D, 0x2642, 0xFE0F],
    &[0x1F93E, 0x1F3FF, 0x200D, 0x2640, 0xFE0F],
    &[0x1F93E, 0x1F3FF, 0x200D, 0x2642, 0xFE0F],
    &[0x1F9B8, 0x200D, 0x2640, 0xFE0F],
    &[0x1F9B8, 0x200D, 0x2642, 0xFE0F],
    &[0x1F9B8, 0x1F3FB, 0x200D, 0x2640, 0xFE0F],
    &[0x1F9B8, 0x1F3FB, 0x200D, 0x2642, 0xFE0F],
    &[0x1F9B8, 0x1F3FC, 0x200D, 0x2640, 0xFE0F],
    &[0x1F9B8, 0x1F3FC, 0x200D, 0x2642, 0xFE0F],
    &[0x1F9B8, 0x1F3FD, 0x200D, 0x2640, 0xFE0F],
    &[0x1F9B8, 0x1F3FD, 0x200D, 0x2642, 0xFE0F],
    &[0x1F9B8, 0x1F3FE, 0x200D, 0x2640, 0xFE0F],
    &[0x1F9B8, 0x1F3FE, 0x200D, 0x2642, 0xFE0F],
    &[0x1F9B8, 0x1F3FF, 0x200D, 0x2640, 0xFE0F],
    &[0x1F9B8, 0x1F3FF, 0x200D, 0x2642, 0xFE0F],
    &[0x1F9B9, 0x200D, 0x2640, 0xFE0F],
    &[0x1F9B9, 0x200D, 0x2642, 0xFE0F],
    &[0x1F9B9, 0x1F3FB, 0x200D, 0x2640, 0xFE0F],
    &[0x1F9B9, 0x1F3FB, 0x200D, 0x2642, 0xFE0F],
    &[0x1F9B9, 0x1F3FC, 0x200D, 0x2640, 0xFE0F],
    &[0x1F9B9, 0x1F3FC, 0x200D, 0x2642, 0xFE0F],
    &[0x1F9B9, 0x1F3FD, 0x200D, 0x2640, 0xFE0F],
    &[0x1F9B9, 0x1F3FD, 0x200D, 0x2642, 0xFE0F],
    &[0x1F9B9, 0x1F3FE, 0x200D, 0x2640, 0xFE0F],
    &[0x1F9B9, 0x1F3FE, 0x200D, 0x2642, 0xFE0F],
    &[0x1F9B9, 0x1F3FF, 0x200D, 0x2640, 0xFE0F],
    &[0x1F9B9, 0x1F3FF, 0x200D, 0x2642, 0xFE0F],
    &[0x1F9CD, 0x200D, 0x2640, 0xFE0F],
    &[0x1F9CD, 0x200D, 0x2642, 0xFE0F],
    &[0x1F9CD, 0x1F3FB, 0x200D, 0x2640, 0xFE0F],
    &[0x1F9CD, 0x1F3FB, 0x200D, 0x2642, 0xFE0F],
    &[0x1F9CD, 0x1F3FC, 0x200D, 0x2640, 0xFE0F],
    &[0x1F9CD, 0x1F3FC, 0x200D, 0x2642, 0xFE0F],
    &[0x1F9CD, 0x1F3FD, 0x200D, 0x2640, 0xFE0F],
    &[0x1F9CD, 0x1F3FD, 0x200D, 0x2642, 0xFE0F],
    &[0x1F9CD, 0x1F3FE, 0x200D, 0x2640, 0xFE0F],
    &[0x1F9CD, 0x1F3FE, 0x200D, 0x2642, 0xFE0F],
    &[0x1F9CD, 0x1F3FF, 0x200D, 0x2640, 0xFE0F],
    &[0x1F9CD, 0x1F3FF, 0x200D, 0x2642, 0xFE0F],
    &[0x1F9CE, 0x200D, 0x2640, 0xFE0F],
    &[0x1F9CE, 0x200D, 0x2640, 0xFE0F, 0x200D, 0x27A1, 0xFE0F],
    &[0x1F9CE, 0x200D, 0x2642, 0xFE0F],
    &[0x1F9CE, 0x200D, 0x2642, 0xFE0F, 0x200D, 0x27A1, 0xFE0F],
    &[0x1F9CE, 0x1F3FB, 0x200D, 0x2640, 0xFE0F],
    &[0x1F9CE, 0x1F3FB, 0x200D, 0x2640, 0xFE0F, 0x200D, 0x27A1, 0xFE0F],
    &[0x1F9CE, 0x1F3FB, 0x200D, 0x2642, 0xFE0F],
    &[0x1F9CE, 0x1F3FB, 0x200D, 0x2642, 0xFE0F, 0x200D, 0x27A1, 0xFE0F],
    &[0x1F9CE, 0x1F3FC, 0x200D, 0x2640, 0xFE0F],
    &[0x1F9CE, 0x1F3FC, 0x200D, 0x2640, 0xFE0F, 0x200D, 0x27A1, 0xFE0F],
    &[0x1F9CE, 0x1F3FC, 0x200D, 0x2642, 0xFE0F],
    &[0x1F9CE, 0x1F3FC, 0x200D, 0x2642, 0xFE0F, 0x200D, 0x27A1, 0xFE0F],
    &[0x1F9CE, 0x1F3FD, 0x200D, 0x2640, 0xFE0F],
    &[0x1F9CE, 0x1F3FD, 0x200D, 0x2640, 0xFE0F, 0x200D, 0x27A1, 0xFE0F],
    &[0x1F9CE, 0x1F3FD, 0x200D, 0x2642, 0xFE0F],
    &[0x1F9CE, 0x1F3FD, 0x200D, 0x2642, 0xFE0F, 0x200D, 0x27A1, 0xFE0F],
    &[0x1F9CE, 0x1F3FE, 0x200D, 0x2640, 0xFE0F],
    &[0x1F9CE, 0x1F3FE, 0x200D, 0x2640, 0xFE0F, 0x200D, 0x27A1, 0xFE0F],
    &[0x1F9CE, 0x1F3FE, 0x200D, 0x2642, 0xFE0F],
    &[0x1F9CE, 0x1F3FE, 0x200D, 0x2642, 0xFE0F, 0x200D, 0x27A1, 0xFE0F],
    &[0x1F9CE, 0x1F3FF, 0x200D, 0x2640, 0xFE0F],
    &[0x1F9CE, 0x1F3FF, 0x200D, 0x2640, 0xFE0F, 0x200D, 0x27A1, 0xFE0F],
    &[0x1F9CE, 0x1F3FF, 0x200D, 0x2642, 0xFE0F],
    &[0x1F9CE, 0x1F3FF, 0x200D, 0x2642, 0xFE0F, 0x200D, 0x27A1, 0xFE0F],
    &[0x1F9CF, 0x200D, 0x2640, 0xFE0F],
    &[0x1F9CF, 0x200D, 0x2642, 0xFE0F],
    &[0x1F9CF, 0x1F3FB, 0x200D, 0x2640, 0xFE0F],
    &[0x1F9CF, 0x1F3FB, 0x200D, 0x2642, 0xFE0F],
    &[0x1F9CF, 0x1F3FC, 0x200D, 0x2640, 0xFE0F],
    &[0x1F9CF, 0x1F3FC, 0x200D, 0x2642, 0xFE0F],
    &[0x1F9CF, 0x1F3FD, 0x200D, 0x2640, 0xFE0F],
    &[0x1F9CF, 0x1F3FD, 0x200D, 0x2642, 0xFE0F],
    &[0x1F9CF, 0x1F3FE, 0x200D, 0x2640, 0xFE0F],
    &[0x1F9CF, 0x1F3FE, 0x200D, 0x2642, 0xFE0F],
    &[0x1F9CF, 0x1F3FF, 0x200D, 0x2640, 0xFE0F],
    &[0x1F9CF, 0x1F3FF, 0x200D, 0x2642, 0xFE0F],
    &[0x1F9D4, 0x200D, 0x2640, 0xFE0F],
    &[0x1F9D4, 0x200D, 0x2642, 0xFE0F],
    &[0x1F9D4, 0x1F3FB, 0x200D, 0x2640, 0xFE0F],
    &[0x1F9D4, 0x1F3FB, 0x200D, 0x2642, 0xFE0F],
    &[0x1F9D4, 0x1F3FC, 0x200D, 0x2640, 0xFE0F],
    &[0x1F9D4, 0x1F3FC, 0x200D, 0x2642, 0xFE0F],
    &[0x1F9D4, 0x1F3FD, 0x200D, 0x2640, 0xFE0F],
    &[0x1F9D4, 0x1F3FD, 0x200D, 0x2642, 0xFE0F],
    &[0x1F9D4, 0x1F3FE, 0x200D, 0x2640, 0xFE0F],
    &[0x1F9D4, 0x1F3FE, 0x200D, 0x2642, 0xFE0F],
    &[0x1F9D4, 0x1F3FF, 0x200D, 0x2640, 0xFE0F],
    &[0x1F9D4, 0x1F3FF, 0x200D, 0x2642, 0xFE0F],
    &[0x1F9D6, 0x200D, 0x2640, 0xFE0F],
    &[0x1F9D6, 0x200D, 0x2642, 0xFE0F],
    &[0x1F9D6, 0x1F3FB, 0x200D, 0x2640, 0xFE0F],
    &[0x1F9D6, 0x1F3FB, 0x200D, 0x2642, 0xFE0F],
    &[0x1F9D6, 0x1F3FC, 0x200D, 0x2640, 0xFE0F],
    &[0x1F9D6, 0x1F3FC, 0x200D, 0x2642, 0xFE0F],
    &[0x1F9D6, 0x1F3FD, 0x200D, 0x2640, 0xFE0F],
    &[0x1F9D6, 0x1F3FD, 0x200D, 0x2642, 0xFE0F],
    &[0x1F9D6, 0x1F3FE, 0x200D, 0x2640, 0xFE0F],
    &[0x1F9D6, 0x1F3FE, 0x200D, 0x2642, 0xFE0F],
    &[0x1F9D6, 0x1F3FF, 0x200D, 0x2640, 0xFE0F],
    &[0x1F9D6, 0x1F3FF, 0x200D, 0x2642, 0xFE0F],
    &[0x1F9D7, 0x200D, 0x2640, 0xFE0F],
    &[0x1F9D7, 0x200D, 0x2642, 0xFE0F],
    &[0x1F9D7, 0x1F3FB, 0x200D, 0x2640, 0xFE0F],
    &[0x1F9D7, 0x1F3FB, 0x200D, 0x2642, 0xFE0F],
    &[0x1F9D7, 0x1F3FC, 0x200D, 0x2640, 0xFE0F],
    &[0x1F9D7, 0x1F3FC, 0x200D, 0x2642, 0xFE0F],
    &[0x1F9D7, 0x1F3FD, 0x200D, 0x2640, 0xFE0F],
    &[0x1F9D7, 0x1F3FD, 0x200D, 0x2642, 0xFE0F],
    &[0x1F9D7, 0x1F3FE, 0x200D, 0x2640, 0xFE0F],
    &[0x1F9D7, 0x1F3FE, 0x200D, 0x2642, 0xFE0F],
    &[0x1F9D7, 0x1F3FF, 0x200D, 0x2640, 0xFE0F],
    &[0x1F9D7, 0x1F3FF, 0x200D, 0x2642, 0xFE0F],
    &[0x1F9D8, 0x200D, 0x2640, 0xFE0F],
    &[0x1F9D8, 0x200D, 0x2642, 0xFE0F],
    &[0x1F9D8, 0x1F3FB, 0x200D, 0x2640, 0xFE0F],
    &[0x1F9D8, 0x1F3FB, 0x200D, 0x2642, 0xFE0F],
    &[0x1F9D8, 0x1F3FC, 0x200D, 0x2640, 0xFE0F],
    &[0x1F9D8, 0x1F3FC, 0x200D, 0x2642, 0xFE0F],
    &[0x1F9D8, 0x1F3FD, 0x200D, 0x2640, 0xFE0F],
    &[0x1F9D8, 0x1F3FD, 0x200D, 0x2642, 0xFE0F],
    &[0x1F9D8, 0x1F3FE, 0x200D, 0x2640, 0xFE0F],
    &[0x1F9D8, 0x1F3FE, 0x200D, 0x2642, 0xFE0F],
    &[0x1F9D8, 0x1F3FF, 0x200D, 0x2640, 0xFE0F],
    &[0x1F9D8, 0x1F3FF, 0x200D, 0x2642, 0xFE0F],
    &[0x1F9D9, 0x200D, 0x2640, 0xFE0F],
    &[0x1F9D9, 0x200D, 0x2642, 0xFE0F],
    &[0x1F9D9, 0x1F3FB, 0x200D, 0x2640, 0xFE0F],
    &[0x1F9D9, 0x1F3FB, 0x200D, 0x2642, 0xFE0F],
    &[0x1F9D9, 0x1F3FC, 0x200D, 0x2640, 0xFE0F],
    &[0x1F9D9, 0x1F3FC, 0x200D, 0x2642, 0xFE0F],
    &[0x1F9D9, 0x1F3FD, 0x200D, 0x2640, 0xFE0F],
    &[0x1F9D9, 0x1F3FD, 0x200D, 0x2642, 0xFE0F],
    &[0x1F9D9, 0x1F3FE, 0x200D, 0x2640, 0xFE0F],
    &[0x1F9D9, 0x1F3FE, 0x200D, 0x2642, 0xFE0F],
    &[0x1F9D9, 0x1F3FF, 0x200D, 0x2640, 0xFE0F],
    &[0x1F9D9, 0x1F3FF, 0x200D, 0x2642, 0xFE0F],
    &[0x1F9DA, 0x200D, 0x2640, 0xFE0F],
    &[0x1F9DA, 0x200D, 0x2642, 0xFE0F],
    &[0x1F9DA, 0x1F3FB, 0x200D, 0x2640, 0xFE0F],
    &[0x1F9DA, 0x1F3FB, 0x200D, 0x2642, 0xFE0F],
    &[0x1F9DA, 0x1F3FC, 0x200D, 0x2640, 0xFE0F],
    &[0x1F9DA, 0x1F3FC, 0x200D, 0x2642, 0xFE0F],
    &[0x1F9DA, 0x1F3FD, 0x200D, 0x2640, 0xFE0F],
    &[0x1F9DA, 0x1F3FD, 0x200D, 0x2642, 0xFE0F],
    &[0x1F9DA, 0x1F3FE, 0x200D, 0x2640, 0xFE0F],
    &[0x1F9DA, 0x1F3FE, 0x200D, 0x2642, 0xFE0F],
    &[0x1F9DA, 0x1F3FF, 0x200D, 0x2640, 0xFE0F],
    &[0x1F9DA, 0x1F3FF, 0x200D, 0x2642, 0xFE0F],
    &[0x1F9DB, 0x200D, 0x2640, 0xFE0F],
    &[0x1F9DB, 0x200D, 0x2642, 0xFE0F],
    &[0x1F9DB, 0x1F3FB, 0x200D, 0x2640, 0xFE0F],
    &[0x1F9DB, 0x1F3FB, 0x200D, 0x2642, 0xFE0F],
    &[0x1F9DB, 0x1F3FC, 0x200D, 0x2640, 0xFE0F],
    &[0x1F9DB, 0x1F3FC, 0x200D, 0x2642, 0xFE0F],
    &[0x1F9DB, 0x1F3FD, 0x200D, 0x2640, 0xFE0F],
    &[0x1F9DB, 0x1F3FD, 0x200D, 0x2642, 0xFE0F],
    &[0x1F9DB, 0x1F3FE, 0x200D, 0x2640, 0xFE0F],
    &[0x1F9DB, 0x1F3FE, 0x200D, 0x2642, 0xFE0F],
    &[0x1F9DB, 0x1F3FF, 0x200D, 0x2640, 0xFE0F],
    &[0x1F9DB, 0x1F3FF, 0x200D, 0x2642, 0xFE0F],
    &[0x1F9DC, 0x200D, 0x2640, 0xFE0F],
    &[0x1F9DC, 0x200D, 0x2642, 0xFE0F],
    &[0x1F9DC, 0x1F3FB, 0x200D, 0x2640, 0xFE0F],
    &[0x1F9DC, 0x1F3FB, 0x200D, 0x2642, 0xFE0F],
    &[0x1F9DC, 0x1F3FC, 0x200D, 0x2640, 0xFE0F],
    &[0x1F9DC, 0x1F3FC, 0x200D, 0x2642, 0xFE0F],
    &[0x1F9DC, 0x1F3FD, 0x200D, 0x2640, 0xFE0F],
    &[0x1F9DC, 0x1F3FD, 0x200D, 0x2642, 0xFE0F],
    &[0x1F9DC, 0x1F3FE, 0x200D, 0x2640, 0xFE0F],
    &[0x1F9DC, 0x1F3FE, 0x200D, 0x2642, 0xFE0F],
    &[0x1F9DC, 0x1F3FF, 0x200D, 0x2640, 0xFE0F],
    &[0x1F9DC, 0x1F3FF, 0x200D, 0x2642, 0xFE0F],
    &[0x1F9DD, 0x200D, 0x2640, 0xFE0F],
    &[0x1F9DD, 0x200D, 0x2642, 0xFE0F],
    &[0x1F9DD, 0x1F3FB, 0x200D, 0x2640, 0xFE0F],
    &[0x1F9DD, 0x1F3FB, 0x200D, 0x2642, 0xFE0F],
    &[0x1F9DD, 0x1F3FC, 0x200D, 0x2640, 0xFE0F],
    &[0x1F9DD, 0x1F3FC, 0x200D, 0x2642, 0xFE0F],
    &[0x1F9DD, 0x1F3FD, 0x200D, 0x2640, 0xFE0F],
    &[0x1F9DD, 0x1F3FD, 0x200D, 0x2642, 0xFE0F],
    &[0x1F9DD, 0x1F3FE, 0x200D, 0x2640, 0xFE0F],
    &[0x1F9DD, 0x1F3FE, 0x200D, 0x2642, 0xFE0F],
    &[0x1F9DD, 0x1F3FF, 0x200D, 0x2640, 0xFE0F],
    &[0x1F9DD, 0x1F3FF, 0x200D, 0x2642, 0xFE0F],
    &[0x1F9DE, 0x200D, 0x2640, 0xFE0F],
    &[0x1F9DE, 0x200D, 0x2642, 0xFE0F],
    &[0x1F9DF, 0x200D, 0x2640, 0xFE0F],
    &[0x1F9DF, 0x200D, 0x2642, 0xFE0F],
    &[0x1F468, 0x200D, 0x1F9B0],
    &[0x1F468, 0x200D, 0x1F9B1],
    &[0x1F468, 0x200D, 0x1F9B2],
    &[0x1F468, 0x200D, 0x1F9B3],
    &[0x1F468, 0x1F3FB, 0x200D, 0x1F9B0],
    &[0x1F468, 0x1F3FB, 0x200D, 0x1F9B1],
    &[0x1F468, 0x1F3FB, 0x200D, 0x1F9B2],
    &[0x1F468, 0x1F3FB, 0x200D, 0x1F9B3],
    &[0x1F468, 0x1F3FC, 0x200D, 0x1F9B0],
    &[0x1F468, 0x1F3FC, 0x200D, 0x1F9B1],
    &[0x1F468, 0x1F3FC, 0x200D, 0x1F9B2],
    &[0x1F468, 0x1F3FC, 0x200D, 0x1F9B3],
    &[0x1F468, 0x1F3FD, 0x200D, 0x1F9B0],
    &[0x1F468, 0x1F3FD, 0x200D, 0x1F9B1],
    &[0x1F468, 0x1F3FD, 0x200D, 0x1F9B2],
    &[0x1F468, 0x1F3FD, 0x200D, 0x1F9B3],
    &[0x1F468, 0x1F3FE, 0x200D, 0x1F9B0],
    &[0x1F468, 0x1F3FE, 0x200D, 0x1F9B1],
    &[0x1F468, 0x1F3FE, 0x200D, 0x1F9B2],
    &[0x1F468, 0x1F3FE, 0x200D, 0x1F9B3],
    &[0x1F468, 0x1F3FF, 0x200D, 0x1F9B0],
    &[0x1F468, 0x1F3FF, 0x200D, 0x1F9B1],
    &[0x1F468, 0x1F3FF, 0x200D, 0x1F9B2],
    &[0x1F468, 0x1F3FF, 0x200D, 0x1F9B3],
    &[0x1F469, 0x200D, 0x1F9B0],
    &[0x1F469, 0x200D, 0x1F9B1],
    &[0x1F469, 0x200D, 0x1F9B2],
    &[0x1F469, 0x200D, 0x1F9B3],
    &[0x1F469, 0x1F3FB, 0x200D, 0x1F9B0],
    &[0x1F469, 0x1F3FB, 0x200D, 0x1F9B1],
    &[0x1F469, 0x1F3FB, 0x200D, 0x1F9B2],
    &[0x1F469, 0x1F3FB, 0x200D, 0x1F9B3],
    &[0x1F469, 0x1F3FC, 0x200D, 0x1F9B0],
    &[0x1F469, 0x1F3FC, 0x200D, 0x1F9B1],
    &[0x1F469, 0x1F3FC, 0x200D, 0x1F9B2],
    &[0x1F469, 0x1F3FC, 0x200D, 0x1F9B3],
    &[0x1F469, 0x1F3FD, 0x200D, 0x1F9B0],
    &[0x1F469, 0x1F3FD, 0x200D, 0x1F9B1],
    &[0x1F469, 0x1F3FD, 0x200D, 0x1F9B2],
    &[0x1F469, 0x1F3FD, 0x200D, 0x1F9B3],
    &[0x1F469, 0x1F3FE, 0x200D, 0x1F9B0],
    &[0x1F469, 0x1F3FE, 0x200D, 0x1F9B1],
    &[0x1F469, 0x1F3FE, 0x200D, 0x1F9B2],
    &[0x1F469, 0x1F3FE, 0x200D, 0x1F9B3],
    &[0x1F469, 0x1F3FF, 0x200D, 0x1F9B0],
    &[0x1F469, 0x1F3FF, 0x200D, 0x1F9B1],
    &[0x1F469, 0x1F3FF, 0x200D, 0x1F9B2],
    &[0x1F469, 0x1F3FF, 0x200D, 0x1F9B3],
    &[0x1F9D1, 0x200D, 0x1F9B0],
    &[0x1F9D1, 0x200D, 0x1F9B1],
    &[0x1F9D1, 0x200D, 0x1F9B2],
    &[0x1F9D1, 0x200D, 0x1F9B3],
    &[0x1F9D1, 0x1F3FB, 0x200D, 0x1F9B0],
    &[0x1F9D1, 0x1F3FB, 0x200D, 0x1F9B1],
    &[0x1F9D1, 0x1F3FB, 0x200D, 0x1F9B2],
    &[0x1F9D1, 0x1F3FB, 0x200D, 0x1F9B3],
    &[0x1F9D1, 0x1F3FC, 0x200D, 0x1F9B0],
    &[0x1F9D1, 0x1F3FC, 0x200D, 0x1F9B1],
    &[0x1F9D1, 0x1F3FC, 0x200D, 0x1F9B2],
    &[0x1F9D1, 0x1F3FC, 0x200D, 0x1F9B3],
    &[0x1F9D1, 0x1F3FD, 0x200D, 0x1F9B0],
    &[0x1F9D1, 0x1F3FD, 0x200D, 0x1F9B1],
    &[0x1F9D1, 0x1F3FD, 0x200D, 0x1F9B2],
    &[0x1F9D1, 0x1F3FD, 0x200D, 0x1F9B3],
    &[0x1F9D1, 0x1F3FE, 0x200D, 0x1F9B0],
    &[0x1F9D1, 0x1F3FE, 0x200D, 0x1F9B1],
    &[0x1F9D1, 0x1F3FE, 0x200D, 0x1F9B2],
    &[0x1F9D1, 0x1F3FE, 0x200D, 0x1F9B3],
    &[0x1F9D1, 0x1F3FF, 0x200D, 0x1F9B0],
    &[0x1F9D1, 0x1F3FF, 0x200D, 0x1F9B1],
    &[0x1F9D1, 0x1F3FF, 0x200D, 0x1F9B2],
    &[0x1F9D1, 0x1F3FF, 0x200D, 0x1F9B3],
    &[0x26D3, 0xFE0F, 0x200D, 0x1F4A5],
    &[0x2764, 0xFE0F, 0x200D, 0x1F525],
    &[0x2764, 0xFE0F, 0x200D, 0x1FA79],
    &[0x1F344, 0x200D, 0x1F7EB],
    &[0x1F34B, 0x200D, 0x1F7E9],
    &[0x1F3F3, 0xFE0F, 0x200D, 0x26A7, 0xFE0F],
    &[0x1F3F3, 0xFE0F, 0x200D, 0x1F308],
    &[0x1F3F4, 0x200D, 0x2620, 0xFE0F],
    &[0x1F408, 0x200D, 0x2B1B],
    &[0x1F415, 0x200D, 0x1F9BA],
    &[0x1F426, 0x200D, 0x2B1B],
    &[0x1F426, 0x200D, 0x1F525],
    &[0x1F43B, 0x200D, 0x2744, 0xFE0F],
    &[0x1F441, 0xFE0F, 0x200D, 0x1F5E8, 0xFE0F],
    &[0x1F62E, 0x200D, 0x1F4A8],
    &[0x1F635, 0x200D, 0x1F4AB],
    &[0x1F636, 0x200D, 0x1F32B, 0xFE0F],
    &[0x1F642, 0x200D, 0x2194, 0xFE0F],
    &[0x1F642, 0x200D, 0x2195, 0xFE0F],
    &[0x1F9D1, 0x200D, 0x1FA70],
    &[0x1F9D1, 0x1F3FB, 0x200D, 0x1F430, 0x200D, 0x1F9D1, 0x1F3FC],
    &[0x1F9D1, 0x1F3FB, 0x200D, 0x1F430, 0x200D, 0x1F9D1, 0x1F3FD],
    &[0x1F9D1, 0x1F3FB, 0x200D, 0x1F430, 0x200D, 0x1F9D1, 0x1F3FE],
    &[0x1F9D1, 0x1F3FB, 0x200D, 0x1F430, 0x200D, 0x1F9D1, 0x1F3FF],
    &[0x1F9D1, 0x1F3FB, 0x200D, 0x1FA70],
    &[0x1F9D1, 0x1F3FB, 0x200D, 0x1FAEF, 0x200D, 0x1F9D1, 0x1F3FC],
    &[0x1F9D1, 0x1F3FB, 0x200D, 0x1FAEF, 0x200D, 0x1F9D1, 0x1F3FD],
    &[0x1F9D1, 0x1F3FB, 0x200D, 0x1FAEF, 0x200D, 0x1F9D1, 0x1F3FE],
    &[0x1F9D1, 0x1F3FB, 0x200D, 0x1FAEF, 0x200D, 0x1F9D1, 0x1F3FF],
    &[0x1F9D1, 0x1F3FC, 0x200D, 0x1F430, 0x200D, 0x1F9D1, 0x1F3FB],
    &[0x1F9D1, 0x1F3FC, 0x200D, 0x1F430, 0x200D, 0x1F9D1, 0x1F3FD],
    &[0x1F9D1, 0x1F3FC, 0x200D, 0x1F430, 0x200D, 0x1F9D1, 0x1F3FE],
    &[0x1F9D1, 0x1F3FC, 0x200D, 0x1F430, 0x200D, 0x1F9D1, 0x1F3FF],
    &[0x1F9D1, 0x1F3FC, 0x200D, 0x1FA70],
    &[0x1F9D1, 0x1F3FC, 0x200D, 0x1FAEF, 0x200D, 0x1F9D1, 0x1F3FB],
    &[0x1F9D1, 0x1F3FC, 0x200D, 0x1FAEF, 0x200D, 0x1F9D1, 0x1F3FD],
    &[0x1F9D1, 0x1F3FC, 0x200D, 0x1FAEF, 0x200D, 0x1F9D1, 0x1F3FE],
    &[0x1F9D1, 0x1F3FC, 0x200D, 0x1FAEF, 0x200D, 0x1F9D1, 0x1F3FF],
    &[0x1F9D1, 0x1F3FD, 0x200D, 0x1F430, 0x200D, 0x1F9D1, 0x1F3FB],
    &[0x1F9D1, 0x1F3FD, 0x200D, 0x1F430, 0x200D, 0x1F9D1, 0x1F3FC],
    &[0x1F9D1, 0x1F3FD, 0x200D, 0x1F430, 0x200D, 0x1F9D1, 0x1F3FE],
    &[0x1F9D1, 0x1F3FD, 0x200D, 0x1F430, 0x200D, 0x1F9D1, 0x1F3FF],
    &[0x1F9D1, 0x1F3FD, 0x200D, 0x1FA70],
    &[0x1F9D1, 0x1F3FD, 0x200D, 0x1FAEF, 0x200D, 0x1F9D1, 0x1F3FB],
    &[0x1F9D1, 0x1F3FD, 0x200D, 0x1FAEF, 0x200D, 0x1F9D1, 0x1F3FC],
    &[0x1F9D1, 0x1F3FD, 0x200D, 0x1FAEF, 0x200D, 0x1F9D1, 0x1F3FE],
    &[0x1F9D1, 0x1F3FD, 0x200D, 0x1FAEF, 0x200D, 0x1F9D1, 0x1F3FF],
    &[0x1F9D1, 0x1F3FE, 0x200D, 0x1F430, 0x200D, 0x1F9D1, 0x1F3FB],
    &[0x1F9D1, 0x1F3FE, 0x200D, 0x1F430, 0x200D, 0x1F9D1, 0x1F3FC],
    &[0x1F9D1, 0x1F3FE, 0x200D, 0x1F430, 0x200D, 0x1F9D1, 0x1F3FD],
    &[0x1F9D1, 0x1F3FE, 0x200D, 0x1F430, 0x200D, 0x1F9D1, 0x1F3FF],
    &[0x1F9D1, 0x1F3FE, 0x200D, 0x1FA70],
    &[0x1F9D1, 0x1F3FE, 0x200D, 0x1FAEF, 0x200D, 0x1F9D1, 0x1F3FB],
    &[0x1F9D1, 0x1F3FE, 0x200D, 0x1FAEF, 0x200D, 0x1F9D1, 0x1F3FC],
    &[0x1F9D1, 0x1F3FE, 0x200D, 0x1FAEF, 0x200D, 0x1F9D1, 0x1F3FD],
    &[0x1F9D1, 0x1F3FE, 0x200D, 0x1FAEF, 0x200D, 0x1F9D1, 0x1F3FF],
    &[0x1F9D1, 0x1F3FF, 0x200D, 0x1F430, 0x200D, 0x1F9D1, 0x1F3FB],
    &[0x1F9D1, 0x1F3FF, 0x200D, 0x1F430, 0x200D, 0x1F9D1, 0x1F3FC],
    &[0x1F9D1, 0x1F3FF, 0x200D, 0x1F430, 0x200D, 0x1F9D1, 0x1F3FD],
    &[0x1F9D1, 0x1F3FF, 0x200D, 0x1F430, 0x200D, 0x1F9D1, 0x1F3FE],
    &[0x1F9D1, 0x1F3FF, 0x200D, 0x1FA70],
    &[0x1F9D1, 0x1F3FF, 0x200D, 0x1FAEF, 0x200D, 0x1F9D1, 0x1F3FB],
    &[0x1F9D1, 0x1F3FF, 0x200D, 0x1FAEF, 0x200D, 0x1F9D1, 0x1F3FC],
    &[0x1F9D1, 0x1F3FF, 0x200D, 0x1FAEF, 0x200D, 0x1F9D1, 0x1F3FD],
    &[0x1F9D1, 0x1F3FF, 0x200D, 0x1FAEF, 0x200D, 0x1F9D1, 0x1F3FE],
];

/// Map a property-of-strings name to its string set.
pub fn property_of_strings(name: &str) -> Option<&'static [&'static [u32]]> {
    Some(match name {
        "Basic_Emoji" => BASIC_EMOJI,
        "Emoji_Keycap_Sequence" => EMOJI_KEYCAP_SEQUENCE,
        "RGI_Emoji" => RGI_EMOJI,
        "RGI_Emoji_Flag_Sequence" => RGI_EMOJI_FLAG_SEQUENCE,
        "RGI_Emoji_Modifier_Sequence" => RGI_EMOJI_MODIFIER_SEQUENCE,
        "RGI_Emoji_Tag_Sequence" => RGI_EMOJI_TAG_SEQUENCE,
        "RGI_Emoji_ZWJ_Sequence" => RGI_EMOJI_ZWJ_SEQUENCE,
        _ => return None,
    })
}

